Price,Close,High,Low,Open,Volume
Ticker,BND,BND,BND,BND,BND
Date,,,,,
2015-01-02,60.38599395751953,60.41521954734089,60.217948209599584,60.22525600060775,2218800
2015-01-05,60.56130599975586,60.583223785568315,60.42248592399963,60.45171149648557,5820100
2015-01-06,60.736663818359375,60.91931949568728,60.663602662269994,60.663602662269994,3887600
2015-01-07,60.77322769165039,60.84628888441647,60.67824869847566,60.74400209970162,2433400
2015-01-08,60.67819595336914,60.72203151608196,60.61974482028081,60.72203151608196,1873400
2015-01-09,60.780540466308594,60.85360166506463,60.641720286723626,60.64902807886288,1646100
2015-01-12,60.86090087890625,60.88281867802255,60.787834116236766,60.82436749757151,4397900
2015-01-13,60.91931915283203,60.985078094888614,60.80973020641918,60.86817578643641,2223400
2015-01-14,61.05815505981445,61.16774960881252,61.043545054579525,61.109298439452175,2481200
2015-01-15,61.32844543457031,61.34305542977526,61.04350314731858,61.04350314731858,4214500
2015-01-16,61.14582824707031,61.26272500476182,61.06545928744053,61.23349942178644,3631300
2015-01-20,61.08005142211914,61.24809708151126,61.058133634852425,61.15311257107766,3029500
2015-01-21,60.96316909790039,61.226193755643195,60.95586130901595,61.21888596675876,2473900
2015-01-22,60.977779388427734,61.101983928999225,60.91202601078743,61.101983928999225,2157400
2015-01-23,61.17504119873047,61.20426120146256,61.08736446790769,61.109282257061174,6255000
2015-01-26,61.10199737548828,61.18967413917976,61.06546957127503,61.175064132336644,7810500
2015-01-27,61.13855743408203,61.29198765683911,61.10202403971509,61.270069849904296,1154100
2015-01-28,61.357730865478516,61.43809427882549,61.09470610150611,61.10931611096595,1394600
2015-01-29,61.29194641113281,61.35039757310054,61.19696745359247,61.32847978091504,1551300
2015-01-30,61.6280403137207,61.6280403137207,61.45269237903006,61.51844576421018,10474400
2015-02-02,61.554771423339844,61.62798007085599,61.43031616401622,61.45959515465325,6070500
2015-02-03,61.36448287963867,61.48893825742196,61.327875728306125,61.445014144196584,1237200
2015-02-04,61.38643264770508,61.393755193599155,61.17412350050472,61.24001524261944,2945700
2015-02-05,61.25466537475586,61.32055712830079,61.21074126270387,61.26931046908449,2128200
2015-02-06,60.859283447265625,61.07159246327873,60.844643949989305,61.04230788326356,2907700
2015-02-09,60.837379455566406,60.976479946993194,60.80809484760982,60.96183485028098,1384600
2015-02-10,60.72753143310547,60.79342316250269,60.69092988163137,60.76413857004447,1447900
2015-02-11,60.72753143310547,60.80074570698347,60.68360733715059,60.76413857004447,1904000
2015-02-12,60.756839752197266,60.83737101654005,60.734877695643256,60.756839752197266,4662900
2015-02-13,60.61775207519531,60.786131585780616,60.61775207519531,60.786131585780616,1883000
2015-02-17,60.37614440917969,60.61773817554488,60.35418235504948,60.603093082480434,5281500
2015-02-18,60.54450988769531,60.63236366937723,60.390769958850825,60.46397865085317,3813000
2015-02-19,60.493289947509766,60.62506788546907,60.47132788876115,60.57382121989976,1322700
2015-02-20,60.5079345703125,60.67631407637975,60.42008075053768,60.58114329405772,3145800
2015-02-23,60.63235855102539,60.68360518964751,60.58111191240327,60.6177190480468,3952700
2015-02-24,60.88130569458008,60.92522981128065,60.52989600457288,60.63238933385258,2542200
2015-02-25,60.93985366821289,60.954498760329585,60.82272085860981,60.873967510086054,4934600
2015-02-26,60.77145767211914,60.93983708738491,60.76413512805315,60.866628403118725,2187500
2015-02-27,60.82272720336914,60.844689258369065,60.7129113429028,60.7861200547248,4094400
2015-03-02,60.62611389160156,60.882847672148536,60.611440191926484,60.853505869175066,2476100
2015-03-03,60.55280685424805,60.670168556347,60.53813314374767,60.61148490710711,2648100
2015-03-04,60.55280685424805,60.63349547285768,60.523465029628106,60.589479937737366,1425400
2015-03-05,60.589454650878906,60.64813827562733,60.516102918132624,60.567449690692875,1340800
2015-03-06,60.237388610839844,60.37675528086434,60.17136810703392,60.37675528086434,1580000
2015-03-09,60.310691833496094,60.36937543489745,60.281350032795416,60.35470173635898,1982300
2015-03-10,60.54547119140625,60.55280804680094,60.4647825712075,60.479450685615944,3766100
2015-03-11,60.61146926879883,60.655484792562746,60.52344941402974,60.54545437772201,4829700
2015-03-12,60.65544509887695,60.802148491740475,60.62610330102911,60.78748039100441,8421500
2015-03-13,60.596763610839844,60.714125209937556,60.57475866078252,60.596763610839844,2114500
2015-03-16,60.714134216308594,60.78749152254942,60.6407825064445,60.75081286942901,1203700
2015-03-17,60.765499114990234,60.76549911499023,60.692147383226256,60.721489195207525,1471300
2015-03-18,61.13959884643555,61.13959884643555,60.7141509768487,60.83151822213264,5534300
2015-03-19,60.95623779296875,61.11761501282633,60.91956471342488,61.10294690028483,1208100
2015-03-20,61.117584228515625,61.12492107928099,60.99288574739148,60.99288574739148,1011200
2015-03-23,61.14695358276367,61.15429043683439,61.04426001129331,61.14695358276367,1572700
2015-03-24,61.2496337890625,61.28631245503258,61.12493527897015,61.183618905970796,2300500
2015-03-25,61.15428924560547,61.322997711286234,61.13961553774987,61.322997711286234,1559900
2015-03-26,60.95623779296875,61.073605078821615,60.89755415004231,61.066268224360755,2342500
2015-03-27,61.014930725097656,61.095619347310866,60.97825204358944,61.01493072509765,6542300
2015-03-30,61.088260650634766,61.117602466074445,61.0369138727101,61.10293435654414,1634800
2015-03-31,61.15428924560547,61.20563603034046,61.05892693368348,61.10294246087047,1996000
2015-04-01,61.397613525390625,61.42702270619993,61.27997680215341,61.29468419717191,3132700
2015-04-02,61.31675720214844,61.42704025939052,61.29470171254588,61.419686559779905,791200
2015-04-06,61.368221282958984,61.47115063958745,61.309402905105784,61.46379694004849,1768800
2015-04-07,61.40499496459961,61.41970236760615,61.265308291421945,61.31677298348335,977400
2015-04-08,61.36085891723633,61.419677286782424,61.27263136291719,61.404969889781675,3470700
2015-04-09,61.2285270690918,61.3755730089966,61.169708693129884,61.3755730089966,1025400
2015-04-10,61.19911575317383,61.30204510291373,61.169706566215446,61.27998961500216,4290100
2015-04-13,61.213844299316406,61.28001078591019,61.16972769902308,61.24325349643503,6046400
2015-04-14,61.32413101196289,61.456463992974584,61.31677730994075,61.41235299930402,1398100
2015-04-15,61.38294982910156,61.449121935337566,61.36089433010013,61.427066436336126,1022400
2015-04-16,61.368221282958984,61.434387751121896,61.302049205566824,61.39763047188558,1289900
2015-04-17,61.471126556396484,61.50788943045906,61.31673258194233,61.35348984677786,1693900
2015-04-20,61.40499496459961,61.45645965666101,61.331474777259146,61.42705606910942,2463600
2015-04-21,61.3314323425293,61.40495247900177,61.28732138249119,61.37554891179427,1788000
2015-04-22,61.10357666015625,61.31678918624585,61.10357666015626,61.30943548279939,1501300
2015-04-23,61.221153259277344,61.29467900969183,61.12557763665662,61.16234051186387,5518000
2015-04-24,61.31675720214844,61.37557558057479,61.265292523332704,61.3020498029272,1597900
2015-04-27,61.272647857666016,61.34617364400618,61.22853687324588,61.34617364400618,1591400
2015-04-28,61.08150863647461,61.23590272180398,61.066801232596916,61.22119531792629,1217700
2015-04-29,60.890323638916016,60.963843796789334,60.816803481042705,60.8976773374719,1905200
2015-04-30,60.95648193359375,60.95648193359375,60.706506722235275,60.79473425728425,4229900
2015-05-01,60.77159881591797,60.86735809994085,60.71266743190107,60.81579454392759,7173200
2015-05-04,60.683197021484375,60.84525550492698,60.66846698662853,60.82315764264038,1190000
2015-05-05,60.587440490722656,60.712665462692335,60.50641124532912,60.712665462692335,4175700
2015-05-06,60.41798782348633,60.550580565396096,60.36642429163272,60.550580565396096,3938900
2015-05-07,60.54325866699219,60.58745440371721,60.4622294029915,60.476959441897435,3602900
2015-05-08,60.7053337097168,60.80846087013546,60.661132340959696,60.75689728992613,1735900
2015-05-11,60.3885498046875,60.63899973080821,60.34434846125021,60.587436180135974,929200
2015-05-12,60.31489562988281,60.42539058202244,60.219136335365384,60.29279776345623,2139600
2015-05-13,60.28542709350586,60.52115264429802,60.2559670196633,60.48431912198513,2372000
2015-05-14,60.403289794921875,60.44748552563805,60.329628370392776,60.366456272654105,1485300
2015-05-15,60.64638137817383,60.675847073844835,60.50642072873824,60.52115638657715,1402700
2015-05-18,60.42539596557617,60.594822323286074,60.41802813610864,60.594822323286074,3747700
2015-05-19,60.29281997680664,60.38121709508735,60.2265263531027,60.25599205919627,4856500
2015-05-20,60.29281997680664,60.37384926356176,60.24125639614509,60.31491785137462,4097400
2015-05-21,60.48432922363281,60.52116275209737,60.36646642855216,60.40329995701671,2314100
2015-05-22,60.44748306274414,60.46958092720187,60.336993740455526,60.44748306274414,816600
2015-05-26,60.5948371887207,60.63166510507874,60.42541078944625,60.447508663262795,1178300
2015-05-27,60.624263763427734,60.6537238294955,60.506401019136796,60.60952811038888,2564500
2015-05-28,60.63168716430664,60.683250761974804,60.58749140059411,60.646422832217915,1073300
2015-05-29,60.653770446777344,60.74216757293582,60.616942525884944,60.71270186421633,2494300
2015-06-01,60.45148849487305,60.66554205631241,60.42196328315468,60.66554205631241,1362800
2015-06-02,60.281707763671875,60.39980858669923,60.23004006143671,60.3776660902209,1510000
2015-06-03,60.016014099121094,60.17839998966337,59.9495865791864,60.171017276995144,1390000
2015-06-04,60.16364669799805,60.23745693857815,60.08245374395181,60.09721353952367,1111300
2015-06-05,59.927433013916016,60.04552823801619,59.8609998748807,59.986477810286736,4115300
2015-06-08,60.001243591308594,60.03814588534088,59.956958585926344,59.98647816860866,4954500
2015-06-09,59.82408905029297,59.93480154729993,59.79456384063847,59.93480154729993,2883300
2015-06-10,59.6986198425293,59.78719549277089,59.66171754511476,59.72814505927649,1222800
2015-06-11,59.9791145324707,59.98649161411541,59.742918398559205,59.7872034138676,1815900
2015-06-12,59.934818267822266,60.09720415054521,59.87577346339897,59.91267576224359,1785100
2015-06-15,59.942230224609375,60.104616186556804,59.92747042414245,60.067708238346114,2082900
2015-06-16,60.097225189208984,60.09722518920898,59.95698739433017,60.038174732753966,2250700
2015-06-17,60.11934280395508,60.13410822763443,59.86100420315785,60.06767508379563,865700
2015-06-18,60.07509231567383,60.11200026472092,59.934848866929734,60.060332514872414,1210300
2015-06-19,60.244842529296875,60.26698503939238,60.163649571372915,60.19317479528714,1176700
2015-06-22,59.95697021484375,60.1488756962936,59.94220478928,60.0972079695402,1020000
2015-06-23,59.81671905517578,59.956962423006466,59.78719383924516,59.81671905517579,1096000
2015-06-24,59.927433013916016,59.956958227780746,59.846240083627706,59.89790780005129,6836900
2015-06-25,59.84623718261719,59.934807188559255,59.816711970183675,59.905287607484205,2894500
2015-06-26,59.73554229736328,59.7724502351121,59.67649184950942,59.74292501118517,963000
2015-06-29,60.0381965637207,60.08248723784759,59.8462909575038,59.9274839568123,2168400
2015-06-30,59.9791145324707,60.14150043041486,59.96434910646121,59.9791145324707,1547800
2015-07-01,59.83338928222656,59.92953484616564,59.78161772584761,59.8112022784465,5399300
2015-07-02,59.9813346862793,60.04050381937783,59.95175011973003,59.95175011973003,1060100
2015-07-06,60.18842697143555,60.23280664699505,60.07009433619609,60.23280664699505,2210700
2015-07-07,60.24757766723633,60.476850957169255,60.24757766723633,60.417687479000655,4183200
2015-07-08,60.417686462402344,60.469458031602464,60.32153523197508,60.38070435182604,1967800
2015-07-09,60.218021392822266,60.336359690102,60.18843681850233,60.32156458160174,1670900
2015-07-10,59.93696212768555,60.02571582950995,59.87039544064744,59.92216702270853,2038300
2015-07-13,59.79643630981445,59.91477457785688,59.78903875739201,59.80383386223691,2846500
2015-07-14,59.90737533569336,59.95914691583186,59.87779076951721,59.90737533569336,1567700
2015-07-15,60.07745361328125,60.099640615585606,59.892554403843526,59.91474140614788,2631000
2015-07-16,60.07745361328125,60.11443006956315,59.944325956779046,59.959115410756596,1063100
2015-07-17,60.084903717041016,60.14407287561446,60.05531913775429,60.09230127253308,807900
2015-07-20,60.00353240966797,60.07009910695411,59.966555926891324,60.0479120887521,1026900
2015-07-21,60.11445617675781,60.1514382917768,59.981328462439386,59.99612356551839,1422900
2015-07-22,60.13664245605469,60.225396145411864,60.12925054728376,60.14404000750407,1624100
2015-07-23,60.27716064453125,60.30674520417751,60.12184593839674,60.16621995652723,1178400
2015-07-24,60.31415557861328,60.35852960617847,60.27717346052296,60.34373450187075,804300
2015-07-27,60.43247985839844,60.43987740953124,60.358521275105026,60.41769039881104,2022800
2015-07-28,60.3289680480957,60.38813720253415,60.32157049312061,60.35855262531493,1434700
2015-07-29,60.27716064453125,60.33632976382376,60.23278662640076,60.32893221324275,1020500
2015-07-30,60.299407958984375,60.336390106197456,60.232846865220935,60.26243145445472,788000
2015-07-31,60.50642395019531,60.521219048917445,60.4398629339763,60.484236944788975,1589100
2015-08-03,60.64653015136719,60.66135022945,60.50571396495957,60.5501798535682,2085800
2015-08-04,60.43900680541992,60.60946312450955,60.42418107501943,60.594643048468484,1007300
2015-08-05,60.34267044067383,60.37972912086427,60.26114586774342,60.3649033870438,2097000
2015-08-06,60.37970733642578,60.43899894159435,60.342648669605765,60.357474398077244,1173000
2015-08-07,60.505741119384766,60.55761989749763,60.43904225653797,60.47609529555417,1773800
2015-08-10,60.37970733642578,60.483464818291424,60.342648669605765,60.461231879942886,1173300
2015-08-11,60.60944747924805,60.690972012328324,60.55756874495677,60.579801680459035,1424200
2015-08-12,60.587223052978516,60.79473801928826,60.57240297868157,60.71321347475818,1029700
2015-08-13,60.46122360229492,60.58721400525996,60.43899066699025,60.52792240820891,845500
2015-08-14,60.43900680541992,60.527938570385146,60.40936099897837,60.439006805419915,2279800
2015-08-17,60.550167083740234,60.60945869228748,60.520526933825614,60.579812888013855,821900
2015-08-18,60.43900680541992,60.52053135954432,60.41676820981919,60.47605982270229,1083900
2015-08-19,60.653907775878906,60.6761463636953,60.34263539873863,60.379694057408514,1356600
2015-08-20,60.705810546875,60.750276427261134,60.65392614727897,60.676164741831194,1536900
2015-08-21,60.802162170410156,60.839215190210105,60.6761717252427,60.7502834192024,3459200
2015-08-24,60.787330627441406,61.0911958942929,60.72063180556235,60.994851266792296,4751800
2015-08-25,60.587223052978516,60.71321347475818,60.476052705495796,60.71321347475818,5325500
2015-08-26,60.32781982421875,60.57980062801074,60.29076116278682,60.43157729099873,2742500
2015-08-27,60.40937042236328,60.490894989204875,60.29078717809904,60.305612910812215,2671000
2015-08-28,60.43900680541992,60.579817318068,60.40936099897837,60.54276430078563,2723900
2015-08-31,60.357479095458984,60.550168345715015,60.35006623064633,60.53534827044883,3103700
2015-09-01,60.504520416259766,60.556506397616886,60.40797097513439,60.445106247266764,2577700
2015-09-02,60.459957122802734,60.5267938073048,60.40054295921434,60.44510074888239,1934700
2015-09-03,60.504520416259766,60.578785294477505,60.452534434902645,60.541650022345124,2503000
2015-09-04,60.65306091308594,60.67533981389168,60.51195931930019,60.60850311147444,1213800
2015-09-08,60.504520416259766,60.541650022345124,60.45996262253853,60.541650022345124,1194600
2015-09-09,60.48968505859375,60.578806343049116,60.30401996551513,60.31887634594885,4265400
2015-09-10,60.36344528198242,60.47484549157385,60.36344528198242,60.47484549157385,1889000
2015-09-11,60.48968505859375,60.54909924823066,60.46740615399215,60.519392153412205,1411500
2015-09-14,60.504520416259766,60.571357106841624,60.482241519399146,60.56393458525276,905900
2015-09-15,60.25204086303711,60.45256235950278,60.200054857666316,60.44513416843563,1697300
2015-09-16,60.21490478515625,60.25946259468359,60.155490595087116,60.20747659488536,1579000
2015-09-17,60.5565299987793,60.5565299987793,60.170343415860366,60.18519979692221,1833200
2015-09-18,60.727333068847656,60.7347612586875,60.59365398197404,60.6233610752847,1639800
2015-09-21,60.504520416259766,60.653050172695245,60.45996262253853,60.61592056660988,933800
2015-09-22,60.61592102050781,60.73474369333655,60.58621393578886,60.60106464512481,1444000
2015-09-23,60.61592102050781,60.675329523898654,60.563935038761414,60.64562810522676,709000
2015-09-24,60.63821029663086,60.794168268564476,60.62335391870497,60.77931189063859,1454400
2015-09-25,60.52680206298828,60.623345842452835,60.526802062988274,60.60106694458003,1134000
2015-09-28,60.68278121948242,60.72733903079856,60.55653031005387,60.623367027028074,1305000
2015-09-29,60.727333068847656,60.8090261589398,60.67534707206618,60.69020345174586,1256600
2015-09-30,60.84614562988281,60.853573817792274,60.712466577748636,60.74217366333926,4432000
2015-10-01,60.87890625,60.99052987918784,60.87146883815746,60.938439609221994,2023700
2015-10-02,61.10955810546875,61.273266224091074,61.02025812288471,61.14676217348789,1770400
2015-10-05,60.871463775634766,61.03517198375964,60.871463775634766,61.03517198375964,4199900
2015-10-06,60.95332717895508,61.01285486212214,60.8714702275099,60.945884089529045,1925300
2015-10-07,60.95332717895508,60.99797436068381,60.8714702275099,60.92356049866468,1871000
2015-10-08,60.8565673828125,60.997957656118125,60.82680071067384,60.96074789659174,1118100
2015-10-09,60.8491096496582,60.901199894010226,60.78213891152453,60.78213891152453,1197400
2015-10-12,60.95332717895508,60.99797436068381,60.8714702275099,60.90123123038656,864100
2015-10-13,60.990516662597656,61.02028333575824,60.91610281840238,60.975636164723554,971700
2015-10-14,61.21376037597656,61.21376037597656,61.0500465216511,61.07981319311137,786300
2015-10-15,61.09471130371094,61.184011343836914,61.06494462366894,61.13192107311685,2264300
2015-10-16,61.0723762512207,61.13190960013171,61.05005266473223,61.06493316325366,1241200
2015-10-19,61.0723762512207,61.10958601364324,61.00540549175529,61.079819339187736,840100
2015-10-20,60.97562026977539,61.005386935176496,60.94585360437429,60.9756202697754,1348200
2015-10-21,61.087242126464844,61.15421854730984,61.0425949641757,61.087242126464844,943500
2015-10-22,61.1913948059082,61.236041943758416,61.08720868857741,61.08720868857741,1101300
2015-10-23,61.03514099121094,61.07979382294668,61.02026049890587,61.07979382294668,1367100
2015-10-26,61.102176666259766,61.169147462706405,61.102176666259766,61.12450026507531,1512200
2015-10-27,61.11703109741211,61.22865472128139,61.11703109741211,61.21377422089171,929400
2015-10-28,60.94582748413086,61.15418837522807,60.938384401617824,61.15418837522807,2617300
2015-10-29,60.73011016845703,60.87150055091726,60.700343473338215,60.87150055091726,943200
2015-10-30,60.864036560058594,60.864036560058594,60.71520313556661,60.730089316723124,1474100
2015-11-02,60.74398422241211,60.80364086392902,60.7067030883419,60.729072906618114,2939200
2015-11-03,60.639583587646484,60.72906854349274,60.594843954308395,60.69924022487732,3997100
2015-11-04,60.67685317993164,60.729051300395234,60.572456939004454,60.691764490420475,3594400
2015-11-05,60.56499481201172,60.6768495460687,60.48296838631447,60.66193254730479,1715400
2015-11-06,60.32634353637695,60.415822727051946,60.27414544542814,60.3860001229371,1198700
2015-11-09,60.27415466308594,60.34872256310709,60.21449806740259,60.229409371740374,2358300
2015-11-10,60.34126281738281,60.430747709055645,60.28160622293426,60.34872131398038,1421000
2015-11-11,60.348731994628906,60.37856029713227,60.30399238545737,60.34873199462891,1303500
2015-11-12,60.35618591308594,60.44566512463988,60.35618591308594,60.430753819103074,1263900
2015-11-13,60.468048095703125,60.4904235926309,60.40839717139912,60.40839717139912,1583300
2015-11-16,60.468048095703125,60.550074516934906,60.43822547813502,60.4904235926309,949100
2015-11-17,60.535133361816406,60.579872955277885,60.371080600237676,60.42327868899773,1155900
2015-11-18,60.505340576171875,60.5426273853808,60.45314245678037,60.497882076496424,944100
2015-11-19,60.58736038208008,60.62464718721306,60.57244907352751,60.60973018949278,1085500
2015-11-20,60.57243347167969,60.639542876632206,60.55005798086261,60.639542876632206,1273800
2015-11-23,60.594818115234375,60.63209923072854,60.51279169631251,60.55753131057257,1647300
2015-11-24,60.61717987060547,60.66191947892278,60.587351568671636,60.61717987060547,1361900
2015-11-25,60.624637603759766,60.6693772115128,60.60226211071644,60.64700740763628,904600
2015-11-27,60.65445327758789,60.6917400725612,60.63208347627037,60.67682876807157,516000
2015-11-30,60.624637603759766,60.68428851770821,60.59480930220214,60.64700740763628,6285200
2015-12-01,60.85402297973633,60.86149112721217,60.62985313619051,60.65226898036991,1780200
2015-12-02,60.779319763183594,60.831631021310294,60.734488057221476,60.82415717002388,1413700
2015-12-03,60.30857467651367,60.637355749446456,60.28615882170074,60.637355749446456,2510600
2015-12-04,60.54767990112305,60.55515375218973,60.36834738166874,60.42812678844618,3815200
2015-12-07,60.65224838256836,60.74191742970982,60.55511119048727,60.57005318124052,1543300
2015-12-08,60.667232513427734,60.72700621321725,60.607453112760794,60.71206421348923,1687300
2015-12-09,60.64485168457031,60.7195731281154,60.502876951218155,60.607488112357416,2076900
2015-12-10,60.63737106323242,60.68967663796511,60.62242335566304,60.68967663796511,2004100
2015-12-11,60.8017578125,60.83911567731086,60.72703068111884,60.8017578125,1994400
2015-12-14,60.5178108215332,60.71956496294313,60.51034266879947,60.67472754214095,2974600
2015-12-15,60.45051574707031,60.49534743176931,60.390736366887985,60.43556805158699,1806300
2015-12-16,60.38325119018555,60.525225766262764,60.29358783760996,60.42808856734774,2332700
2015-12-17,60.510292053222656,60.54017604092019,60.44303882871527,60.465454669926004,2290500
2015-12-18,60.64485168457031,60.65231983830832,60.54023482255034,60.59254040311997,3211500
2015-12-21,60.57753372192383,60.6970924646591,60.55511788287962,60.66720277897528,3158300
2015-12-22,60.49533462524414,60.5551139927715,60.48039263379943,60.54764014661202,2348600
2015-12-23,60.50285720825195,60.50285720825195,60.390452933525765,60.41293836216612,2538600
2015-12-24,60.54780960083008,60.57028930761871,60.47286962204435,60.51033961143721,1361700
2015-12-28,60.54780960083008,60.607753579893874,60.480364763346465,60.480364763346465,1580600
2015-12-29,60.3604850769043,60.495369066013765,60.330510221866746,60.495369066013765,2586600
2015-12-30,60.39797592163086,60.43544593618733,60.300561887754206,60.34552133152473,2367200
2015-12-31,60.517852783203125,60.55531706664026,60.427928212139086,60.49537306971696,2419700
2016-01-04,60.48786163330078,60.64522530243616,60.47287135026816,60.540316189679245,2750500
2016-01-05,60.56283950805664,60.62278924912087,60.4729148964603,60.517880060819465,1513600
2016-01-06,60.832584381103516,60.832584381103516,60.68271580283091,60.720180088839165,2391100
2016-01-07,60.8400764465332,60.847565873083994,60.67521758850362,60.787621875080106,2792900
2016-01-08,60.91500473022461,60.93748444190119,60.77262560011434,60.80260045472276,1405100
2016-01-11,60.66022491455078,60.81759433983803,60.66022491455078,60.78012434008025,2146900
2016-01-12,60.81758117675781,60.944970000971956,60.69768177717882,60.75763147696832,1645300
2016-01-13,60.96745681762695,61.034895949914684,60.817588267797305,60.84755740406827,2887800
2016-01-14,60.89252471923828,61.04988841731979,60.86254986477719,60.95246871104154,4545800
2016-01-15,60.997413635253906,61.087332451716954,60.96743879072722,61.07234788801212,1773900
2016-01-19,60.9224853515625,60.997419611662615,60.87003079778066,60.997419611662615,3856700
2016-01-20,60.98995590209961,61.15481478955156,60.92251674838956,61.09486506372893,7796900
2016-01-21,60.95248031616211,61.117339188527126,60.94499088896007,61.09485947268099,3062600
2016-01-22,60.93000030517578,60.944990593747264,60.847570869392555,60.93749544946152,3004100
2016-01-25,60.93000030517578,61.01992488524475,60.922510878010016,60.9974451695075,2164700
2016-01-26,61.0199089050293,61.04988375720231,60.93747949083312,61.004924337502025,2659100
2016-01-27,61.0199089050293,61.072363467052455,60.88502492880996,60.959959200683265,1734400
2016-01-28,61.06488037109375,61.094855229179956,60.97496151395475,61.00493637204095,1487600
2016-01-29,61.24473190307617,61.29718647748851,61.1847821845707,61.26721161823577,3634300
2016-02-01,61.12008285522461,61.30031002599095,61.07502749486264,61.217704712448366,2255300
2016-02-02,61.33031463623047,61.36786456846794,61.26273163338133,61.33031463623046,2554600
2016-02-03,61.3753776550293,61.5255659301308,61.24771131894604,61.32281118581223,3238200
2016-02-04,61.420440673828125,61.473007149619924,61.34534652688502,61.38289073569849,1179000
2016-02-05,61.360382080078125,61.42797084379394,61.277776774046536,61.35287094426127,2360200
2016-02-08,61.62317657470703,61.683254165592444,61.46547719561864,61.51804365531477,2519500
2016-02-09,61.615699768066406,61.74336041095813,61.55562214929957,61.73584927628301,2354500
2016-02-10,61.74339294433594,61.75090408296877,61.51810461991156,61.653276468702174,2553900
2016-02-11,61.78093338012695,62.01373282886999,61.74338914791144,61.95365518214148,1887700
2016-02-12,61.57817459106445,61.72836296907101,61.49556926436504,61.6983298769252,1474600
2016-02-16,61.48802947998047,61.525579421647635,61.42795759435639,61.495540614177244,1488800
2016-02-17,61.47300338745117,61.488019924194305,61.322815102756515,61.4354534516196,2158200
2016-02-18,61.68326950073242,61.690780633789046,61.473003609673476,61.473003609673476,1819100
2016-02-19,61.60067367553711,61.69079009809438,61.578146002226966,61.62320134884725,1862600
2016-02-22,61.615699768066406,61.64573284813276,61.55562214929957,61.61569976806641,1596900
2016-02-23,61.65324783325195,61.750875402174486,61.50305950627219,61.533098317531625,2243700
2016-02-24,61.698299407958984,61.9461095363598,61.66074946734125,61.758371291904204,2434300
2016-02-25,61.78842544555664,61.87103075197995,61.75088122493021,61.75838663146472,2407600
2016-02-26,61.72834777832031,61.735858914168034,61.600687115498864,61.66827587949243,1628400
2016-02-29,61.76591491699219,61.818481423918975,61.67579844969503,61.67579844969503,1827800
2016-03-01,61.55897521972656,61.82986226670204,61.49878256327046,61.82986226670204,2546300
2016-03-02,61.521339416503906,61.558959099333144,61.438568077112485,61.5138131836046,2137300
2016-03-03,61.551429748535156,61.656774030629265,61.506278098471384,61.53637728490296,2750500
2016-03-04,61.521339416503906,61.60411075589532,61.438568077112485,61.589058290096716,1147700
2016-03-07,61.50629425048828,61.53639344482413,61.45362209560912,61.48372128994497,1303200
2016-03-08,61.70948028564453,61.79977215402121,61.70195404966781,61.75462621983287,1713100
2016-03-09,61.604087829589844,61.701905857542705,61.58150913929472,61.61913454895509,2010000
2016-03-10,61.57404327392578,61.71700732763293,61.52137109817334,61.67186138865558,1785600
2016-03-11,61.49124526977539,61.62668876890488,61.49124526977539,61.62668876890488,1422300
2016-03-14,61.62669372558594,61.67936588277086,61.551448606869556,61.574021568401015,1534200
2016-03-15,61.56645584106445,61.709425493498614,61.54388289401293,61.68685254644709,1870200
2016-03-16,61.80727767944336,61.80727767944336,61.483718530895395,61.52134395733537,1402900
2016-03-17,61.94269561767578,61.95774233754251,61.83735135611356,61.8599243063295,1571000
2016-03-18,61.995391845703125,62.048063996957595,61.942719694448655,61.995391845703125,1219400
2016-03-21,61.882530212402344,61.927681877711684,61.859957250165046,61.927681877711684,1613600
2016-03-22,61.86747741699219,62.017967644371616,61.84490445696869,61.99539468434812,2150200
2016-03-23,62.0029296875,62.01045592218372,61.87501240205178,61.90510585911665,1234500
2016-03-24,61.92766189575195,62.09319881235721,61.85993729005776,62.09319881235721,1752300
2016-03-28,61.95774841308594,62.03299924229375,61.91260250822706,61.92012873931429,2369600
2016-03-29,62.213619232177734,62.2587651592633,62.01797731341515,62.04055027695794,1841800
2016-03-30,62.1910400390625,62.25875892290756,62.10826868713998,62.175987570985036,1624300
2016-03-31,62.311405181884766,62.39417649940619,62.221113374284755,62.24368632618476,3037600
2016-04-01,62.38153839111328,62.426778809980924,62.230727406803105,62.32121399738921,3027400
2016-04-04,62.38153839111328,62.47956121627678,62.35891242882864,62.41169483512449,1452400
2016-04-05,62.49462890625,62.57757349542949,62.49462890625,62.554953289807784,2149200
2016-04-06,62.464481353759766,62.52480575145528,62.43432490776321,62.509727528457006,1833100
2016-04-07,62.668060302734375,62.698222494624915,62.585115713247866,62.645440097028946,1533400
2016-04-08,62.615299224853516,62.637919438260845,62.562516809285796,62.63037744950779,1402100
2016-04-11,62.607749938964844,62.63791213760973,62.53234731877822,62.57758774031996,1214400
2016-04-12,62.50971603393555,62.57004042053838,62.449391647332696,62.52479425416118,2388000
2016-04-13,62.547420501708984,62.58512468518974,62.43431945696811,62.48710186213075,1749400
2016-04-14,62.49462890625,62.570037262122156,62.472008700628294,62.5474113036506,1617200
2016-04-15,62.63795471191406,62.69073715720545,62.555010047476884,62.57763027362247,1181000
2016-04-18,62.615299224853516,62.615299224853516,62.55497482053274,62.60021524734741,1395400
2016-04-19,62.65299987792969,62.65299987792969,62.53989880689449,62.6153014385353,1163600
2016-04-20,62.47956085205078,62.698232463387676,62.47956085205078,62.66807026670147,2388600
2016-04-21,62.404144287109375,62.4795468855442,62.343819907221715,62.43430647705321,1683900
2016-04-22,62.38153839111328,62.494639438282384,62.36645441625685,62.44939901941474,5115300
2016-04-25,62.306121826171875,62.41168662487656,62.29858559258587,62.373988198396354,2483300
2016-04-26,62.215675354003906,62.336318439346215,62.16289292550666,62.336318439346215,1689600
2016-04-27,62.404144287109375,62.44184270990204,62.245797104541396,62.291037513032386,1456400
2016-04-28,62.51726150512695,62.56250192117567,62.38907073823814,62.419232933220776,1625800
2016-04-29,62.56251525878906,62.5700572473552,62.44940844170372,62.48711263168273,2856900
2016-05-02,62.45219802856445,62.54285806351543,62.42952725558237,62.54285806351543,2443700
2016-05-03,62.6259880065918,62.67887496618652,62.58820913649003,62.67131803931691,1765500
2016-05-04,62.64863586425781,62.71663665896716,62.580640833793154,62.663749713857534,2868300
2016-05-05,62.761966705322266,62.784631715486555,62.61086279473053,62.678857825223396,1270700
2016-05-06,62.73180389404297,62.784690889019664,62.68647383099155,62.76202585749395,1520600
2016-05-09,62.77711868286133,62.814897569045655,62.73178863083912,62.79223254303455,1373200
2016-05-10,62.77711868286133,62.83001142921888,62.73178863083912,62.77711868286133,1889300
2016-05-11,62.79217529296875,62.905506083944914,62.76195336442554,62.81484029831528,2381000
2016-05-12,62.79976272583008,62.8450927585456,62.754426928868284,62.78464887209405,1653300
2016-05-13,62.867740631103516,62.89040564128061,62.77707482615043,62.82996753555659,1397400
2016-05-16,62.73180389404297,62.822469784395935,62.72424696211769,62.822469784395935,3132000
2016-05-17,62.686431884765625,62.80731389343202,62.663766868406064,62.80731389343202,1735900
2016-05-18,62.39176559448242,62.64864342623705,62.34642980445572,62.64864342623705,1685900
2016-05-19,62.45975875854492,62.47487260951534,62.39931488315368,62.4295368208493,1464000
2016-05-20,62.45975875854492,62.53531072066136,62.42198565960931,62.45220759730493,2044000
2016-05-23,62.47488784790039,62.535325973788005,62.4295520481764,62.50510979296751,1310700
2016-05-24,62.44467544555664,62.482448559478016,62.37667461770216,62.474897395242245,2656800
2016-05-25,62.422019958496094,62.48245810285092,62.399349169583594,62.45979307818681,1474800
2016-05-26,62.52772521972656,62.57305521925253,62.45972445619556,62.497503298628565,1571700
2016-05-27,62.505104064941406,62.56554218529041,62.4446601803463,62.557991022900595,2045600
2016-05-31,62.5579948425293,62.62598989366582,62.40688512181517,62.452220920152634,1361400
2016-06-01,62.57993698120117,62.670782451065186,62.534508470234705,62.64049870243236,1625600
2016-06-02,62.70108413696289,62.75407926822234,62.632950015073355,62.64808900570344,1503200
2016-06-03,63.094722747802734,63.11743988387466,62.96602119022465,63.0038773076453,1964500
2016-06-06,62.996307373046875,63.026591112951806,62.935739893237006,63.01145213101573,1603100
2016-06-07,63.003929138183594,63.06449666546982,62.98878436834338,63.049351895629606,1283100
2016-06-08,63.079593658447266,63.08716603832539,63.026598551367336,63.06445467472449,1374500
2016-06-09,63.14018249511719,63.193177620116465,63.11747112383685,63.193177620116465,1611200
2016-06-10,63.20078659057617,63.276493130683605,63.16293043250307,63.20835320135978,1575300
2016-06-13,63.21590805053711,63.27647557623565,63.200769057131055,63.26133080679243,1681500
2016-06-14,63.20833969116211,63.30676337069951,63.19320069679195,63.30676337069951,1524200
2016-06-15,63.352142333984375,63.405137441700276,63.24615211855258,63.26129110245703,1345100
2016-06-16,63.42030715942383,63.52630320225541,63.35974541842393,63.45816330158056,1111400
2016-06-17,63.32944107055664,63.397575173043734,63.28401255953078,63.37486380554804,1860800
2016-06-20,63.18559646606445,63.23859158370679,63.17045747932434,63.20074122883919,2347500
2016-06-21,63.10231018066406,63.215872783985795,63.08717119570367,63.2007337990254,1785100
2016-06-22,63.12501525878906,63.155299001727485,63.07959253239811,63.12501525878906,1337700
2016-06-23,63.01144790649414,63.117438101039035,63.00387552801739,63.041725868336336,1152800
2016-06-24,63.36726760864258,63.53382527572521,63.34455624968264,63.473257801143845,2030400
2016-06-27,63.685272216796875,63.72312257317871,63.60199334630804,63.71555596752326,2465500
2016-06-28,63.760986328125,63.783697699876186,63.685279830275874,63.783697699876186,2971800
2016-06-29,63.73828887939453,63.84427915474298,63.6928603499332,63.83670677049329,2425700
2016-06-30,63.821563720703125,63.904842614045016,63.738284827361234,63.75342381886138,3362300
2016-07-01,63.99903106689453,64.0824722456321,63.9004156080453,64.05212947270097,2531600
2016-07-05,64.21903228759766,64.25695642537343,64.09007401473673,64.17351522005508,3193800
2016-07-06,64.33280944824219,64.33280944824219,64.19626982240977,64.27971102637925,1936800
2016-07-07,64.22663879394531,64.30249288649537,64.15837184683915,64.22663879394531,2032500
2016-07-08,64.39344787597656,64.41620349907569,64.23415272699295,64.32518100667917,1748000
2016-07-11,64.203857421875,64.35556554619384,64.18110178195657,64.33280990627541,2617100
2016-07-12,63.94594192504883,64.12040566056248,63.89284351154993,64.12040566056248,1775400
2016-07-13,64.05974578857422,64.12043136755801,64.04457728747593,64.10526286645974,1352500
2016-07-14,63.961124420166016,64.01422284528734,63.900438852228994,63.94595592182891,1621500
2016-07-15,63.75630187988281,63.91559711531419,63.71837196260699,63.91559711531419,2233900
2016-07-18,63.77906799316406,63.877677692071174,63.71838243047025,63.870090549911,2155800
2016-07-19,63.8776741027832,63.892848386250904,63.801820047325066,63.847331323141255,1559600
2016-07-20,63.809417724609375,63.839760509261204,63.75631929829227,63.839760509261204,1688100
2016-07-21,63.88527297973633,63.89286012286388,63.680460626354154,63.75632048304061,2076000
2016-07-22,63.89279556274414,63.93071966547264,63.78659302815377,63.82452291817095,1612000
2016-07-25,63.85493850708008,63.93079258634659,63.82459571791441,63.89286844036097,1204600
2016-07-26,63.8473014831543,63.92315550316093,63.801790228608475,63.92315550316093,2385100
2016-07-27,64.03691864013672,64.03691864013672,63.87003637791844,63.88521064936858,1575400
2016-07-28,63.99903106689453,64.05971082546462,63.9231712409206,63.9914439268387,1418900
2016-07-29,64.203857421875,64.203857421875,64.05214929755616,64.09007343498888,2757900
2016-08-01,64.00247955322266,64.1772899713364,63.99487758758272,64.0328816171816,3705700
2016-08-02,63.94163513183594,64.03284126623831,63.8808368408315,63.97963913748622,4575700
2016-08-03,63.94163513183594,63.97963913748622,63.8276347120794,63.94163513183594,3472400
2016-08-04,64.05562591552734,64.13162810991747,64.02522387805215,64.04802395650961,1202000
2016-08-05,63.84286117553711,64.0328696909405,63.827663045688716,64.0328696909405,2018700
2016-08-08,63.850406646728516,63.89600679452769,63.7515985950375,63.812402657832806,1843100
2016-08-09,64.03282928466797,64.03282928466797,63.880824887703625,63.8884210485346,2262700
2016-08-10,64.11643981933594,64.13923990128859,64.0328356531118,64.0784358170171,1672200
2016-08-11,63.9492301940918,64.13923860465151,63.90363003110835,64.13923860465151,1760100
2016-08-12,64.0936508178711,64.20005508444301,64.07844689487645,64.15445491265437,1606000
2016-08-15,63.98723602294922,64.08603831176707,63.979634062702715,64.01003610509206,1942500
2016-08-16,63.956844329833984,64.01764842445176,63.926442282525095,64.01004646297514,2163100
2016-08-17,64.05562591552734,64.10122607244227,63.956823642679744,63.98722568015494,2024600
2016-08-18,64.1240234375,64.15442547093956,64.0252153791727,64.08601944605182,1750900
2016-08-19,63.994850158691406,64.040456134383,63.90364980450482,64.0100540834547,1995100
2016-08-22,64.08604431152344,64.10884439580083,64.01764405869127,64.06324422724606,1388100
2016-08-23,64.11643981933594,64.18484006519388,64.08603777720019,64.17724390360742,1668300
2016-08-24,64.10884857177734,64.18485079051841,64.08604848601479,64.16965266620923,2083300
2016-08-25,64.04041290283203,64.13161319545233,64.03281094558221,64.08601304914218,1737800
2016-08-26,63.880863189697266,64.21527422324581,63.88086318969727,64.1316700152088,2874500
2016-08-29,64.10124206542969,64.10124206542969,63.97963968378535,64.01764368976012,1446800
2016-08-30,64.04804992675781,64.11645598846329,64.01765367555326,64.11645598846329,4750700
2016-08-31,64.00247955322266,64.10888387777858,64.00247955322266,64.07088564678048,1911900
2016-09-01,64.0908203125,64.11366544427102,63.8928194870614,63.8928194870614,3108600
2016-09-02,63.9993896484375,64.06792499628196,63.923237325260374,64.06792499628196,1797500
2016-09-06,64.18980407714844,64.23549433090818,63.98418631512433,64.04511052683908,4316100
2016-09-07,64.19738006591797,64.27353237691163,64.1821461176899,64.27353237691163,1849500
2016-09-08,63.953670501708984,64.12882018482244,63.86990124107309,64.09835810731418,3475600
2016-09-09,63.671958923339844,63.82426364024345,63.64149681794862,63.74811128179165,2888900
2016-09-12,63.69478988647461,63.72525198509218,63.59579242350594,63.62625452212351,3191000
2016-09-13,63.512027740478516,63.79379200566696,63.428258415678805,63.79379200566696,2669800
2016-09-14,63.59579086303711,63.66432622570654,63.51202154640708,63.52724969031659,2124500
2016-09-15,63.64909744262695,63.671942563287345,63.512020908613536,63.56532812683814,1817200
2016-09-16,63.7024040222168,63.73286611947562,63.62625168409525,63.702404022216804,1307800
2016-09-19,63.656700134277344,63.71762432129436,63.63385501665853,63.694779203675544,1558100
2016-09-20,63.671958923339844,63.78619036604381,63.671958923339844,63.71003800759201,1260900
2016-09-21,63.85470962524414,63.85470962524414,63.61101865368767,63.62625260756367,1979800
2016-09-22,63.984169006347656,64.0450932015814,63.90040550046507,63.92325062116496,1473900
2016-09-23,63.968963623046875,64.02988783995777,63.95373547384571,63.99180875187518,1441500
2016-09-26,64.07554626464844,64.0983913821272,64.00701091221214,64.0298560296909,1709200
2016-09-27,64.1517333984375,64.17457852831089,64.06796404886616,64.16696735838867,2458100
2016-09-28,64.1517333984375,64.19742946823764,64.10604313869072,64.1517333984375,2284600
2016-09-29,64.1593246459961,64.20501488741785,64.05271020931127,64.07555533002215,2886200
2016-09-30,64.07554626464844,64.1821606862495,63.98415998468315,64.15931556877074,1663600
2016-10-03,64.00762939453125,64.09919086056335,63.96947732838754,64.0534072169533,1509200
2016-10-04,63.79402160644531,63.977138802893684,63.78639002541267,63.96950722186104,1815500
2016-10-05,63.687171936035156,63.8397685556962,63.66428302520479,63.832142799544684,2666100
2016-10-06,63.664276123046875,63.75583175644234,63.61849248516187,63.679533454883696,1148500
2016-10-07,63.71772384643555,63.732981187450605,63.56512133033107,63.72534960634769,1783300
2016-10-10,63.6490592956543,63.65669087772083,63.56512935649695,63.61853878857967,1425500
2016-10-11,63.54985046386719,63.65666929181046,63.54221888438852,63.61851721560664,1476700
2016-10-12,63.58802795410156,63.60329112055636,63.50410382336974,63.55751326357675,1286400
2016-10-13,63.664276123046875,63.74057442460552,63.65664454653483,63.72531127158143,1625500
2016-10-14,63.53455352783203,63.67952435490783,63.526927773596995,63.58796291340947,1379900
2016-10-17,63.67192840576172,63.687191565144836,63.542220656953646,63.58037273422176,1008900
2016-10-18,63.7558708190918,63.76350240027965,63.610905703667726,63.61853146366474,1167300
2016-10-19,63.801612854003906,63.801612854003906,63.71005140306678,63.71768297927496,1546400
2016-10-20,63.76347732543945,63.84740722192802,63.73295683388102,63.80925515218284,1283200
2016-10-21,63.81689453125,63.82452611036962,63.73296462450197,63.78637403596078,1018800
2016-10-24,63.72534942626953,63.82454251675484,63.67194000108159,63.82454251675484,1453900
2016-10-25,63.72534942626953,63.78639043253883,63.679571582162936,63.69483474432564,1462100
2016-10-26,63.61090087890625,63.671936060207116,63.58800613707923,63.62615821893387,1144500
2016-10-27,63.435401916503906,63.48117975233917,63.34384042364366,63.45829083442154,1848200
2016-10-28,63.40489959716797,63.465940609908685,63.38201067268805,63.39726801527754,1574400
2016-10-31,63.47353744506836,63.51931526896848,63.4353853776928,63.488794779305664,1664700
2016-11-01,63.45289993286133,63.50641419347593,63.32293756174258,63.36880526152167,1623500
2016-11-02,63.51406478881836,63.60580019420373,63.45290396348323,63.49877166617591,3138400
2016-11-03,63.475868225097656,63.55231637708299,63.460580927748644,63.498802087431244,2335700
2016-11-04,63.59055709838867,63.63642483295855,63.51410892989842,63.51410892989842,1047000
2016-11-07,63.506439208984375,63.575246618373576,63.49879264513685,63.575246618373576,1290000
2016-11-08,63.39173889160156,63.55228167288869,63.376451602600525,63.54464094469664,2509100
2016-11-09,62.76481628417969,63.154708987955246,62.70365550072208,63.07061436885437,3448800
2016-11-10,62.4973030090332,62.76487439361847,62.48965644586828,62.68077969666042,2836000
2016-11-11,62.382598876953125,62.55843475225025,62.35966503074394,62.47434009440589,1580900
2016-11-14,62.1456298828125,62.306172695364914,62.084469049663554,62.260304986812244,2079400
2016-11-15,62.2297477722168,62.329129788674244,62.20681390938971,62.25268163504388,2098100
2016-11-16,62.3597297668457,62.36737633439206,62.245054584138586,62.28328158924832,1629100
2016-11-17,62.10736846923828,62.290850866955445,62.092081185735935,62.260270467335914,1762200
2016-11-18,61.95454406738281,62.19153514817879,61.92396363234114,62.138020845011255,1561600
2016-11-21,61.94684982299805,62.03859105751432,61.923915972523254,62.00036408497826,2074000
2016-11-22,62.00032043457031,62.09206160449757,61.97738660024175,62.069127770169004,1866900
2016-11-23,61.83983612060547,61.923930814246646,61.694580589294624,61.83983612060547,1642900
2016-11-25,61.8627815246582,61.91629580945419,61.7863333796096,61.855140792987065,942700
2016-11-28,62.008033752441406,62.03096761146218,61.92393904761905,61.93158561149907,1352600
2016-11-29,62.05390167236328,62.10741595445894,61.92393924907657,61.93158581298146,1583600
2016-11-30,61.83983612060547,61.954511233081476,61.77103455269097,61.870416539440306,2372200
2016-12-01,61.61004638671875,61.678984326928095,61.48748225632959,61.648349138510206,2998200
2016-12-02,61.8321418762207,61.94704419893543,61.747880562508236,61.75554227580252,1951400
2016-12-05,61.90876007080078,61.97770382280669,61.694278787540924,61.74023739276042,2479500
2016-12-06,61.9011116027832,61.95473193507356,61.870470578020445,61.93175262754597,2337800
2016-12-07,62.04668426513672,62.09264290186197,61.97008458920107,61.9930639075637,4273100
2016-12-08,61.924102783203125,61.97006725124913,61.87814415933615,61.962405532544956,2323000
2016-12-09,61.74026870727539,61.931770785054894,61.68664835926432,61.893473876006766,2697000
2016-12-12,61.6712760925293,61.732552261520546,61.60999407936362,61.66361437983998,3464800
2016-12-13,61.74026870727539,61.816868369551266,61.64835145021619,61.77857146050314,4372500
2016-12-14,61.4261589050293,61.87810063967554,61.41849719171371,61.86278305721927,2971300
2016-12-15,61.3342399597168,61.479783301524705,61.3265782458913,61.43381886274703,2651200
2016-12-16,61.38787841796875,61.4874573504403,61.303617073501655,61.395540134059495,3080100
2016-12-19,61.54872131347656,61.58702403850345,61.46445999375767,61.54105959963612,2936800
2016-12-20,61.556396484375,61.5640581998904,61.433832412835066,61.45681755938125,5853400
2016-12-21,61.6483268737793,61.66364446245618,61.579383114290074,61.61768585224823,2752300
2016-12-22,61.606101989746094,61.65217797650273,61.56770142804683,61.56770142804683,2851500
2016-12-23,61.63677215576172,61.71356735886754,61.63677215576172,61.71356735886754,2096800
2016-12-27,61.59067916870117,61.59067916870117,61.52924653282481,61.5369219503735,2178300
2016-12-28,61.744319915771484,61.79807717285116,61.5753668623492,61.62144283724561,4097100
2016-12-29,61.91332244873047,61.93636045459005,61.80580784864821,61.85188386036739,3115800
2016-12-30,62.0438346862793,62.07455396047355,61.91328216528055,61.920957589502265,2338200
2017-01-03,62.0515251159668,62.08223853558573,61.82113345510148,61.859534018280144,3312600
2017-01-04,62.097625732421875,62.112982448321816,62.01314914720806,62.082263157416286,3095000
2017-01-05,62.41246032714844,62.42014161121951,62.128317266651905,62.189755821014465,3890400
2017-01-06,62.166690826416016,62.304924597168075,62.166690826416016,62.28188661189291,2287900
2017-01-09,62.32027816772461,62.343316149675566,62.2741963447225,62.33563486932518,1785900
2017-01-10,62.30491256713867,62.34331310791681,62.25115532550921,62.31259384711428,2250700
2017-01-11,62.335628509521484,62.53530076455851,62.25115201158657,62.31259052992098,2327600
2017-01-12,62.351016998291016,62.52764548808164,62.32029772634873,62.4892507924803,2981200
2017-01-13,62.25121307373047,62.320332939431175,62.1360230627382,62.29729493723272,2425000
2017-01-17,62.443172454833984,62.51229228535367,62.36637720022505,62.46621044530642,2188600
2017-01-18,62.1206169128418,62.36636519574938,62.112935631128714,62.36636519574938,1981700
2017-01-19,62.01310348510742,62.08221744442497,61.928626962096196,62.0361414715466,2121300
2017-01-20,62.05918884277344,62.08990811570492,61.913279620226646,61.951674317064345,1836300
2017-01-23,62.22811508178711,62.350992120528886,62.0668433627633,62.0668433627633,1490200
2017-01-24,62.135963439941406,62.24347791977183,62.06684364056486,62.18203940012595,2136000
2017-01-25,61.95169448852539,62.04385233732643,61.91329977918638,62.0054517688833,1897400
2017-01-26,61.97471618652344,61.997760036991224,61.836482379229594,61.91328349591707,2381600
2017-01-27,62.0438346862793,62.082229384695275,62.00543412876086,62.00543412876086,1768700
2017-01-30,62.02843475341797,62.12059252048448,62.01307805512302,62.03611603211491,2699500
2017-01-31,62.15902328491211,62.22045596706765,62.05150876726269,62.05150876726269,2857600
2017-02-01,62.04973602294922,62.142085508265964,61.94969515065523,61.99586695766972,2313400
2017-02-02,62.088226318359375,62.219050373233685,62.0805290588701,62.17287855887539,1745400
2017-02-03,62.103614807128906,62.28831380666685,62.03435708576869,62.226747473487535,2398900
2017-02-06,62.295982360839844,62.34216002944269,62.18055286754909,62.30367961748808,3238100
2017-02-07,62.39607238769531,62.44994147904622,62.2575510283229,62.3037228576835,5239300
2017-02-08,62.56532287597656,62.6037974101102,62.39601848618906,62.39601848618906,2172700
2017-02-09,62.39607238769531,62.50381057039712,62.35759194903441,62.442244217055915,3410400
2017-02-10,62.38068389892578,62.403769815839595,62.2883402312705,62.296031622714324,2011900
2017-02-13,62.31136703491211,62.3421501853577,62.24210347858812,62.31906429034491,1863000
2017-02-14,62.18058776855469,62.311411848571446,62.072849600153845,62.28832593695552,2178300
2017-02-15,62.080543518066406,62.11902395318661,62.02667443167216,62.03437169295422,1503700
2017-02-16,62.195945739746094,62.288295211946284,62.12668803906115,62.13437942494597,3290700
2017-02-17,62.34220504760742,62.372988225142755,62.303724607865554,62.33450778540089,1520000
2017-02-21,62.33450698852539,62.39607334280901,62.25755198131622,62.288335158458025,1811300
2017-02-22,62.37296676635742,62.465310395902776,62.242136839020255,62.465310395902776,1965800
2017-02-23,62.48837661743164,62.48837661743164,62.43450756007109,62.465290717318105,1590500
2017-02-24,62.71925735473633,62.73464600016838,62.58073606069644,62.61151922284839,1703800
2017-02-27,62.58841323852539,62.696151335847205,62.55763008624973,62.688454079956806,2005600
2017-02-28,62.542274475097656,62.650018510721075,62.53458308570925,62.588452167876156,1975700
2017-03-01,62.28628158569336,62.30941246515298,62.23230757271217,62.28628158569336,2954300
2017-03-02,62.170616149902344,62.24001466525225,62.10122351727817,62.23230241182988,2077300
2017-03-03,62.216880798339844,62.216880798339844,62.093508280412536,62.1783254158062,2242600
2017-03-06,62.178314208984375,62.2400004568299,62.12434021280064,62.2400004568299,1880900
2017-03-07,62.06266403198242,62.17061204185986,62.06266403198242,62.14748116584689,1644800
2017-03-08,61.916175842285156,61.9547253472006,61.8467773210754,61.86990820056991,2172700
2017-03-09,61.723384857177734,61.823620587311375,61.70024810463265,61.808201968338416,2761300
2017-03-10,61.846778869628906,61.86220337816226,61.76196172087451,61.79280485521487,3430900
2017-03-13,61.723384857177734,61.8467514571327,61.70796035548101,61.77735884766873,2164600
2017-03-14,61.715694427490234,61.79279931506496,61.700269920339785,61.707982173915006,3620700
2017-03-15,62.10121536254883,62.10892761495848,61.78507772372768,61.80821448095663,2281200
2017-03-16,62.00870895385742,62.093526113610494,62.001002581317785,62.05497660273091,2617800
2017-03-17,62.132049560546875,62.15518043172676,62.04723244440454,62.04723244440454,1293000
2017-03-20,62.25540542602539,62.26311767599603,62.124326590139994,62.13974520735818,1510900
2017-03-21,62.40190124511719,62.40190124511719,62.19371758277182,62.22455481349364,2079000
2017-03-22,62.48675537109375,62.540729380929854,62.417356854032555,62.455912239369425,1339600
2017-03-23,62.4559211730957,62.53302607207271,62.37110401940299,62.50989519065227,1790300
2017-03-24,62.440460205078125,62.50985280228381,62.40190484037094,62.40961708985692,3736700
2017-03-27,62.57155227661133,62.62552626899189,62.52528465262516,62.61010176675518,1870300
2017-03-28,62.4559211730957,62.63326773519684,62.42507803695956,62.63326773519684,1990800
2017-03-29,62.57926940917969,62.57926940917969,62.479027784993676,62.494452288433564,1356800
2017-03-30,62.47907257080078,62.540758863329025,62.43281079276892,62.53304660608083,1403500
2017-03-31,62.51760482788086,62.533023453940025,62.46363081258407,62.46363081258407,2399400
2017-04-03,62.7447395324707,62.7447395324707,62.520656356504986,62.567017579756616,2142600
2017-04-04,62.67524719238281,62.72933729401622,62.6520665624512,62.72933729401622,1983200
2017-04-05,62.729312896728516,62.77567413856048,62.605675058007776,62.644313356452166,2050500
2017-04-06,62.752471923828125,62.767929596037376,62.63656296375713,62.72929131088885,1855300
2017-04-07,62.61343765258789,62.8684364108905,62.59798586210583,62.822075144064506,1608200
2017-04-10,62.67524719238281,62.7370661357864,62.64433772068102,62.68297603415299,1481700
2017-04-11,62.876136779785156,62.90704624213146,62.767956609261674,62.77567955331539,1340500
2017-04-12,63.022926330566406,63.022926330566406,62.845204356229345,62.868384970675486,1801600
2017-04-13,63.11569595336914,63.154334266293915,62.99205806831296,63.06160585250177,1393500
2017-04-17,63.077030181884766,63.15430677409443,63.00748832334761,63.12339731628582,1494600
2017-04-18,63.301109313964844,63.339747603956326,63.14656794474961,63.14656794474961,1782800
2017-04-19,63.18522644042969,63.231593586648245,63.14659402985496,63.231593586648245,1437000
2017-04-20,63.10018539428711,63.161998383864116,63.03836650933676,63.161998383864116,1425700
2017-04-21,63.11569595336914,63.200695525500564,63.10024416542654,63.154334266293915,1241700
2017-04-24,63.030677795410156,63.046129578796496,62.92249762557445,62.96113592710596,2665700
2017-04-25,62.837486267089844,62.94566641659118,62.79884797282108,62.90703401769841,1670900
2017-04-26,62.89930725097656,62.914759031967286,62.79112709791298,62.814307717087146,1876200
2017-04-27,62.94567108154297,62.99976116030229,62.87612922115659,62.91476162291244,1543100
2017-04-28,63.015254974365234,63.04615855534147,62.86843643551899,62.89934591187503,2100000
2017-05-01,62.89754104614258,63.03691782953828,62.827849700670654,62.98271016775559,1478100
2017-05-02,63.00593566894531,63.013674555924446,62.87429779218491,62.905271062743395,1664300
2017-05-03,62.93625259399414,63.06788458048457,62.88979563583236,63.02917241786578,2948400
2017-05-04,62.86655044555664,62.874289331494396,62.78911432580697,62.8278323856818,1216100
2017-05-05,62.90525436401367,62.90525436401367,62.79685089960923,62.8742811016773,1658900
2017-05-08,62.79685974121094,62.8820347477419,62.76588647451362,62.86655106816653,1832300
2017-05-09,62.76593017578125,62.79690346404396,62.719473197162536,62.75819128437859,2532200
2017-05-10,62.758140563964844,62.8742829166467,62.72716730073437,62.82782597557396,1845500
2017-05-11,62.80462646484375,62.80462646484375,62.665249669811644,62.71945142857143,1421500
2017-05-12,62.99045181274414,63.013680290890235,62.91302158307454,62.94399485645195,1510300
2017-05-15,62.974971771240234,63.021428730218716,62.951743291751,62.951743291751,1823500
2017-05-16,63.03692626953125,63.11435651344083,62.99820819380199,62.99820819380199,1760600
2017-05-17,63.37759780883789,63.39308739659749,63.20724778876325,63.20724778876325,1987100
2017-05-18,63.32340621948242,63.408581243175945,63.29243294654407,63.393097560480655,1881800
2017-05-19,63.362117767333984,63.362117767333984,63.26145316375618,63.34662817868487,1394700
2017-05-22,63.30792999267578,63.33890326926191,63.29244040060849,63.33890326926191,1570700
2017-05-23,63.17624282836914,63.36982122542757,63.16850394591838,63.36982122542757,1679500
2017-05-24,63.30792999267578,63.315668881160974,63.168553201812436,63.207265366883746,1568700
2017-05-25,63.30792999267578,63.331158473228264,63.253728235537174,63.315668881160974,1108400
2017-05-26,63.3388786315918,63.3466175170667,63.28467689553668,63.31564425252861,952700
2017-05-30,63.43178939819336,63.43178939819336,63.354359194429094,63.39307725008416,1283300
2017-05-31,63.46281433105469,63.50153241823306,63.416357352481185,63.43184104282212,2290100
2017-06-01,63.47985076904297,63.48761185123622,63.38674146260862,63.402257707023956,1710900
2017-06-02,63.689353942871094,63.71263126779642,63.603999804831076,63.61951604812438,1795200
2017-06-05,63.58847427368164,63.635034841037005,63.572958031210135,63.611757517344536,1916200
2017-06-06,63.70482635498047,63.74362581647443,63.66603281345318,63.712587431272595,3262500
2017-06-07,63.619510650634766,63.70486478143332,63.60399440865786,63.68934853945642,1743500
2017-06-08,63.572959899902344,63.60399830572813,63.47984468242497,63.60399830572813,1827800
2017-06-09,63.51863479614258,63.55743427769176,63.448796913348005,63.472080154259345,1404500
2017-06-12,63.50313949584961,63.5884936553848,63.44882375068833,63.464345917861394,2053900
2017-06-13,63.51863479614258,63.5419121170842,63.464319073955565,63.4798353145934,1515100
2017-06-14,63.751426696777344,63.88333547626905,63.689349887615236,63.79022026252589,2472800
2017-06-15,63.68157196044922,63.72812659502028,63.65053356407892,63.72812659502028,2063400
2017-06-16,63.751426696777344,63.75918185794484,63.681588806477386,63.689349887615236,1376200
2017-06-19,63.65830993652344,63.735902986105856,63.635032613645734,63.704864582278844,1776500
2017-06-20,63.751426696777344,63.79022026252589,63.689349887615236,63.71262721105844,1864100
2017-06-21,63.78250503540039,63.80578829555257,63.70491192815032,63.74371144176266,1249600
2017-06-22,63.80571746826172,63.836749940734585,63.75140176148214,63.813472626395914,1195100
2017-06-23,63.82124328613281,63.84452060396616,63.77468865046612,63.80572704756689,1356000
2017-06-26,63.891090393066406,63.92988987863691,63.867813069712234,63.89885147417457,4665500
2017-06-27,63.67378616333008,63.77466239236581,63.658269931152695,63.77466239236581,2374200
2017-06-28,63.67378616333008,63.70482454765134,63.58843208643823,63.68930831547396,1604300
2017-06-29,63.541934967041016,63.60401179185491,63.46434189600957,63.503135471539366,1548100
2017-06-30,63.49536895751953,63.549684689528846,63.44105322551021,63.526407364377825,1978100
2017-07-03,63.502376556396484,63.634834074657384,63.447834875665684,63.62704665212252,1092500
2017-07-05,63.54132843017578,63.564702583658,63.463406659106376,63.49457417861483,1917100
2017-07-06,63.39328384399414,63.44782551667968,63.346535537291246,63.432244729310874,1827500
2017-07-07,63.377689361572266,63.41665024212447,63.354315211079246,63.39327609163145,2441500
2017-07-10,63.40888595581055,63.46342764683848,63.39330516320191,63.43226606162121,2228800
2017-07-11,63.4712028503418,63.502370371237575,63.40108038677388,63.44003532944602,1931500
2017-07-12,63.61924362182617,63.673785294272605,63.58807610262871,63.65819856237565,1378800
2017-07-13,63.595829010009766,63.61920314838853,63.502326511902076,63.61140978739805,1321400
2017-07-14,63.61924362182617,63.775075273217,63.60365688992922,63.720533600770565,1201700
2017-07-17,63.70494842529297,63.72832257693187,63.62703260496462,63.67378090824242,1432500
2017-07-18,63.8530158996582,63.8686026376091,63.790686781650884,63.814060943978475,1607300
2017-07-19,63.860801696777344,63.89196922438491,63.83742753722119,63.86859506482875,1589100
2017-07-20,63.89979934692383,63.962128493391965,63.86863180138902,63.90758677485642,1646800
2017-07-21,63.969871520996094,64.01662577480298,63.938703999990445,63.938703999990445,1942000
2017-07-24,63.938663482666016,63.96983098392112,63.891915203079876,63.962037622459086,1417400
2017-07-25,63.697166442871094,63.82183653335243,63.68937307606673,63.814043166548075,1385000
2017-07-26,63.8530158996582,63.89197679993669,63.681603394389626,63.70497755671721,1583000
2017-07-27,63.775081634521484,63.81404252355361,63.72833332336057,63.775081634521484,1224000
2017-07-28,63.891971588134766,63.891971588134766,63.76730147309221,63.76730147309221,1867100
2017-07-31,63.884151458740234,63.89194482381533,63.82182237192687,63.86077730811075,2561600
2017-08-01,64.14391326904297,64.15173330750844,63.96395090292177,63.97177691088226,1783600
2017-08-02,64.10485076904297,64.18309301531158,64.10485076904297,64.13614886145056,1336600
2017-08-03,64.23778533935547,64.28473540582172,64.15954318790307,64.19084124238273,1904800
2017-08-04,64.13610076904297,64.16739883798172,64.0422065622267,64.16739883798172,1046700
2017-08-07,64.15960693359375,64.16743294736257,64.0891907181727,64.12830884801792,1257900
2017-08-08,64.07350158691406,64.15174377079539,64.03437751022541,64.15174377079539,1929000
2017-08-09,64.12045288085938,64.2378191545671,64.12045288085938,64.22999314445416,1808600
2017-08-10,64.21435546875,64.22218147988364,64.11264120200231,64.14393927703946,1376700
2017-08-11,64.26912689208984,64.2769529033799,64.12046252506669,64.13611454764677,1153400
2017-08-14,64.22217559814453,64.26911972165222,64.18305151555687,64.22999563906455,2082000
2017-08-15,64.11263275146484,64.15175086298215,64.06568266034877,64.08133468055301,1419600
2017-08-16,64.20649719238281,64.26126730380025,64.07348491743967,64.09695696954793,1594800
2017-08-17,64.32393646240234,64.32393646240234,64.16745195766241,64.19875005251063,1723600
2017-08-18,64.29261779785156,64.39433806593937,64.23784764176557,64.3630399811046,1663100
2017-08-21,64.32393646240234,64.36306057333793,64.29263836755412,64.33176247848971,1258400
2017-08-22,64.24565124511719,64.31606743430827,64.23782523426354,64.30824739295186,1157400
2017-08-23,64.43343353271484,64.43343353271484,64.3160672482387,64.33954528073168,1237800
2017-08-24,64.33954620361328,64.4099623936107,64.32389418172679,64.33954620361328,1540200
2017-08-25,64.41780090332031,64.4334469587453,64.32390666227516,64.34737873016184,1453100
2017-08-28,64.44908142089844,64.46472747205976,64.37865926693043,64.41778334907897,1408700
2017-08-29,64.51952362060547,64.61341787392344,64.46475346521146,64.56646776251485,2054300
2017-08-30,64.51165771484375,64.51948372348899,64.46471360196335,64.50383767569404,1150700
2017-08-31,64.56643676757812,64.5977348369929,64.51166663847637,64.53514466765971,1696700
2017-09-01,64.45985412597656,64.55394681087546,64.41281077458454,64.5382617056682,1471200
2017-09-05,64.72636413574219,64.75772234174485,64.59306484074843,64.6479506744139,2008400
2017-09-06,64.61663818359375,64.78129580108266,64.608795635491,64.74993159078315,1586500
2017-09-07,64.8204574584961,64.85182164986746,64.69500667511848,64.71068577975024,1899100
2017-09-08,64.74991607666016,64.82048104634308,64.72639442009917,64.82048104634308,2702200
2017-09-11,64.55391693115234,64.66368868833416,64.53039526634369,64.62448192557832,1423100
2017-09-12,64.45985412597656,64.54610425827184,64.41281077458454,64.49906090687982,1604300
2017-09-13,64.38140106201172,64.45980858630989,64.37355851494871,64.44412947429451,1594000
2017-09-14,64.42060089111328,64.43628000144342,64.3578724855727,64.3578724855727,1325200
2017-09-15,64.428466796875,64.49119523098301,64.38142346235036,64.45198846413732,1536200
2017-09-18,64.38140106201172,64.4049227210901,64.32651519679193,64.38924360907473,1756300
2017-09-19,64.33439636230469,64.4049613818984,64.33439636230469,64.3814397087005,1220000
2017-09-20,64.27944946289062,64.40490026159794,64.20887852815454,64.39705771726982,1672500
2017-09-21,64.2637939453125,64.36572314004685,64.24811483155003,64.30300070288565,1168200
2017-09-22,64.32652282714844,64.38925124687204,64.30300116527994,64.38140869887874,1394100
2017-09-25,64.46768188476562,64.47552443556958,64.33438843166606,64.35006755116044,2626100
2017-09-26,64.436279296875,64.436279296875,64.36570834588599,64.42843675074067,1446500
2017-09-27,64.24030303955078,64.27950981589473,64.18541714193778,64.23246048785916,1511900
2017-09-28,64.25594329833984,64.25594329833984,64.13833500466676,64.17753577518761,1198400
2017-09-29,64.2637939453125,64.2716364932494,64.16186475057815,64.25595139737561,3001200
2017-10-02,64.23865509033203,64.27008372228799,64.18365648300875,64.2307964337434,3642600
2017-10-03,64.27008819580078,64.28579951567305,64.19937227037803,64.20723092751368,2752100
2017-10-04,64.27008819580078,64.33293946968885,64.22294224738594,64.32508680695224,2616700
2017-10-05,64.22293853759766,64.28579580225386,64.17579858630485,64.28579580225386,2859800
2017-10-06,64.15223693847656,64.20723555359062,64.05009237155083,64.10509098666489,1860000
2017-10-09,64.2150650024414,64.22291766217194,64.15220775821672,64.160066412344,987800
2017-10-10,64.24653625488281,64.34082219257976,64.20725494331003,64.23082492913396,4719400
2017-10-11,64.2779312133789,64.29364852529176,64.23864992239305,64.25436123990777,1249500
2017-10-12,64.3328857421875,64.34074439276,64.24645856907199,64.31717443543651,1723400
2017-10-13,64.46651458740234,64.47436725037332,64.37222868215773,64.4350859523208,1772800
2017-10-16,64.40362548828125,64.44290676692053,64.3564855561556,64.42719545434407,1471500
2017-10-17,64.41148376464844,64.42719507713291,64.34076787247774,64.34862652591809,1381100
2017-10-18,64.30936431884766,64.31722297535106,64.26222436862436,64.28579434373601,1522900
2017-10-19,64.34080505371094,64.43509096629235,64.3093764161838,64.35652236967435,1515800
2017-10-20,64.18367004394531,64.23081000463984,64.14438274709995,64.22295134639079,1935600
2017-10-23,64.23865509033203,64.28579504106668,64.21508511496471,64.21508511496471,2649700
2017-10-24,64.12863159179688,64.17577152321064,64.10505563169383,64.13648425076839,2287200
2017-10-25,64.07366943359375,64.08152209702959,64.00295350187415,64.04224079665165,1576700
2017-10-26,63.995079040527344,64.11293490135593,63.97936772313598,64.10507624546119,1915600
2017-10-27,64.13652801513672,64.13652801513672,64.01867810618592,64.05010075230597,1734400
2017-10-30,64.2857894897461,64.30150080716804,64.19936225793016,64.23079088717215,1542600
2017-10-31,64.24653625488281,64.30939354668078,64.24653625488281,64.30153488660571,1977100
2017-11-01,64.28824615478516,64.34336137251351,64.1858850310695,64.24100024879785,1596000
2017-11-02,64.35120391845703,64.40631910811622,64.3197086662082,64.35120391845703,2373200
2017-11-03,64.4063491821289,64.4063491821289,64.28824343282355,64.38272322658148,1370500
2017-11-06,64.45358276367188,64.47720270979701,64.4063428714216,64.45358276367188,1336700
2017-11-07,64.47720336914062,64.47720336914062,64.4063435300406,64.41421284075787,2450800
2017-11-08,64.42996215820312,64.48507736763355,64.4063422123197,64.45358210408655,2312700
2017-11-09,64.36697387695312,64.39846914159902,64.30398334766132,64.36697387695312,2115800
2017-11-10,64.10716247558594,64.20952361943891,64.10716247558594,64.19377297864182,1724400
2017-11-13,64.11499786376953,64.20948362837616,64.1071225482759,64.20160831288254,1698500
2017-11-14,64.1937484741211,64.1937484741211,64.12288863891146,64.14650858398133,1659300
2017-11-15,64.34337615966797,64.3512514803271,64.2095257440107,64.28038560861411,2859400
2017-11-16,64.2567367553711,64.31972727809604,64.22524149400863,64.2724813824989,1637000
2017-11-17,64.31976318359375,64.35912777694135,64.28826790464953,64.31976318359375,2257700
2017-11-20,64.2803955078125,64.32763542482306,64.24890022743529,64.28827082968442,1528300
2017-11-21,64.33552551269531,64.39851608790704,64.25679029723658,64.35127616005418,1925700
2017-11-22,64.46928405761719,64.47715937006778,64.34330909392415,64.35118440637476,1631900
2017-11-24,64.45358276367188,64.46932739205285,64.4142121820584,64.43783212818354,837000
2017-11-27,64.42996215820312,64.47720204996997,64.39846689465612,64.46145742175013,1516900
2017-11-28,64.42996215820312,64.52444194173682,64.42996215820312,64.48507736763355,1846700
2017-11-29,64.27249145507812,64.3197373580795,64.24887150713135,64.28824209178119,1837400
2017-11-30,64.177978515625,64.3118288229288,64.1386079513099,64.29608420146559,3044100
2017-12-01,64.3499984741211,64.54724590055675,64.1843113582568,64.30266101802094,2384800
2017-12-04,64.35794067382812,64.3658322625561,64.27115125637592,64.31060318049728,1834000
2017-12-05,64.43680572509766,64.44469730981136,64.31057046725542,64.37368508641883,1763900
2017-12-06,64.50782012939453,64.57882633567226,64.4920369594335,64.49992854441402,1509300
2017-12-07,64.4210205078125,64.53937018563566,64.3578998770382,64.4210205078125,1641000
2017-12-08,64.3973159790039,64.4446534160134,64.35786410182179,64.38942439966522,1368300
2017-12-11,64.3499984741211,64.46045655136396,64.33422132859229,64.42890226030634,1780800
2017-12-12,64.34213256835938,64.34213256835938,64.27112034300036,64.33424098342712,2962800
2017-12-13,64.52359771728516,64.57882677349193,64.35001896363086,64.39736245431928,2095400
2017-12-14,64.54727172851562,64.55516331419464,64.39736771771125,64.43681360707403,1998800
2017-12-15,64.55516052246094,64.56305210779867,64.43681082045843,64.5078230494663,2781800
2017-12-18,64.45259094238281,64.53148873348047,64.42103062204063,64.53148873348047,1946900
2017-12-19,64.25531768798828,64.3578841733337,64.19219707261578,64.3578841733337,3307700
2017-12-20,64.12910461425781,64.20011684260935,64.10543587797925,64.12910461425781,2325500
2017-12-21,64.16853332519531,64.2079791982286,64.12118985023622,64.15275016037106,3103400
2017-12-22,64.20008850097656,64.22375722680638,64.16063661158474,64.17641375563356,2566700
2017-12-26,64.26415252685547,64.29579488289016,64.20877991258533,64.25624646421853,1696400
2017-12-27,64.46195983886719,64.48569011444633,64.26419949548544,64.33539635738957,1708000
2017-12-28,64.42237854003906,64.44610880351729,64.37491197791894,64.43819670397,2235000
2017-12-29,64.52526092529297,64.52526092529297,64.43824586937252,64.4698882565407,2531500
2018-01-02,64.34326171875,64.46983115531962,64.2483406764857,64.43027669760089,3104500
2018-01-03,64.39863586425781,64.41445402513993,64.30370879347764,64.41445402513993,2216700
2018-01-04,64.36700439453125,64.36700439453125,64.27207730769486,64.33536203225245,2152400
2018-01-05,64.27996826171875,64.35907112381256,64.23250171633325,64.3511590270547,4257400
2018-01-08,64.28790283203125,64.33536939846599,64.24044230076072,64.33536939846599,2587300
2018-01-09,64.0980453491211,64.25625715561893,64.08222718605296,64.22461479431936,2725200
2018-01-10,64.10592651367188,64.11383860896959,63.931896628084715,63.97935712955016,3411400
2018-01-11,64.10592651367188,64.16921120573274,64.04264182161101,64.08219626293916,3381600
2018-01-12,64.0980453491211,64.16924217083594,64.02685456256955,64.07431508693725,2829100
2018-01-16,64.14552307128906,64.22463201332923,64.09806253419691,64.19298964354614,4300500
2018-01-17,64.07433319091797,64.169260301638,64.05851502338048,64.10597556115798,3674600
2018-01-18,63.947757720947266,63.99522428944432,63.91612138883517,63.931939554891215,2528400
2018-01-19,63.81328582763672,63.916125035944724,63.79746766067807,63.89238873275955,2148300
2018-01-22,63.765830993652344,63.88448837952955,63.765830993652344,63.86075810938718,5473200
2018-01-23,63.93190383911133,63.96354618871077,63.85280098269326,63.900261489511884,2442900
2018-01-24,63.8607177734375,63.87653593181951,63.78160887604287,63.85280567666573,1709700
2018-01-25,64.03477478027344,64.042686881138,63.80537817168334,63.860750807405886,2537700
2018-01-26,63.91610336303711,63.97147598136362,63.852818646331734,63.96356388298476,1590200
2018-01-29,63.82908248901367,63.86072484444283,63.710425164944866,63.80535223123235,2219700
2018-01-30,63.71043395996094,63.77371867955551,63.67087950142357,63.73416422101814,2735100
2018-01-31,63.72627258300781,63.84492996155445,63.62343940702205,63.84492996155445,3082600
2018-02-01,63.549442291259766,63.74763789813353,63.53358325557791,63.71592587521974,2814300
2018-02-02,63.35914993286133,63.509780481515996,63.3195144532061,63.454285971240274,3137600
2018-02-05,63.63667297363281,63.763521125446175,63.264070136699814,63.31956469100497,4349200
2018-02-06,63.43059158325195,63.620857875854945,63.43059158325195,63.60500487166153,3891500
2018-02-07,63.2878532409668,63.50983146024947,63.26407072439405,63.50983146024947,3797200
2018-02-08,63.24031066894531,63.32751730132783,63.12139803247422,63.184816089106945,4639800
2018-02-09,63.08174133300781,63.27993707755647,63.065888334763734,63.113453377950094,3725500
2018-02-12,63.097625732421875,63.216544448022994,63.0659197201549,63.1689793811654,5336200
2018-02-13,63.15305709838867,63.168910087132,63.049991501980315,63.12134507245152,2669400
2018-02-14,62.94696044921875,63.057949566016724,62.90731888673952,63.02623752572398,3509700
2018-02-15,63.0103874206543,63.10551749744375,62.98659885300342,63.002457898104005,1981200
2018-02-16,63.145164489746094,63.200659055461465,63.09759339880861,63.16894701098782,1957800
2018-02-20,63.08174133300781,63.0975943312519,62.978681723285995,63.0975943312519,2294300
2018-02-21,62.84391403198242,63.097604383482555,62.8122080304431,63.07382185810052,2330100
2018-02-22,62.92316818237305,62.994515725637854,62.89145614699348,62.91523866141508,2156000
2018-02-23,63.08964157104492,63.12135360126693,63.01036451971556,63.01828799093258,1660600
2018-02-26,63.12138366699219,63.24029627640056,63.1134541435469,63.18480170919192,2715300
2018-02-27,62.98660659790039,63.1530963496607,62.8993999844847,63.12930777908476,3007200
2018-02-28,63.06583786010742,63.07376132866087,62.99448430398149,63.00241382098421,1947700
2018-03-01,63.17313766479492,63.22874758109651,63.02219992684848,63.09369579308211,2877400
2018-03-02,63.053985595703125,63.11753546422617,62.98248365970251,63.061925541126605,4448000
2018-03-05,63.01425552368164,63.15725332081133,62.96659161164723,63.125475359112905,2229100
2018-03-06,63.03807067871094,63.133404538397706,63.0301246751475,63.061902628376416,1905000
2018-03-07,63.02220153808594,63.1572533295531,62.998369582065436,63.10958941751209,2167700
2018-03-08,63.093685150146484,63.14929505706755,63.04602124736423,63.04602124736423,1479700
2018-03-09,63.01425552368164,63.046033485380065,62.94275965563002,62.98247756198322,2290800
2018-03-12,63.07777404785156,63.08572004882154,62.9983322212203,63.0221641631074,2253900
2018-03-13,63.093685150146484,63.14135511395402,63.05396725150303,63.109577158424095,2471700
2018-03-14,63.22872543334961,63.27639538850051,63.07778774827359,63.07778774827359,1733800
2018-03-15,63.23667526245117,63.26050721095659,63.15723341375827,63.189011365440344,1590100
2018-03-16,63.181060791015625,63.20489273779676,63.13339689745335,63.16517484683624,1492000
2018-03-19,63.1334114074707,63.20490726424609,63.09368744635628,63.11751939861473,1328100
2018-03-20,63.053985595703125,63.07781755402765,63.014261624477555,63.03809358280208,2234600
2018-03-21,63.053985595703125,63.09370350590165,62.871263813503376,62.990429666153034,1760300
2018-03-22,63.15723419189453,63.27639999691436,63.1016242910219,63.18901214396813,2871700
2018-03-23,63.17313766479492,63.19697568123243,63.10164179856128,63.15725171486288,2114500
2018-03-26,63.1334114074707,63.212853268674074,63.11751939861473,63.157243359729165,2303700
2018-03-27,63.34788131713867,63.37965926192533,63.16516571089443,63.16516571089443,1693500
2018-03-28,63.33995056152344,63.45117035389291,63.30817261212872,63.41939240449819,3251800
2018-03-29,63.49884796142578,63.51473390904201,63.36379619309894,63.36379619309894,2157300
2018-04-02,63.490901947021484,63.53868542734521,63.38736297134547,63.419220650304936,2336700
2018-04-03,63.419227600097656,63.46701716188936,63.3555183114281,63.459051222218804,2580800
2018-04-04,63.419227600097656,63.47497702532828,63.37941005420814,63.47497702532828,2226300
2018-04-05,63.33162307739258,63.36348076114349,63.283839589882156,63.36348076114349,1978300
2018-04-06,63.490901947021484,63.50682774838574,63.39532891014308,63.459044268062016,2155900
2018-04-09,63.55458450317383,63.55458450317383,63.387330255902064,63.443085722477875,2052000
2018-04-10,63.4431266784668,63.52276784805835,63.41922885898075,63.474978285318016,1854600
2018-04-11,63.490901947021484,63.55461730494043,63.45107832926441,63.51479368718335,1645200
2018-04-12,63.37139129638672,63.47492412088592,63.35546550655091,63.4430725412143,1397700
2018-04-13,63.419227600097656,63.42719353976821,63.331620492416434,63.347552371757544,1461800
2018-04-16,63.42716598510742,63.42716598510742,63.315667183084585,63.315667183084585,1939600
2018-04-17,63.4510498046875,63.459015739904004,63.38733447541195,63.42715807526623,1588500
2018-04-18,63.24397277832031,63.40325499676972,63.22007497694847,63.40325499676972,1721200
2018-04-19,63.092674255371094,63.156389597314906,63.04489078702795,63.156389597314906,1602300
2018-04-20,62.933372497558594,63.07672894828676,62.933372497558594,63.07672894828676,1576600
2018-04-23,62.901519775390625,62.93337136277531,62.861696176817716,62.90947963412278,2263300
2018-04-24,62.79001235961914,62.869659553524016,62.774086566574844,62.85372768425193,2664000
2018-04-25,62.70244598388672,62.758195404647,62.67058830399068,62.72633772475096,2201300
2018-04-26,62.829837799072266,62.861695462322885,62.79001420095199,62.79798013582164,3297100
2018-04-27,62.92538070678711,62.949272423746436,62.869631341806986,62.869631341806986,1407300
2018-04-30,62.95726776123047,62.997085282685845,62.92541009832942,62.94133589166599,1602900
2018-05-01,62.85990905761719,62.95569777808462,62.84394731584433,62.94771386222647,1410700
2018-05-02,62.867855072021484,62.947675912650645,62.84390942882671,62.91574635841103,1434000
2018-05-03,62.92377853393555,63.01956118018287,62.91579461676678,62.97965377422796,1477700
2018-05-04,62.963687896728516,63.019563138757476,62.88386699239352,62.99561747645144,1342100
2018-05-07,62.931697845458984,62.97959521399074,62.90775220616249,62.97161130424565,1634400
2018-05-08,62.883853912353516,62.9237674011912,62.819994766190575,62.867892170784465,1380900
2018-05-09,62.812015533447266,62.85990684702507,62.780085961080985,62.80403161786989,2260900
2018-05-10,62.93970489501953,62.96365054311965,62.88382968613891,62.931720982339144,1695500
2018-05-11,63.00353240966797,63.01151631834307,62.92371159273086,63.00353240966797,1457800
2018-05-14,62.92377853393555,62.971669857059204,62.91579461676678,62.939740278328614,1519500
2018-05-15,62.62837600708008,62.74811029300921,62.55653908948585,62.74811029300921,1602600
2018-05-16,62.58053970336914,62.684306261028794,62.572555786643285,62.652376684069495,2201300
2018-05-17,62.52463150024414,62.59646844306867,62.50068585263597,62.58050670797686,2036000
2018-05-18,62.692291259765625,62.692291259765625,62.59650252723449,62.59650252723449,1539700
2018-05-21,62.692291259765625,62.708253003548705,62.620448187881216,62.64439993847216,1254900
2018-05-22,62.70823287963867,62.74016244690243,62.66034157371418,62.72420070824168,2225800
2018-05-23,62.8997917175293,62.90776953953379,62.78804131006188,62.79601913206636,1177200
2018-05-24,63.02750778198242,63.0753990767521,62.97163257477086,62.97163257477086,1209400
2018-05-25,63.163204193115234,63.17917201808733,63.09935116304948,63.107328985594656,1039500
2018-05-29,63.60225296020508,63.68207384652944,63.267001583676816,63.282963324964385,2414400
2018-05-30,63.41069412231445,63.498498941573054,63.314905385865664,63.370780626308004,3549700
2018-05-31,63.38672637939453,63.48250899253219,63.314883329598956,63.39470420386111,4272100
2018-06-01,63.4260139465332,63.458092575229465,63.313741805282724,63.37789906267523,3442400
2018-06-04,63.28965377807617,63.4019258650702,63.281638713555076,63.4019258650702,2272100
2018-06-05,63.3458366394043,63.393957653945634,63.28970055441806,63.35385782822358,2760500
2018-06-06,63.16941452026367,63.233571801508376,63.105263357394065,63.233571801508376,2624600
2018-06-07,63.32978439331055,63.44205653494129,63.14533380727556,63.15335499407,3290700
2018-06-08,63.24959182739258,63.313742967589945,63.23354945356353,63.28167045667773,1977000
2018-06-11,63.19340896606445,63.217466390622484,63.14528799857999,63.177366604113494,1725200
2018-06-12,63.18544006347656,63.20949750793925,63.12128279932709,63.12128279932709,1850400
2018-06-13,63.14530944824219,63.2415452975328,63.01700110089185,63.185409248372565,1542800
2018-06-14,63.281673431396484,63.28968850031484,63.20949498251873,63.25760986952175,3920100
2018-06-15,63.28965377807617,63.43400447826418,63.28965377807618,63.393910800549094,1827800
2018-06-18,63.28965377807617,63.32173239127016,63.24153891747013,63.32173239127016,3510300
2018-06-19,63.393924713134766,63.434018399648906,63.36184609290073,63.38590352848345,2767100
2018-06-20,63.24959182739258,63.393942599989295,63.24157064047805,63.393942599989295,2102200
2018-06-21,63.281673431396484,63.35384576190102,63.25760986952175,63.29770968760642,2695400
2018-06-22,63.32173538208008,63.337777748619715,63.265599335931654,63.28965676737096,1509900
2018-06-25,63.31370544433594,63.40192009299592,63.305690380544526,63.35380523677023,4554800
2018-06-26,63.41797637939453,63.41797637939453,63.34579796084143,63.35381914476303,1670800
2018-06-27,63.570377349853516,63.58641972657617,63.49820500972371,63.49820500972371,1762700
2018-06-28,63.52224349975586,63.570358378817005,63.49818606022529,63.54630093928643,1266500
2018-06-29,63.5062141418457,63.59442884195118,63.49819295500715,63.54630783929272,1419000
2018-07-02,63.46681594848633,63.55523272371875,63.43466383636651,63.52308061159893,1800600
2018-07-03,63.595420837402344,63.60345426569139,63.46681239612153,63.46681239612153,1121900
2018-07-05,63.68385696411133,63.6918903948421,63.5793610407126,63.60347359768465,1991900
2018-07-06,63.756195068359375,63.77226806232003,63.69993039091221,63.756195068359375,1331800
2018-07-09,63.699928283691406,63.71600127712036,63.659736601534455,63.67581572735312,1556600
2018-07-10,63.65974044799805,63.69993213258347,63.62759445919781,63.65170701699303,1661500
2018-07-11,63.69189453125,63.69993409489276,63.627596419278696,63.6838610999975,3750100
2018-07-12,63.7401237487793,63.75619674316217,63.659740379694696,63.66777994308117,1807800
2018-07-13,63.796409606933594,63.80444304059695,63.756217909048395,63.76425747510386,4071900
2018-07-16,63.70795822143555,63.75618332682615,63.61954143996026,63.71599165074146,1688000
2018-07-17,63.68385696411133,63.740121641176074,63.67581740099069,63.68385696411133,2432200
2018-07-18,63.65166091918945,63.72399854018677,63.643621361616766,63.69184644228164,2182900
2018-07-19,63.77225875854492,63.796377444552085,63.59543132121552,63.64365642845181,1990100
2018-07-20,63.62755584716797,63.73204557833493,63.595403745488966,63.73204557833493,1607800
2018-07-23,63.4266357421875,63.60346317513623,63.39448362736349,63.58739018391866,1427200
2018-07-24,63.52311325073242,63.539192381248206,63.418623431945825,63.466848558710176,1811100
2018-07-25,63.52311325073242,63.59545707327045,63.466848558710176,63.539192381248206,2075200
2018-07-26,63.52311325073242,63.52311325073242,63.52311325073242,63.52311325073242,0
2018-07-27,63.50700378417969,63.571301872145625,63.49896422353845,63.53915589435665,1376600
2018-07-30,63.43467712402344,63.49898136173288,63.43467712402344,63.450756249645615,2115400
2018-07-31,63.48289489746094,63.56327211134692,63.434663663218686,63.51504087710467,3328200
2018-08-01,63.448246002197266,63.4724157790683,63.36767803031309,63.448246002197266,3168600
2018-08-02,63.48048400878906,63.49659514682252,63.424085805257214,63.48854265127738,2817700
2018-08-03,63.617431640625,63.641601414096996,63.5368636800712,63.56909209368099,2711600
2018-08-06,63.67388153076172,63.74639705700155,63.6577703843453,63.706109970540936,2083800
2018-08-07,63.56105422973633,63.633569720796835,63.54494309113588,63.62551107802492,1886900
2018-08-08,63.5449333190918,63.577161738279955,63.520757394493856,63.561044455214656,2101300
2018-08-09,63.665771484375,63.665771484375,63.5852035234456,63.60132080379632,2603800
2018-08-10,63.794708251953125,63.85110645973066,63.665794550208105,63.665794550208105,2414900
2018-08-13,63.802734375,63.81884550603452,63.73021891799342,63.78661709702499,3315700
2018-08-14,63.7624626159668,63.85108922525879,63.75440397504698,63.81886080852152,2692700
2018-08-15,63.83502197265625,63.89142020398098,63.81084603327749,63.81890467973708,3051300
2018-08-16,63.86722946166992,63.89140539544527,63.80277874576997,63.86722946166992,2226900
2018-08-17,63.93973159790039,63.980018665489624,63.89139203434811,63.91556181612425,1018100
2018-08-20,64.02033233642578,64.0686719247067,63.99616254228532,63.99616254228532,2473200
2018-08-21,63.98808288574219,63.996141530125286,63.939743313332826,63.971971743920605,1883300
2018-08-22,64.02837371826172,64.0686546486519,63.980034143015516,64.0686546486519,2025500
2018-08-23,64.02837371826172,64.06060215074083,64.00420393063861,64.06060215074083,1447500
2018-08-24,64.06056213378906,64.06861462666993,63.931648484401535,63.96387689674842,1845300
2018-08-27,63.98003387451172,64.02031480473285,63.97197522968952,64.00420366203339,2340800
2018-08-28,63.883331298828125,63.93167086079696,63.8591615178437,63.923612218154396,2375800
2018-08-29,63.843048095703125,63.89944630372719,63.80276717393946,63.89944630372719,1560100
2018-08-30,63.891395568847656,63.93973513507411,63.85916714238208,63.90750670860853,1157400
2018-08-31,63.907493591308594,63.99612020916196,63.89943494961031,63.98806156746368,2888300
2018-09-04,63.808956146240234,63.8574105378575,63.77665116464698,63.80087836045561,2400700
2018-09-05,63.82513427734375,63.84936148405454,63.76860207450258,63.833212066763345,2558000
2018-09-06,63.92201232910156,63.94623952181293,63.84125296621551,63.873551782134385,2133300
2018-09-07,63.720123291015625,63.776655472235795,63.68781830724044,63.776655472235795,2481100
2018-09-10,63.76052474975586,63.77668032871278,63.70399254650269,63.72822591493808,1464300
2018-09-11,63.62321472167969,63.70397410844574,63.598987521804496,63.65551970869536,1496800
2018-09-12,63.671669006347656,63.73627898026223,63.66359738076802,63.71205178043082,1088400
2018-09-13,63.7120361328125,63.7847238760009,63.695886724073254,63.76049052057495,1723800
2018-09-14,63.60708999633789,63.6474666246189,63.582862787059554,63.60708999633789,3196000
2018-09-17,63.598976135253906,63.63935890218007,63.54244395848438,63.55859336832775,2375200
2018-09-18,63.45362091064453,63.55860750183517,63.429393709719506,63.55860750183517,2504000
2018-09-19,63.35673904418945,63.445576268355865,63.30828461702586,63.42134905477407,1968700
2018-09-20,63.43744659423828,63.469745408428096,63.340531667036515,63.34860945135602,2297700
2018-09-21,63.477840423583984,63.47784042358399,63.40515882961158,63.40515882961158,1750600
2018-09-24,63.3970947265625,63.46170470951374,63.37286752334256,63.38901693830682,2915800
2018-09-25,63.34864044189453,63.364789856889836,63.3001798738144,63.34864044189454,1698200
2018-09-26,63.5101432800293,63.55052604969137,63.38900113258866,63.39707891883019,1831100
2018-09-27,63.55861282348633,63.55861282348633,63.494009002792595,63.52631399391298,1374700
2018-09-28,63.55861282348633,63.631300593893954,63.52631399391298,63.60707339094043,2577700
2018-10-01,63.439613342285156,63.5286575676718,63.43151672836631,63.48008406006562,2853300
2018-10-02,63.552940368652344,63.58532064798018,63.504366861707176,63.504366861707176,2597600
2018-10-03,63.22915267944336,63.463905105787944,63.15629549669134,63.463905105787944,2300300
2018-10-04,63.0672492980957,63.148196909447066,63.034869018373776,63.115816629725146,3221400
2018-10-05,62.95392990112305,63.04297414713138,62.864891831023016,63.00250341997833,2299100
2018-10-08,62.929595947265625,62.97816942730944,62.91340890451993,62.97007281798491,1885400
2018-10-09,63.05104064941406,63.05104064941406,62.929616174131276,62.929616174131276,4273200
2018-10-10,63.002506256103516,63.02678992867016,62.89726877376993,62.953932735061635,2813100
2018-10-11,63.18058395385742,63.245338344327585,63.05915943587612,63.067256050650215,3245600
2018-10-12,63.164344787597656,63.25338895763211,63.14815774572914,63.15624817871188,2365700
2018-10-15,63.148223876953125,63.22917152287326,63.14012725958826,63.22917152287326,2077800
2018-10-16,63.19676971435547,63.221053382273325,63.11582209599347,63.14010576391133,2367000
2018-10-17,63.08344650268555,63.22105808172084,63.06725944817287,63.18058735748521,1877300
2018-10-18,63.04296112060547,63.1401019623356,62.98629717357299,63.04296112060547,1681500
2018-10-19,63.010562896728516,63.06723300353028,62.97009218946261,63.0510397798997,1716700
2018-10-22,62.98630142211914,63.0834422704016,62.978210983359524,63.04296537297371,1520000
2018-10-23,63.075382232666016,63.212993882268854,63.05919516985257,63.15632989855527,1934300
2018-10-24,63.245338439941406,63.26153166951408,63.180584049373344,63.19677110303848,1615500
2018-10-25,63.17246627807617,63.23722682286342,63.14008600568255,63.18865332632025,1981000
2018-10-26,63.28582000732422,63.382960864204875,63.26963295246477,63.318200292951104,2224400
2018-10-29,63.22915267944336,63.29391324724345,63.18058534154713,63.261532963343406,1900700
2018-10-30,63.14011001586914,63.221057639682286,63.132013400715486,63.15629707026864,2546300
2018-10-31,63.010562896728516,63.13198737033679,63.01056289672852,63.05913639171499,6206300
2018-11-01,63.127464294433594,63.151808642635835,63.00573636208257,63.0138532085966,3784100
2018-11-02,62.892066955566406,63.06248342629237,62.85960579095183,63.04625593965212,2024600
2018-11-05,62.94081497192383,62.981393013798346,62.91647062333509,62.94893181856672,1858900
2018-11-06,62.932682037353516,62.96513702975559,62.908331506045364,62.94890953355455,2024700
2018-11-07,62.9894905090332,63.11121221458199,62.97325682073468,63.05440668821321,2673700
2018-11-08,62.88398361206055,63.01382833968132,62.88398361206055,62.98948400108677,2233100
2018-11-09,63.038177490234375,63.070638674617456,62.94891078101534,62.94891078101534,1697200
2018-11-12,63.135555267333984,63.14366591918435,63.08686039954535,63.119321580958676,1067200
2018-11-13,63.103118896484375,63.11122955152364,63.0219690067136,63.06254085592912,2735900
2018-11-14,63.151790618896484,63.21671298979994,63.02195206842764,63.06252390673875,2905100
2018-11-15,63.15989685058594,63.20858552491354,63.05439646776013,63.19235803058334,2557800
2018-11-16,63.29786682128906,63.31409431936201,63.176138916057354,63.24917813573175,1811300
2018-11-19,63.29786682128906,63.32221116406771,63.24917813573175,63.24917813573175,2495900
2018-11-20,63.257293701171875,63.32221608118195,63.23294935650283,63.281644237179854,1891300
2018-11-21,63.322181701660156,63.32218170166016,63.24103186637573,63.28972052927927,3871300
2018-11-23,63.31404113769531,63.39519713390711,63.29781365325291,63.370846620243626,644500
2018-11-26,63.265384674072266,63.297845850802275,63.232923497342256,63.24915718137546,1520500
2018-11-27,63.30600357055664,63.338464768247384,63.25730867835033,63.25730867835033,2563100
2018-11-28,63.33846664428711,63.37903849909695,63.24108304833044,63.30600544563488,2217500
2018-11-29,63.38713836669922,63.43582705596473,63.33033283210982,63.39525521202311,2395900
2018-11-30,63.41147232055664,63.41147232055664,63.338439298625765,63.37901113591917,2181200
2018-12-03,63.51071548461914,63.51071548461914,63.413092065567824,63.445633205251596,2187500
2018-12-04,63.66530990600586,63.76292715765953,63.57582328759648,63.57582328759648,3204700
2018-12-06,63.779144287109375,63.90930257610528,63.7466031632142,63.77100745448939,4447800
2018-12-07,63.90933609008789,63.933740394160665,63.762904059063224,63.779177732837084,3806000
2018-12-10,63.974422454833984,64.02323106609448,63.8849358631308,63.92561384357349,2712100
2018-12-11,63.982547760009766,64.04763003435225,63.9256023216069,63.990684595949396,4157200
2018-12-12,63.917484283447266,63.9825665769301,63.909347445114626,63.95816226852131,2662400
2018-12-13,63.9662971496582,64.00697513743457,63.93375600075502,63.93375600075502,2587600
2018-12-14,64.023193359375,64.06387131586024,63.99065844208852,64.01506273334576,3490600
2018-12-17,64.14530181884766,64.15343866171072,64.03954768799814,64.04768453086119,2924300
2018-12-18,64.2428970336914,64.26730134494524,64.13713674280501,64.13713674280501,3210700
2018-12-19,64.3568115234375,64.47883933098062,64.26732487834535,64.33240720324729,3117500
2018-12-20,64.26728057861328,64.43811690877855,64.24287627524508,64.42184944206237,3451000
2018-12-21,64.26728057861328,64.3160891853497,64.21847197187688,64.29168488198148,4516100
2018-12-24,64.28194427490234,64.42874419410528,64.20854742639145,64.36349840286373,6031000
2018-12-26,64.14330291748047,64.34719135255054,64.14330291748047,64.32272573589113,5912400
2018-12-27,64.28194427490234,64.4205869146548,64.27378699545187,64.37981296176467,2751800
2018-12-28,64.43692016601562,64.44507122564951,64.28196292241078,64.31458582749512,3495100
2018-12-31,64.60002136230469,64.63264426380002,64.3716672740196,64.38797561367615,5651100
2019-01-02,64.73056030273438,64.73871136743202,64.63269152668148,64.657157165148,4142500
2019-01-03,64.98333740234375,65.04042592856615,64.7305176750992,64.74682601594158,4908400
2019-01-04,64.7876205444336,64.82024345552334,64.70606015561718,64.81208617220489,4583600
2019-01-07,64.68972778320312,64.84468499777705,64.66526216451919,64.81206209880455,4121700
2019-01-08,64.60824584960938,64.68980007709041,64.59193127079993,64.63271149563481,1745400
2019-01-09,64.69789123535156,64.72235685636939,64.61633709123133,64.62448815011571,1989600
2019-01-10,64.56739807128906,64.71419801604132,64.54293245086072,64.64895221344428,2579900
2019-01-11,64.69789123535156,64.75497975845396,64.67342561433372,64.70604229423594,3097100
2019-01-14,64.64083862304688,64.73055009807246,64.63268133744842,64.71423552687554,2395700
2019-01-15,64.64897918701172,64.75500521601484,64.60820521001304,64.72238230110501,1742900
2019-01-16,64.6734390258789,64.68974736921193,64.5837275820882,64.61635049093788,1697700
2019-01-17,64.60002136230469,64.68157550495191,64.57555574172875,64.67342444621475,2394700
2019-01-18,64.55110168457031,64.66527874916606,64.54294440218966,64.60003293448753,3722400
2019-01-22,64.66529083251953,64.75500228892015,64.65713354861461,64.67344811642445,3917700
2019-01-23,64.73056030273438,64.77949157966742,64.63269152668148,64.63269152668148,2536100
2019-01-24,64.86917877197266,64.9099527467493,64.82839857501155,64.85286420431443,2700300
2019-01-25,64.79576110839844,64.84469857819704,64.7631444247768,64.80391839039538,2073100
2019-01-28,64.82022094726562,64.86099490533135,64.79574910580789,64.8039063862938,2938200
2019-01-29,64.95068359375,64.95068359375,64.8691294839776,64.8691294839776,1772300
2019-01-30,65.01593017578125,65.04039578679804,64.84466467648386,64.90175317624966,2961400
2019-01-31,65.31770324707031,65.31770324707031,65.19537515033642,65.22799805019277,3698100
2019-02-01,65.13624572753906,65.31611335527127,65.07901568577034,65.2343570438312,3335000
2019-02-04,65.07897186279297,65.08714935971241,65.02174185956187,65.08714935971241,4078600
2019-02-05,65.21794891357422,65.24248140086857,65.15254766026092,65.16071891842405,2400300
2019-02-06,65.1934814453125,65.2507114920639,65.15260640483709,65.2343627233952,2724700
2019-02-07,65.24251556396484,65.27521308894215,65.20163430133583,65.23433806391806,2474700
2019-02-08,65.34062194824219,65.38968071191968,65.27521442174223,65.2997469223835,1538700
2019-02-11,65.31610107421875,65.34062733927856,65.25069354232224,65.2833973082705,2600900
2019-02-12,65.30794525146484,65.31612275506771,65.25071520146001,65.28341897826387,1541200
2019-02-13,65.20979309082031,65.2506681041162,65.16891183992131,65.2424968440189,1631600
2019-02-14,65.32427215576172,65.39785094371061,65.28339089294236,65.37332468106098,1895800
2019-02-15,65.34878540039062,65.34878540039062,65.29973288486303,65.31608164417099,1917900
2019-02-19,65.40601348876953,65.43053974581126,65.348783476471,65.40601348876953,3792100
2019-02-20,65.38152313232422,65.41422690553847,65.34064185640467,65.38970063502951,1768400
2019-02-21,65.25066375732422,65.26701875163555,65.21796000630425,65.26701875163555,3411400
2019-02-22,65.39781951904297,65.47140450923808,65.29971451558542,65.34058952115875,1936600
2019-02-25,65.37330627441406,65.39783253015804,65.33243126070852,65.37330627441406,2244600
2019-02-26,65.46321105957031,65.50409229278276,65.42232982635787,65.45503356540773,1405200
2019-02-27,65.33244323730469,65.42237077898348,65.28338447922022,65.42237077898348,1323000
2019-02-28,65.25888061523438,65.33246565881262,65.19347307374404,65.33246565881262,4028500
2019-03-01,65.0572509765625,65.21295114801681,65.0572509765625,65.18836822663236,3035000
2019-03-04,65.17200469970703,65.21298042175128,65.12283883486785,65.17200469970703,2531300
2019-03-05,65.22116088867188,65.23755367586459,65.12282917358151,65.13102556717787,1924500
2019-03-06,65.3031005859375,65.36046282677131,65.25392848521184,65.27851766158234,1629000
2019-03-07,65.4916000366211,65.52437936621114,65.38507190446684,65.42604137744101,2322200
2019-03-08,65.57353973388672,65.59812891802994,65.45881521595427,65.5243738696349,4388500
2019-03-11,65.5407485961914,65.58171805443773,65.5325522037359,65.58171805443773,1891100
2019-03-12,65.6964340209961,65.71282680378123,65.57351315816676,65.59810233234447,1958500
2019-03-13,65.6636734008789,65.68826258205677,65.63909047171762,65.67186979460486,1318600
2019-03-14,65.6063003540039,65.6718589889914,65.56533089614838,65.6718589889914,4058400
2019-03-15,65.72923278808594,65.77020850516134,65.67187053539035,65.71284625246575,1639300
2019-03-18,65.68826293945312,65.7210360105021,65.63089443507589,65.69645308120707,5344200
2019-03-19,65.65550994873047,65.70467582703942,65.60633781840241,65.62273061251813,2702400
2019-03-20,65.9422836303711,65.95867016310052,65.69644187532087,65.71283466006585,2528700
2019-03-21,65.95869445800781,65.9996701829475,65.95050431463414,65.97508724879083,1980500
2019-03-22,66.31929016113281,66.36026590419426,66.17178623894041,66.2291485280141,2734000
2019-03-25,66.40117645263672,66.52409732068682,66.27825558458662,66.33561782274133,2034000
2019-03-26,66.41758728027344,66.47494953401217,66.33563584463231,66.3602250265347,3527200
2019-03-27,66.5405044555664,66.63064603658,66.50773138248601,66.52411791902621,2121900
2019-03-28,66.57325744628906,66.5978403673836,66.48311590093276,66.54867452519453,1818300
2019-03-29,66.52410125732422,66.54048778976023,66.43395969888759,66.4421560911133,1937000
2019-04-01,66.26126861572266,66.42556381666654,66.22840832204184,66.42556381666654,4106700
2019-04-02,66.2940902709961,66.35981082626682,66.26123626081784,66.2940902709961,6305600
2019-04-03,66.20369720458984,66.23655746789566,66.16262657604835,66.19548683935417,2177300
2019-04-04,66.26944732666016,66.27766396301969,66.19551640179581,66.2283766797768,1586000
2019-04-05,66.31875610351562,66.326966474303,66.21195860869342,66.22017524693943,2131700
2019-04-08,66.25302124023438,66.32695216612403,66.22016096179766,66.32695216612403,3794200
2019-04-09,66.35160827636719,66.39268519899625,66.31053762119656,66.35982491438469,1919100
2019-04-10,66.4419937133789,66.4584269946626,66.37627939062543,66.38448976380684,3414300
2019-04-11,66.32695007324219,66.39267062804187,66.30230643205657,66.38445399182764,2641800
2019-04-12,66.20369720458984,66.2858509965816,66.19548683935417,66.2694177312015,1821800
2019-04-15,66.22018432617188,66.23661133745752,66.1873240361411,66.19554067551367,1671300
2019-04-16,66.10515594482422,66.17087650450505,66.08872267117525,66.15444323085607,2002000
2019-04-17,66.10515594482422,66.1873035106965,66.09693930799973,66.10515594482422,1797500
2019-04-18,66.19551849365234,66.24480577845279,66.15444157801373,66.21194549943337,1604600
2019-04-22,66.12979125976562,66.19551181116992,66.09693098406348,66.19551181116992,1840100
2019-04-23,66.24482727050781,66.25304390979277,66.18732333043197,66.21196698082741,2643500
2019-04-24,66.41732788085938,66.42554451875753,66.34339694215106,66.37625722628532,1370500
2019-04-25,66.40089416503906,66.44196481546437,66.35160061008789,66.41732117171765,1238100
2019-04-26,66.54875946044922,66.58161973986448,66.52411581775215,66.54875946044922,1622500
2019-04-29,66.40907287597656,66.4747934062759,66.37621887828163,66.45836640742843,1737800
2019-04-30,66.50768280029297,66.50768280029297,66.37624794958353,66.37624794958353,2376200
2019-05-01,66.51181030273438,66.71767823967592,66.46240400829748,66.52004677933748,2035300
2019-05-02,66.36354064941406,66.47883239679801,66.31413438809712,66.46235945463461,2061100
2019-05-03,66.48709869384766,66.52827478903191,66.43769240569858,66.47063202532799,1877500
2019-05-06,66.56941223144531,66.62706124970676,66.55294557093275,66.58588517454487,2261500
2019-05-07,66.66828918457031,66.7012288169095,66.62711935609066,66.66005270583739,3223200
2019-05-08,66.61885070800781,66.75060289115078,66.61885070800781,66.71766327471768,4750500
2019-05-09,66.6847152709961,66.75882467972527,66.5858964434358,66.74235801642591,1926100
2019-05-10,66.6764907836914,66.75883668016662,66.66001783484285,66.69295744995077,4679900
2019-05-13,66.8165054321289,66.86591173271862,66.78356580420522,66.80003875946288,3427000
2019-05-14,66.85768127441406,66.86591146941886,66.8165051690237,66.83297812421648,4478100
2019-05-15,66.95648956298828,66.99766566572677,66.88238011716842,66.9811927115949,1940900
2019-05-16,66.85768127441406,66.89885109721283,66.84120831922128,66.89885109721283,1862700
2019-05-17,66.8741226196289,66.95646851663099,66.83295281242248,66.94823832474324,1615200
2019-05-20,66.79176330566406,66.90704879482658,66.79176330566406,66.87410918612471,2188000
2019-05-21,66.75887298583984,66.80004909776497,66.74240631062536,66.79181261886143,1747000
2019-05-22,66.88236236572266,66.92353217494295,66.80001646469253,66.80001646469253,4000500
2019-05-23,67.12116241455078,67.17880516712258,66.95646434821077,66.95646434821077,5334000
2019-05-24,67.12116241455078,67.13762907989037,67.07998632731857,67.12116241455078,1770100
2019-05-28,67.26117706298828,67.26941354013681,67.17883113927675,67.22823743698542,1910600
2019-05-29,67.24465942382812,67.40935114642464,67.24465942382812,67.3187688142206,3142700
2019-05-30,67.42584991455078,67.450559339035,67.25292163869821,67.31056439731574,2253600
2019-05-31,67.72230529785156,67.72230529785156,67.51643738972602,67.55761348438712,5898700
2019-06-03,67.91465759277344,67.94767471141394,67.71656117830186,67.79910082621738,3787000
2019-06-04,67.79907989501953,67.85685826046,67.70828442113174,67.81559159792798,2906700
2019-06-05,67.79907989501953,67.91463662590046,67.74130152957908,67.83209700346687,7341700
2019-06-06,67.78254699707031,67.89810368108176,67.74127405390895,67.8238136428647,2995300
2019-06-07,67.96417236328125,68.0549678548346,67.9146498396597,67.98068406940227,2490100
2019-06-10,67.82386016845703,67.89815025763536,67.79909890452134,67.89815025763536,2417400
2019-06-11,67.77432250976562,67.83210087850678,67.74956125135797,67.78257836169148,3362100
2019-06-12,67.88983917236328,67.88983917236328,67.79078789983203,67.80729959393699,1904400
2019-06-13,68.00543212890625,68.03844923736771,67.92289250643732,67.93114835789508,1946300
2019-06-14,68.01365661621094,68.03016201414553,67.93111703180473,67.93936658208871,2260700
2019-06-17,68.01365661621094,68.03841786179615,67.93111703180473,67.93111703180473,2792600
2019-06-18,68.17050170898438,68.2778088706131,68.12097920199797,68.2282863636267,3342000
2019-06-19,68.401611328125,68.401611328125,68.0549349383407,68.07970248554277,2496900
2019-06-20,68.5089111328125,68.61621197958264,68.49240573229694,68.52541653332806,2171600
2019-06-21,68.31906127929688,68.40160717021736,68.26953878263845,68.38509547308634,2398100
2019-06-24,68.44288635253906,68.4841593055578,68.38510799673392,68.40986924959778,2803800
2019-06-25,68.4676742553711,68.55022019353827,68.41815173036753,68.50069137116377,2699800
2019-06-26,68.3108139038086,68.45938769588332,68.30255805498014,68.45113184705485,2195800
2019-06-27,68.5089111328125,68.53367238226964,68.36859318764364,68.41811568655793,2021400
2019-06-28,68.56665802001953,68.58316341296187,68.46760677027136,68.47586261542489,2554600
2019-07-01,68.56172180175781,68.62790425642419,68.46243865159595,68.5948161851451,2354400
2019-07-02,68.69410705566406,68.71892627024741,68.55346063161873,68.60309906078542,3127100
2019-07-03,68.8182144165039,68.8513088090444,68.73548159120767,68.76030080758555,1720800
2019-07-05,68.49557495117188,68.5452134005752,68.35492846978778,68.52866935481144,2356800
2019-07-08,68.48727416992188,68.60310138330512,68.47073013034272,68.5700069920371,1761500
2019-07-09,68.39627838134766,68.49556157287473,68.38800951613686,68.49556157287473,1839400
2019-07-10,68.45415496826172,68.51206855396325,68.40451655540538,68.47897417468988,2097200
2019-07-11,68.2308120727539,68.47901058109608,68.19771767588612,68.4293721418498,3024100
2019-07-12,68.28871154785156,68.31353076233508,68.20597872887002,68.23079794335354,2265000
2019-07-15,68.38801574707031,68.38801574707031,68.28045736842179,68.28045736842179,2245900
2019-07-16,68.2969741821289,68.32179339205491,68.22251024024256,68.27214866009457,2294100
2019-07-17,68.50382995605469,68.51209882044537,68.37145238048099,68.3962715978735,2062300
2019-07-18,68.6279296875,68.65275521832109,68.44591997958588,68.47900806312622,3323200
2019-07-19,68.55345153808594,68.60308996066816,68.51208197786163,68.54517636361933,2167300
2019-07-22,68.6279296875,68.6941184788018,68.60311046878945,68.68584330186144,1725500
2019-07-23,68.57000732421875,68.62792093119093,68.52036889313109,68.59483285187233,1799600
2019-07-24,68.6362075805664,68.69412119721966,68.6113883608737,68.62793240329857,2535800
2019-07-25,68.56172180175781,68.62790425642419,68.4458946159564,68.61136022078465,2199000
2019-07-26,68.56172180175781,68.60308504691076,68.52862741837052,68.60308504691076,2413500
2019-07-29,68.60309600830078,68.64446557217198,68.57000161962567,68.63619039697589,1771900
2019-07-30,68.58654022216797,68.62790346684503,68.5368954916041,68.61963460517451,1968800
2019-07-31,68.66928100585938,68.7933833785327,68.48726503421967,68.6030922321524,2628700
2019-08-01,69.16101837158203,69.19418988240999,68.77955548728877,68.80443253870504,3278400
2019-08-02,69.22736358642578,69.26052877148565,69.13614351046367,69.19419207454692,5392400
2019-08-05,69.5259017944336,69.57566223085365,69.40980465415284,69.4595650905729,4284300
2019-08-06,69.70008087158203,69.71666347227546,69.51764062984388,69.55081215805282,4939700
2019-08-07,69.70008087158203,70.07324949199399,69.68349194406652,70.03178350002729,5516400
2019-08-08,69.75810241699219,69.79956206606168,69.48444216049103,69.57566224599141,3244200
2019-08-09,69.63372039794922,69.85762024882877,69.61713147458303,69.79128353582551,2832800
2019-08-12,69.94055938720703,69.99861430337569,69.80787960876623,69.8493455983662,3008000
2019-08-13,69.83274841308594,69.9986060250491,69.76640536830067,69.97372263813888,3299800
2019-08-14,70.08153533935547,70.13958392487864,70.03177488974897,70.0981179380101,3395400
2019-08-15,70.42154693603516,70.50447260008005,70.15618101499794,70.21422961251163,4358100
2019-08-16,70.3469009399414,70.37177800124006,70.14787179590957,70.2971404905228,3913600
2019-08-19,70.12300109863281,70.1893441526644,70.07324697152006,70.10641849853585,3640100
2019-08-20,70.305419921875,70.305419921875,70.22249429300194,70.27224840496179,2568100
2019-08-21,70.27227020263672,70.39666184794117,70.19763901154718,70.23909867543408,2532300
2019-08-22,70.13957977294922,70.29713659471615,70.10640825078225,70.19762835503619,3232600
2019-08-23,70.39664459228516,70.47128209190141,70.08981278598783,70.11469617040682,3100100
2019-08-26,70.3552017211914,70.47959337686365,70.30544758965148,70.42983924532372,2358800
2019-08-27,70.59567260742188,70.60396706950907,70.43811578869017,70.46299284813092,2450800
2019-08-28,70.62057495117188,70.73667214427456,70.60398602254435,70.7283776799608,3352400
2019-08-29,70.57910919189453,70.58740365623598,70.44642306972163,70.58740365623598,2812400
2019-08-30,70.57079315185547,70.62884173085321,70.48786751426164,70.51274457285773,2861800
2019-09-03,70.63561248779297,70.79352446755816,70.51094546907457,70.62730600315226,3345800
2019-09-04,70.76860809326172,70.7769209205818,70.60238325100697,70.61900890564714,2864100
2019-09-05,70.40294647216797,70.56085854696998,70.29490503936395,70.51930073544362,3162800
2019-09-06,70.48604583740234,70.51929081377969,70.41124939617649,70.44449437255383,2764600
2019-09-09,70.16191101074219,70.26995876265754,70.14529169397164,70.20346881391433,2618400
2019-09-10,69.8045425415039,70.12867314846059,69.77961039340434,70.1120538300046,2425900
2019-09-11,69.76294708251953,69.84605630405323,69.73801495014214,69.7463214337165,2030200
2019-09-12,69.62996673583984,69.9624099603212,69.58841529579661,69.93747782812984,3025200
2019-09-13,69.23106384277344,69.5385687004096,69.22275101556374,69.49701724601975,3111300
2019-09-16,69.41387939453125,69.48036930922682,69.32246368785893,69.42219221907501,2971000
2019-09-17,69.57182312011719,69.63000023683007,69.40560459831757,69.46378171503045,2974900
2019-09-18,69.62169647216797,69.84609848072434,69.58014500672378,69.72143140272979,2557800
2019-09-19,69.72142028808594,69.82115520274851,69.69648814462779,69.80452954655644,2631100
2019-09-20,69.97077178955078,69.97907827888072,69.77130191066452,69.8045468904789,2436700
2019-09-23,70.02061462402344,70.19514595892264,70.01230179641026,70.06217242125975,2365800
2019-09-24,70.26165008544922,70.27826940320176,70.07880588601681,70.10373803306106,3043500
2019-09-25,69.92920684814453,70.18684748939214,69.87934255392393,70.1785410009093,3009500
2019-09-26,70.0455551147461,70.12035789052125,70.01231014116051,70.07048725972768,2909900
2019-09-27,70.12034606933594,70.15359103731694,70.03723047896878,70.03723047896878,2778400
2019-09-30,70.1701889038086,70.20343386162848,70.00397045553649,70.02890258869458,5258400
2019-10-01,70.23849487304688,70.3967416338631,69.98029141835285,70.0052837690853,5383100
2019-10-02,70.39675903320312,70.46339260924023,70.31347024042051,70.38010381645762,3741400
2019-10-03,70.6300048828125,70.73827972141197,70.47175166487241,70.48008245385087,3149600
2019-10-04,70.74657440185547,70.77989118623452,70.64662404871827,70.67994083309733,3309600
2019-10-07,70.56334686279297,70.69660766768504,70.55501607669724,70.62998044250295,4701400
2019-10-08,70.59664916992188,70.72990994747583,70.54667081812836,70.72158551761576,3876100
2019-10-09,70.51337432861328,70.61331834290388,70.45506518090662,70.61331834290388,3187900
2019-10-10,70.29681396484375,70.45506076238887,70.25516639181598,70.43840554589423,3683300
2019-10-11,70.03861999511719,70.10525357923149,69.93034518682768,70.08859836046709,3411200
2019-10-14,70.15520477294922,70.17185998526294,70.1052264269563,70.16352920184315,1600400
2019-10-15,69.97198486328125,70.15522402163741,69.93866807498671,70.11357644763733,2408500
2019-10-16,70.04692840576172,70.08857597116122,69.98029484293303,70.00528719488851,2549900
2019-10-17,70.04692840576172,70.13854796601957,69.98029484293303,70.0302731923177,2420600
2019-10-18,70.08026123046875,70.16355002580855,70.07193044457644,70.08026123046875,2467600
2019-10-21,69.91365814208984,70.03858811227336,69.91365814208984,70.00527768990804,2328000
2019-10-22,70.03861999511719,70.0802675738207,69.93867597347405,70.05528156840992,4545600
2019-10-23,70.07192993164062,70.17188029803337,70.063605500337,70.14689429506711,4250400
2019-10-24,70.08026123046875,70.1885360289577,70.0636060132119,70.11357801951021,2353700
2019-10-25,69.96366119384766,70.12191436571136,69.92201361561145,70.12191436571136,2157500
2019-10-28,69.8137435913086,69.83872959815075,69.76377157762428,69.83039881102712,2861600
2019-10-29,69.83036804199219,69.90533238401616,69.81371282961237,69.90533238401616,2729800
2019-10-30,70.05529022216797,70.06362100984342,69.87205102048269,69.91369860433085,2831800
2019-10-31,70.38842010498047,70.39674453437495,70.21351176980264,70.24682219643306,3058400
2019-11-01,70.32583618164062,70.41765677396661,70.2089747674929,70.32583618164062,2771900
2019-11-04,70.12550354003906,70.16723612043153,70.08376459117713,70.15889342543471,2444500
2019-11-05,69.88337707519531,69.9501567938382,69.79990561112395,69.94180773689172,2890600
2019-11-06,70.03365325927734,70.06704313051866,69.8917510828518,69.90844283423908,3147000
2019-11-07,69.67471313476562,69.79992354727965,69.49942110463245,69.79992354727965,3767100
2019-11-08,69.60794067382812,69.77488366231694,69.59959161386364,69.65802229668141,2130600
2019-11-11,69.6496810913086,69.72480352719143,69.59959309891978,69.69976271523048,1926100
2019-11-12,69.69144439697266,69.741532411456,69.59962380030122,69.67475263779137,3072600
2019-11-13,69.81666564941406,69.87509636826589,69.77492669231816,69.8333637796407,2690800
2019-11-14,70.01697540283203,70.0837551646412,70.00863270895734,70.05871434607992,2299700
2019-11-15,69.99195861816406,70.05038933769393,69.95022602905462,69.96691779100424,2342200
2019-11-18,70.09213256835938,70.1505632914514,70.07543443692099,70.10882433132659,3553000
2019-11-19,70.167236328125,70.20062621361949,70.0921138621145,70.1004629256055,3712600
2019-11-20,70.35922241210938,70.36757147510608,70.24236100403198,70.29244264507398,4924100
2019-11-21,70.24235534667969,70.27574522750815,70.17557558502276,70.26739616518388,2779600
2019-11-22,70.28409576416016,70.32583471197042,70.22566505830738,70.3174856487145,3119700
2019-11-25,70.35087585449219,70.37591667590496,70.30914327496069,70.33418409637345,3444700
2019-11-26,70.46776580810547,70.48446394145674,70.40933507831986,70.45107404322611,3207400
2019-11-27,70.35922241210938,70.40930405315137,70.34252428611597,70.37591416963367,2293000
2019-11-29,70.35922241210938,70.37591416963367,70.27575088754968,70.35922241210938,2535100
2019-12-02,70.17518615722656,70.17518615722656,70.06644159261926,70.12499734003823,3745800
2019-12-03,70.5516128540039,70.62690245954037,70.37594561721563,70.40940695499877,3393600
2019-12-04,70.4094009399414,70.50141801545963,70.31738386442318,70.4846905390459,3876800
2019-12-05,70.33414459228516,70.37596649034502,70.25049441406593,70.30068324457757,2850000
2019-12-06,70.24211883544922,70.3508634155388,70.15846866752656,70.19193001111537,4121700
2019-12-09,70.25880432128906,70.3424544392126,70.25044377696315,70.33409389488668,2795100
2019-12-10,70.2086410522461,70.30902505950722,70.18354664595512,70.3006581300445,2700500
2019-12-11,70.4428482055664,70.47630953380785,70.30064234711216,70.32573674776928,2581800
2019-12-12,70.10826110839844,70.40104621768866,70.02461095521448,70.39267928774099,4645900
2019-12-13,70.42613220214844,70.45959353583942,70.15008098577054,70.29228686738455,3877700
2019-12-16,70.23373413085938,70.3257512069183,70.21700665434734,70.30902373040627,2876500
2019-12-17,70.24211883544922,70.3508634155388,70.2170244232823,70.33413593479376,3282700
2019-12-18,70.15010070800781,70.25884528650367,70.09991188440951,70.25884528650367,3786100
2019-12-19,70.20027160644531,70.25882734639106,70.12498839027093,70.16681027189102,3240600
2019-12-20,70.21697998046875,70.23370745062638,70.1165960132389,70.15842426177501,3646300
2019-12-23,70.17255401611328,70.25639731308772,70.11386754603848,70.24801170412118,4192500
2019-12-24,70.23963165283203,70.25640287209214,70.09710827085121,70.11387309376529,1682800
2019-12-26,70.30673217773438,70.30673217773438,70.18935918081785,70.27319612199413,2036400
2019-12-27,70.40730285644531,70.41568206865739,70.36538121000413,70.39053163933076,1940300
2019-12-30,70.38216400146484,70.38216400146484,70.1977253405284,70.2228757762767,2562000
2019-12-31,70.30673217773438,70.35703306317042,70.23127445323169,70.29834656471216,5931300
2020-01-02,70.39897918701172,70.5163522247011,70.36544311962179,70.40736480294692,5511000
2020-01-03,70.65045928955078,70.66723051410779,70.50793586255647,70.5750079680884,5368300
2020-01-06,70.56661987304688,70.68399285542417,70.5163189938417,70.67561363978851,3710400
2020-01-07,70.50791931152344,70.59175622558443,70.48276887693979,70.59175622558443,3029900
2020-01-08,70.39897918701172,70.59180357906534,70.34029266816704,70.53311706022066,3674400
2020-01-09,70.4827880859375,70.50793852737552,70.30672859952313,70.348650266152,5886600
2020-01-10,70.60015106201172,70.62530149988206,70.5079285255889,70.55823579767694,4525700
2020-01-13,70.55821990966797,70.57498473235736,70.50791264890789,70.57498473235736,3735700
2020-01-14,70.65884399414062,70.6672296063114,70.57500706147671,70.59177188947031,3492300
2020-01-15,70.76782989501953,70.76782989501953,70.68398657532975,70.75944428378111,2594300
2020-01-16,70.72589874267578,70.78458522077365,70.68397708845741,70.73428435278873,4784100
2020-01-17,70.71753692626953,70.72592253920392,70.63369998597132,70.65046481549155,3090600
2020-01-21,70.89356231689453,70.91871274725068,70.77618937766884,70.8348758472817,2910600
2020-01-22,70.95226287841797,70.95226287841797,70.89357639714933,70.91872683250065,4192100
2020-01-23,71.0780258178711,71.1199474769297,71.02772494407847,71.0780258178711,3104800
2020-01-24,71.1869888305664,71.26244010867147,71.09476633754176,71.11991676357678,4548400
2020-01-27,71.4217529296875,71.43013214294531,71.34629523594516,71.40498171047987,3208600
2020-01-28,71.2960205078125,71.37985744554689,71.24571962444153,71.37147183286895,3993400
2020-01-29,71.49723815917969,71.53915983074849,71.37986515440586,71.40501559880754,4177500
2020-01-30,71.51399993896484,71.63975214436067,71.45531344433074,71.56430082112317,4795700
2020-01-31,71.69839477539062,71.7487020231202,71.58102185792875,71.59779307262002,6264000
2020-02-03,71.63373565673828,71.66734361987596,71.49090021088725,71.6001276936006,6030800
2020-02-04,71.415283203125,71.44889116442818,71.34806728051866,71.44048757158659,4180900
2020-02-05,71.29766082763672,71.36487675239634,71.27245645836771,71.32286519690572,3537200
2020-02-06,71.36487579345703,71.38167656938948,71.28925627660271,71.3396714245267,3435700
2020-02-07,71.58334350585938,71.60855429386021,71.50773037205366,71.55813912792414,4169700
2020-02-10,71.69257354736328,71.74298230500823,71.6421583796525,71.70937432988966,2785500
2020-02-11,71.57490539550781,71.68412644079967,71.56650180431245,71.65892207727555,3799400
2020-02-12,71.49090576171875,71.52451372746589,71.45730420603566,71.49930935567154,4127500
2020-02-13,71.5580825805664,71.60849770666293,71.49927027517091,71.5328782225484,2852500
2020-02-14,71.63373565673828,71.70094517295011,71.62533206343798,71.68414439641303,3069000
2020-02-18,71.74292755126953,71.81014345020793,71.68411524221365,71.77653550073873,3645200
2020-02-19,71.73455810546875,71.77656966481707,71.68414936230195,71.71775732776781,3109600
2020-02-20,71.9109878540039,71.9109878540039,71.79336319178482,71.81857397088606,8404000
2020-02-21,72.08740997314453,72.19663101008167,72.02859765939968,72.05380202099583,6561500
2020-02-24,72.3143081665039,72.41513209618822,72.30590456984702,72.39832490287445,6314500
2020-02-25,72.37307739257812,72.46549767052812,72.31426507116106,72.33106584439638,7928900
2020-02-26,72.33111572265625,72.49915562119828,72.25550257586237,72.32271853527918,8015900
2020-02-27,72.41512298583984,72.57475284184146,72.35631063677288,72.47393533490681,9514600
2020-02-28,72.89402770996094,72.98644803432295,72.59156235933352,72.69237986949899,16377200
2020-03-02,72.84602355957031,73.16593393789722,72.82076882925428,73.09016332407771,10154400
2020-03-03,73.28377532958984,73.67944337719838,72.85442575280807,72.87968047681821,9323900
2020-03-04,73.2669677734375,73.57845783077573,73.24171303798059,73.46059811672833,7445600
2020-03-05,73.54475402832031,73.66261369640495,73.4774038114519,73.56158837110232,5385000
2020-03-06,74.04986572265625,74.30242581736155,73.79731205082095,74.26033032728733,10176200
2020-03-09,73.8899154663086,75.19479867067581,73.8478263963141,75.14428921753426,12445600
2020-03-10,72.8965072631836,73.82255653337376,72.8965072631836,73.61209195794311,14177600
2020-03-11,71.51591491699219,73.443772674709,71.44857108267438,73.05651833016694,10511600
2020-03-12,67.62651062011719,71.46538422020136,64.39376988619989,70.27836679822676,16986900
2020-03-13,70.48043823242188,71.09499172065122,68.6115101790265,68.77146544826066,14137500
2020-03-16,71.22124481201172,71.26334031620586,66.93618710738252,68.45994930070196,8411000
2020-03-17,69.74798583984375,71.32226378180187,69.6974763776314,70.33729073143144,13629700
2020-03-18,68.06426239013672,69.59644469213312,67.60965800301194,68.56096227385251,10076800
2020-03-19,68.02223205566406,68.6788812631459,66.99516271149952,67.12985685573543,11007200
2020-03-20,69.17549896240234,69.49540924550416,67.92955220329154,67.93796616231144,8864500
2020-03-23,70.70767211914062,70.70767211914062,68.35888684750404,68.36730722834776,10973300
2020-03-24,70.78346252441406,70.91815654129196,69.65536882156803,69.83215833158494,9371200
2020-03-25,71.73474884033203,72.10516856762389,70.83396066767456,70.83396066767456,9655500
2020-03-26,72.06307983398438,72.1388504320622,71.59164117170475,71.60006155435119,10803800
2020-03-27,72.4503402709961,72.51769049231429,71.73476183238445,71.86946227502084,4975200
2020-03-30,72.52613830566406,72.87971746700515,72.41669254891107,72.41669254891107,6030800
2020-03-31,71.85262298583984,72.75341134016513,71.85262298583984,72.6102969340739,8523900
2020-04-01,72.22386932373047,72.78073870568241,72.1816863457408,72.66261606778976,5995000
2020-04-02,72.5613784790039,72.71325138912246,72.46856689853134,72.66262923148365,6356100
2020-04-03,72.52761840820312,72.6710521268941,72.41793493576907,72.60355807158152,4151200
2020-04-06,72.75540161132812,72.81446290915187,72.56133938293657,72.81446290915187,4373100
2020-04-07,72.82293701171875,72.89043751535117,72.6120027657692,72.75544294528866,6009600
2020-04-08,73.00855255126953,73.00855255126953,72.73011783077425,72.81449667010129,4572300
2020-04-09,73.81007385253906,73.81007385253906,73.19414335848063,73.19414335848063,5070700
2020-04-13,73.5738296508789,73.73414166632051,73.35446276755819,73.73414166632051,7018100
2020-04-14,73.5738296508789,73.73414166632051,73.49789644600622,73.73414166632051,5818300
2020-04-15,73.93666076660156,73.95353910910053,73.57385364929246,73.60760389708884,3922500
2020-04-16,73.97883605957031,74.08008678362587,73.82696319208715,73.93664664858042,3459600
2020-04-17,73.8775863647461,74.13070995981123,73.75946373696915,74.00414816227865,3528300
2020-04-20,73.75948333740234,73.8607340897743,73.69198283582105,73.85229491777609,3705200
2020-04-21,73.852294921875,74.00416783184028,73.77636168549343,73.99572865984162,4513000
2020-04-22,73.79322814941406,73.84385030326797,73.68354467033005,73.78478897803787,3240100
2020-04-23,73.91132354736328,73.97038485081636,73.82695117631592,73.88601247976901,2587200
2020-04-24,73.88603973388672,73.92822915357232,73.80166733171717,73.87760056250926,2272600
2020-04-27,73.62446594238281,73.86915035684305,73.60758760361996,73.8522720180802,3117300
2020-04-28,73.84386444091797,73.86918195989371,73.7426201138266,73.82699253213704,3118800
2020-04-29,73.8944320678711,74.00411547744939,73.81005971918027,73.94505418964607,4867500
2020-04-30,73.83543395996094,74.01261797498468,73.8269947867113,73.98730689243887,5390100
2020-05-01,73.80498504638672,73.9317925710155,73.6866270567154,73.87261357617984,4857100
2020-05-04,73.88106536865234,73.90642687213892,73.77961290467974,73.83879189615718,7276600
2020-05-05,73.81343078613281,73.8641602434027,73.78806928251105,73.81343078613281,3625600
2020-05-06,73.48370361328125,73.78805449580493,73.43298061620233,73.75423701441062,5006600
2020-05-07,73.72039794921875,73.754215420712,73.52595555066151,73.7034924384837,3425600
2020-05-08,73.50908660888672,73.69507958593482,73.46681958230202,73.6612620946509,3078900
2020-05-11,73.28080749511719,73.5259794054696,73.2385340295296,73.49216192300459,4344300
2020-05-12,73.51754760742188,73.61054410228742,73.36537211128076,73.44146308436501,3942700
2020-05-13,73.6020736694336,73.71198211453448,73.55980664826305,73.66970864333781,2628900
2020-05-14,73.80498504638672,73.80498504638672,73.70353257665701,73.74580605155106,2844700
2020-05-15,73.84724426269531,73.98251420803157,73.7880652741172,73.98251420803157,2871300
2020-05-18,73.7120132446289,73.88109430076972,73.61056074092711,73.88109430076972,3573700
2020-05-19,73.80498504638672,73.81343458134418,73.6866270567154,73.77961709143428,3083000
2020-05-20,73.99942016601562,74.0332376525507,73.77960972855071,73.8641566699014,4388600
2020-05-21,74.07550048828125,74.13467946871484,74.0247710407488,74.05858852242874,5762200
2020-05-22,74.10086822509766,74.12622972598633,74.06705074057086,74.12622972598633,3710300
2020-05-26,74.0585708618164,74.1093002972515,73.99939189549512,74.1093002972515,5193900
2020-05-27,74.0924301147461,74.2107881141285,74.0332511150549,74.18542660712187,7606400
2020-05-28,74.11775207519531,74.11775207519531,73.97403264548977,74.0163061012967,7381900
2020-05-29,74.3291244506836,74.34603641711058,74.08395253769488,74.16004348656568,6196500
2020-06-01,74.26898956298828,74.26898956298828,74.15887591536384,74.19275206659614,4345600
2020-06-02,74.32829284667969,74.32829284667969,74.22664499151894,74.26052760990586,5445500
2020-06-03,74.15886688232422,74.2689805165361,74.0826293952183,74.22662563898315,5036400
2020-06-04,73.98101043701172,74.2351268766022,73.94713427668586,74.20971652513305,6341700
2020-06-05,73.9725341796875,73.9725341796875,73.71841777599043,73.86241405560942,6465600
2020-06-08,74.04878234863281,74.10807532821504,73.87937568195505,73.93019638946836,4491000
2020-06-09,74.0995864868164,74.21817240912173,74.0995864868164,74.19275560081509,5445200
2020-06-10,74.41300201416016,74.41300201416016,74.11653715801792,74.23512310047481,3951600
2020-06-11,74.2774429321289,74.48920436691094,74.26897066525271,74.48920436691094,5026500
2020-06-12,74.35368347167969,74.4638035678387,74.2774524473668,74.39603834904037,4087300
2020-06-15,74.50617980957031,74.59088313348002,74.3621835126789,74.42147648566062,4486100
2020-06-16,74.41300201416016,74.61629127802209,74.35370904293171,74.61629127802209,9338500
2020-06-17,74.42992401123047,74.48921696449919,74.29439356807497,74.48074469619017,3900300
2020-06-18,74.51461029052734,74.5400206272044,74.43837281805047,74.4891999538503,2988600
2020-06-19,74.5400619506836,74.5570000303765,74.48924124915555,74.48924124915555,2606400
2020-06-22,74.51461029052734,74.67555103940963,74.49766575777882,74.64166843635832,3048400
2020-06-23,74.48072052001953,74.55695152271478,74.46378245134675,74.54848571960095,3037100
2020-06-24,74.48922729492188,74.54004798692957,74.41298979446222,74.46381694891802,3256700
2020-06-25,74.5654525756836,74.65862814546895,74.54004223164169,74.65015587663912,4318400
2020-06-26,74.70101928710938,74.71795737054319,74.5824333157204,74.6840747412248,2911700
2020-06-29,74.7518081665039,74.76028043583825,74.65016032183588,74.7263978209489,3047300
2020-06-30,74.82804107666016,74.84498561575307,74.68404480661117,74.83651334620662,5405900
2020-07-01,74.8467025756836,74.8467025756836,74.67698474553546,74.7957885215032,3569200
2020-07-02,74.96550750732422,74.96550750732422,74.82124670204236,74.87216723132796,4007000
2020-07-06,74.94002532958984,74.95700099176136,74.82970942274751,74.88911129171156,4026800
2020-07-07,75.05884552001953,75.05884552001953,74.92307256447735,74.99096227940822,3300800
2020-07-08,75.01644134521484,75.09281244121172,74.97400864233562,75.08433108009304,2908100
2020-07-09,75.22010803222656,75.26254073733783,75.0419023245385,75.05887152198993,3189700
2020-07-10,75.13525390625,75.31345962534624,75.11827823339004,75.31345962534624,2960500
2020-07-13,75.1691665649414,75.18613575620724,75.09278901844658,75.12673387529767,3115800
2020-07-14,75.26251983642578,75.30494605543319,75.22008714309835,75.24554416936681,3067300
2020-07-15,75.27098083496094,75.3303827049592,75.21157896496265,75.28795649742801,3349900
2020-07-16,75.32191467285156,75.40677357724415,75.32191467285156,75.37282872062325,2856100
2020-07-17,75.3983154296875,75.4662051696583,75.3304256897167,75.44923597182657,2430300
2020-07-20,75.47465515136719,75.52556919364834,75.42373463476734,75.52556919364834,2771000
2020-07-21,75.51708221435547,75.5595148996146,75.50011302484309,75.53405787818663,3044700
2020-07-22,75.61895751953125,75.64441455467602,75.56804344924171,75.62744535602026,5609100
2020-07-23,75.68682098388672,75.72924720295661,75.6528761240388,75.72924720295661,4394900
2020-07-24,75.66983795166016,75.72075847363583,75.60194823857219,75.6613565932637,2980400
2020-07-27,75.61895751953125,75.76321836823313,75.52561074111892,75.75473053174412,5146900
2020-07-28,75.65287017822266,75.72924125113822,75.5934682967374,75.70378422683304,5547800
2020-07-29,75.77169799804688,75.77169799804688,75.66138203292688,75.69532042656259,3136200
2020-07-30,75.81410217285156,75.83956567215334,75.78016378908855,75.79713298097005,2621100
2020-07-31,75.91590118408203,75.92438901320648,75.75466480230081,75.82255448666308,5110000
2020-08-03,75.88958740234375,75.9405985945659,75.8045773964371,75.93209564822092,6270000
2020-08-04,76.05110931396484,76.05110931396484,75.9575963637294,75.9746022560527,5325100
2020-08-05,75.94908142089844,75.99158965914465,75.8980767236802,75.97459025535409,4931500
2020-08-06,76.06812286376953,76.15313287640096,76.03411756154732,76.06812286376953,3933400
2020-08-07,75.98311614990234,76.16163914517183,75.9576137914137,76.1276403244197,3764400
2020-08-10,75.89808654785156,76.0851124429889,75.8895836019324,76.06811303699796,3708400
2020-08-11,75.63456726074219,75.74507963426642,75.5580537053419,75.74507963426642,8125700
2020-08-12,75.43904113769531,75.53255410557054,75.4135387802473,75.53255410557054,4530800
2020-08-13,75.1925048828125,75.46454082906186,75.11599781317138,75.46454082906186,3969800
2020-08-14,75.10746765136719,75.26899116543699,75.09046824844489,75.23498587374617,3454400
2020-08-17,75.20101165771484,75.27752521709877,75.14150399412685,75.1840122477678,3995400
2020-08-18,75.30300903320312,75.34551079053004,75.24350138426762,75.29450608739883,6371100
2020-08-19,75.17550659179688,75.40503428998251,75.15000423487055,75.40503428998251,4628100
2020-08-20,75.30300903320312,75.38801903370424,75.29450608739883,75.37101962794294,4623400
2020-08-21,75.46453094482422,75.46453094482422,75.30301387923205,75.38802388520388,3642100
2020-08-24,75.37952423095703,75.48154013408727,75.35402187663648,75.44753483304386,2960400
2020-08-25,75.2349853515625,75.28599004582159,75.09896418574334,75.2519847543668,4830800
2020-08-26,75.1925048828125,75.24351608175515,75.10749486570617,75.2095107777429,4853800
2020-08-27,74.92047119140625,75.33703131370677,74.9119747295339,75.33703131370677,5125700
2020-08-28,74.97997283935547,75.05648639101052,74.91196872058771,75.01397814166347,4281200
2020-08-31,75.20101165771484,75.2690222692008,75.03099161484884,75.06499692059182,16000300
2020-09-01,75.4079360961914,75.42496495593757,75.09284696566517,75.1524577204042,7201700
2020-09-02,75.56974792480469,75.59529446801056,75.39091562527724,75.39943330537463,5054900
2020-09-03,75.5782470703125,75.69746857409326,75.54418285536305,75.62934014419436,7543900
2020-09-04,75.13540649414062,75.48455324022417,75.13540649414062,75.46752438554722,6588300
2020-09-08,75.24613189697266,75.35683572686587,75.21206768075514,75.29722497275645,4440300
2020-09-09,75.19505310058594,75.32278581430164,75.1439535180135,75.28021040875846,6048200
2020-09-10,75.21208190917969,75.24614613184137,75.08434269846988,75.1354422810055,5331800
2020-09-11,75.28873443603516,75.33130984516772,75.23763484915469,75.30576330027084,5301400
2020-09-14,75.28873443603516,75.39092061562269,75.28021675537396,75.3568563900646,4256400
2020-09-15,75.33130645751953,75.3568530012676,75.28021337002343,75.33130645751953,3746900
2020-09-16,75.31426239013672,75.45051276164988,75.22909859872026,75.43348390161765,4851800
2020-09-17,75.31426239013672,75.45903044020855,75.29722703301938,75.45051276164988,2815400
2020-09-18,75.22909545898438,75.38238118121738,75.22058427786602,75.38238118121738,2938800
2020-09-21,75.27168273925781,75.36535771494151,75.26316506044513,75.35684003612883,4981500
2020-09-22,75.29725646972656,75.33983838208177,75.23764569068186,75.28022760303706,4442200
2020-09-23,75.12692260742188,75.31427257854638,75.12692260742188,75.28872603649958,4659600
2020-09-24,75.13540649414062,75.22056376169151,75.10134228770366,75.21204608581151,4225900
2020-09-25,75.12692260742188,75.19505105093732,75.10137606537508,75.19505105093732,5602600
2020-09-28,75.19505310058594,75.20356428344289,75.13544233515655,75.16950006075665,4215100
2020-09-29,75.24613189697266,75.31426032940767,75.22058535908074,75.27167843486455,7929700
2020-09-30,75.12692260742188,75.19505105093732,75.0502764841955,75.17801569151548,6113600
2020-10-01,75.20367431640625,75.22926436103441,75.04159535622831,75.05865321659718,4485900
2020-10-02,75.15250396728516,75.24633848997561,75.05014376664182,75.24633848997561,5557100
2020-10-05,74.87102508544922,75.05016851194387,74.87102508544922,75.05016851194387,6298400
2020-10-06,74.97335052490234,75.1013072555553,74.84539379424939,74.94776048040168,5705900
2020-10-07,74.87102508544922,74.98192401691288,74.8283771571698,74.9136795218819,3494600
2020-10-08,74.99895477294922,75.02454482229619,74.93924248842262,74.97336472360223,5661600
2020-10-09,75.01600646972656,75.01600646972656,74.86245969143741,74.92217196587487,4105000
2020-10-12,75.12691497802734,75.15250502854956,75.0330804540118,75.058670504534,3383500
2020-10-13,75.1866455078125,75.23782562127472,75.14399107449212,75.16958763937602,4121100
2020-10-14,75.22928619384766,75.26340843263795,75.16957390300253,75.21222182037671,6966400
2020-10-15,75.1866455078125,75.27194786630047,75.15252326278676,75.22929994113287,3877900
2020-10-16,75.12691497802734,75.24633955256509,75.10132492750515,75.20369163774515,3424500
2020-10-19,75.05868530273438,75.09280754620842,74.99897300369291,75.07574967854764,5206600
2020-10-20,74.93073272705078,75.00750940621953,74.90514267004548,75.00750940621953,4652700
2020-10-21,74.84539794921875,74.93070027167298,74.82834008798793,74.89658454921131,4115700
2020-10-22,74.71746826171875,74.84542504579979,74.70041039431239,74.8368993661728,5036700
2020-10-23,74.81128692626953,74.85394134796182,74.70039454128099,74.70892672724965,3237300
2020-10-26,74.92219543457031,74.99043991477575,74.89660538153123,74.90513106044303,4177000
2020-10-27,75.1013412475586,75.11839911556312,74.98191664706903,75.04162894731381,3293100
2020-10-28,74.99895477294922,75.14396939134939,74.97336472360223,75.14396939134939,4766400
2020-10-29,74.8368911743164,75.01602804916008,74.76011450901102,74.99896367546926,4200700
2020-10-30,74.70892333984375,74.86247013956256,74.64067887149079,74.7942256712096,9731400
2020-11-02,74.81233215332031,74.88068797943492,74.78669138421124,74.82087255696459,4021200
2020-11-03,74.79523468017578,74.80378160279767,74.7012380895103,74.78668775755389,3985400
2020-11-04,75.30792236328125,75.35919736815185,75.19683847161052,75.25665387780096,5667400
2020-11-05,75.38487243652344,75.44468787510769,75.29087581597764,75.43614094976884,4128700
2020-11-06,75.21398162841797,75.25670974429745,75.12853191605416,75.2054412207582,3844500
2020-11-09,74.86357879638672,74.99175652694237,74.71831374413907,74.97466268586018,5712700
2020-11-10,74.71833038330078,74.81232697201452,74.67560229047031,74.70978346085636,5169600
2020-11-11,74.76961517333984,74.77816209764686,74.6670716398349,74.7183466662839,3365700
2020-11-12,75.01740264892578,75.01740264892578,74.8550437298848,74.89777181996651,4178500
2020-11-13,75.04303741455078,75.09430590749065,75.01740316808086,75.05158433650452,3199500
2020-11-16,75.08574676513672,75.09428716556768,75.01738444535117,75.04301868542333,4059400
2020-11-17,75.21398162841797,75.23962240958275,75.12853191605416,75.16271310487872,5537500
2020-11-18,75.29938507080078,75.30792547247322,75.23956966214078,75.29938507080078,6089500
2020-11-19,75.45321655273438,75.48739120703722,75.34212610837714,75.37630728207228,6207000
2020-11-20,75.52155303955078,75.5471938027997,75.41046914303458,75.47028455183417,6611300
2020-11-23,75.46173858642578,75.51301359418237,75.42755742105162,75.50446667299116,3506600
2020-11-24,75.38487243652344,75.47032213173038,75.36777858584574,75.45323480044654,4678800
2020-11-25,75.3506851196289,75.46176906241428,75.34213819498594,75.4275878832357,5282000
2020-11-27,75.5130386352539,75.52157903988655,75.43612935781029,75.44467628183577,2226300
2020-11-30,75.6155776977539,75.6241246220113,75.4959468357225,75.5130406842373,4729900
2020-12-01,75.38707733154297,75.54969260502119,75.31860430589576,75.54113837427565,7331400
2020-12-02,75.25862884521484,75.4811627267299,75.16448014649468,75.33565603692679,4631300
2020-12-03,75.40416717529297,75.4812009359417,75.31857918675155,75.42984291886088,3685300
2020-12-04,75.20728302001953,75.33566168249334,75.15592502508787,75.31854670414421,4880200
2020-12-07,75.30998992919922,75.37846290609795,75.2843141953478,75.30143570454374,4734800
2020-12-08,75.335693359375,75.45552437797357,75.32713913157465,75.44696362022835,3737300
2020-12-09,75.20728302001953,75.25007373086342,75.15592502508787,75.22439799836866,5163900
2020-12-10,75.3613510131836,75.4041417280409,75.25008078868058,75.28431727853207,4731400
2020-12-11,75.48118591308594,75.51542240767748,75.42127368003665,75.4555101746282,5317100
2020-12-14,75.45553588867188,75.4812116358795,75.32715062268787,75.41273862336192,5176800
2020-12-15,75.48973083496094,75.4982915900396,75.40414287400286,75.41270362908152,6539900
2020-12-16,75.41268920898438,75.48116217663487,75.30997975750864,75.39556770210095,4186700
2020-12-17,75.4298095703125,75.57531626944184,75.35278237366349,75.51540405095638,4963600
2020-12-18,75.40416717529297,75.52399166523993,75.36993067388741,75.4812009359417,3472700
2020-12-21,75.41268920898438,75.5068379070184,75.36989197171742,75.48116217663487,5364200
2020-12-22,75.53253173828125,75.54109249377449,75.39558577016207,75.44694377317835,4697300
2020-12-23,75.4475326538086,75.45612173296422,75.31013359350966,75.4475326538086,5643700
2020-12-24,75.57635498046875,75.59352659003723,75.5076554390971,75.5591768193514,1980900
2020-12-28,75.55058288574219,75.59351517895705,75.45612266850246,75.51623312024157,4706500
2020-12-29,75.57635498046875,75.61070475115457,75.49048382952863,75.52482704866559,4884800
2020-12-30,75.62786865234375,75.63645773202698,75.55058658983928,75.59351888515903,3609800
2020-12-31,75.73090362548828,75.74807523005765,75.64502594800058,75.6622041041169,6134900
2021-01-04,75.62786865234375,75.65362933984524,75.55058658983928,75.60210796484226,7568400
2021-01-05,75.49901580810547,75.60206505116622,75.4131447146604,75.58488690155052,6452700
2021-01-06,75.16413879394531,75.23283831201941,75.00097907640598,75.23283831201941,5933700
2021-01-07,75.00956726074219,75.06967770045449,74.99239565720148,75.01815633828582,6196100
2021-01-08,74.94090270996094,75.04395203392636,74.8550315490979,75.04395203392636,7688800
2021-01-11,74.86359405517578,74.92370450159655,74.79489453025282,74.92370450159655,5404300
2021-01-12,74.84642791748047,74.84642791748047,74.65750748591476,74.78631091512068,6078800
2021-01-13,75.0439453125,75.14699462723564,74.89796369695294,74.94089599776436,7357100
2021-01-14,74.94944763183594,75.13836800535387,74.88933719949348,75.05249689508547,7191900
2021-01-15,75.00956726074219,75.07826677799812,74.94945682102988,75.00097818319855,4083600
2021-01-19,75.11260223388672,75.12119130979485,74.96662070117519,75.02673112944143,7636500
2021-01-20,75.10404205322266,75.13839181852543,75.05252068104241,75.06969228791988,5889500
2021-01-21,75.0009765625,75.05250447510177,74.94086612408663,74.9923940366884,7890800
2021-01-22,75.03532409667969,75.06967385354741,74.9752136600477,75.06109132799016,4439800
2021-01-25,75.20709991455078,75.21568244319307,75.09546152671517,75.12981129593008,5126900
2021-01-26,75.19850158691406,75.24144043103949,75.13839113606711,75.1727409010579,4608700
2021-01-27,75.19850158691406,75.31013340947331,75.18991250777941,75.25002295862636,4248500
2021-01-28,75.13835906982422,75.19846949501829,75.06107704523686,75.18988041954914,4359300
2021-01-29,75.07823181152344,75.12117062769698,74.95801098808974,74.95801098808974,6088400
2021-02-01,75.10320281982422,75.14621002723263,75.02579772086335,75.03439391276218,5774700
2021-02-02,75.00861358642578,75.03441529343146,74.9742091230914,75.00861358642578,4554500
2021-02-03,74.87959289550781,74.97420352211435,74.87959289550781,74.95700457272221,4271700
2021-02-04,74.89678192138672,74.92258362078567,74.77636961620591,74.87098022198775,4652200
2021-02-05,74.79358673095703,74.93980077105567,74.78498397507474,74.89680011560435,4401300
2021-02-08,74.87959289550781,74.93120286764406,74.77638607519516,74.80218778027333,5571500
2021-02-09,74.84518432617188,74.94839770279862,74.83658813293765,74.87958878504746,4474000
2021-02-10,74.9655990600586,74.9655990600586,74.88818739138232,74.93119460308905,3735500
2021-02-11,74.88817596435547,74.991389319515,74.84516875921112,74.96558762121965,4578200
2021-02-12,74.69037628173828,74.80219242666242,74.66457457505743,74.76778796376117,4825400
2021-02-16,74.33773803710938,74.47534931936018,74.32053908757051,74.45815036982133,6702200
2021-02-17,74.49256134033203,74.5011640968432,74.38934794813974,74.4667596327791,5217000
2021-02-18,74.44955444335938,74.48395890757301,74.32914209960194,74.38075207691269,4607000
2021-02-19,74.19152069091797,74.35493367118052,74.1399107206427,74.33773472240856,4011100
2021-02-22,73.98512268066406,74.21735123218582,73.96792372520946,74.13134333094831,4809400
2021-02-23,73.96790313720703,74.01091035684641,73.81308633327785,73.85609355291723,6475900
2021-02-24,73.92487335205078,73.95927780486427,73.64104809980175,73.69265149803277,5164600
2021-02-25,73.27982330322266,73.67547133042812,73.03899863412721,73.62386135706475,9956100
2021-02-26,73.91629028320312,73.91629028320312,73.36583206441752,73.59805395966349,8580200
2021-03-01,73.8206787109375,73.8637505819973,73.67424486428592,73.74315722924366,7152000
2021-03-02,73.81207275390625,73.82929755996061,73.7345446970488,73.7776165699524,5338800
2021-03-03,73.57951354980469,73.66565074530077,73.50199204541225,73.6225854334761,6022500
2021-03-04,73.34690856933594,73.63116709777208,73.26077141364601,73.60532003640576,9701800
2021-03-05,73.30382537841797,73.32966586394761,73.14877589339736,73.21768823603823,6871000
2021-03-08,72.9678955078125,73.21769785381734,72.9678955078125,73.18324167797078,5806700
2021-03-09,73.20907592773438,73.27798827355451,73.15739495429078,73.15739495429078,7671800
2021-03-10,73.34690856933594,73.39858954838115,73.2521557265239,73.2779962160465,5286700
2021-03-11,73.35550689697266,73.41580354887087,73.25213839150052,73.33827552680621,5510000
2021-03-12,72.91625213623047,73.00238933434999,72.85595544036211,72.99377364298394,5717100
2021-03-15,73.00238037109375,73.04545225078861,72.92485887385838,72.92485887385838,5012200
2021-03-16,72.99376678466797,73.08851966525077,72.92486097575475,73.04545435616082,6159100
2021-03-17,72.9678955078125,73.04542354642814,72.73532453565272,72.87314266719537,7370600
2021-03-18,72.66641998291016,72.76117283369668,72.54582664042627,72.61473899951542,4905200
2021-03-19,72.7267074584961,73.10571881371949,72.61472981801802,73.04542215010154,4969200
2021-03-22,72.93344116210938,72.96789733882055,72.8300792038196,72.8989849853982,4748300
2021-03-23,73.09710693359375,73.11433173616298,72.94205742309553,73.10572262080025,5148600
2021-03-24,73.20907592773438,73.21769161392264,72.99372977592871,73.01096114830526,5148200
2021-03-25,73.15741729736328,73.26939496463794,73.07128012470238,73.24355447002416,3876300
2021-03-26,73.02820587158203,73.1487992237447,72.98514057257812,73.01098106634943,3376200
2021-03-29,72.93344116210938,73.07126586895407,72.85591969339204,73.04542537938163,3775500
2021-03-30,73.010986328125,73.01959544543935,72.79564010205135,72.84732109331854,4769200
2021-03-31,72.97650909423828,73.08848673363383,72.89898105785414,73.01096526909308,6949300
2021-04-01,73.21137237548828,73.24590024409935,73.09913374879379,73.19410185440888,4780200
2021-04-05,73.09912109375,73.13365554315627,72.99552433230393,73.05595797207171,8200600
2021-04-06,73.3581314086914,73.37539534124082,73.17683047644313,73.19409440899256,5400600
2021-04-07,73.27178955078125,73.40128549589063,73.25451903358507,73.29768873980312,5480200
2021-04-08,73.43582153320312,73.44445679198815,73.3408534468855,73.35812396445554,3872300
2021-04-09,73.3408432006836,73.44444653131217,73.25451038521227,73.35811371584083,9748500
2021-04-12,73.32359313964844,73.32359313964844,73.25452423950006,73.32359313964844,3995700
2021-04-13,73.51351928710938,73.51351928710938,73.28904868565367,73.28904868565367,4097500
2021-04-14,73.4616928100586,73.49622724530433,73.39263052633714,73.4357936303168,4592300
2021-04-15,73.77247619628906,73.86744422084796,73.61707457308071,73.66887950532899,5395000
2021-04-16,73.57395935058594,73.65165691935877,73.43582155707087,73.57395935058594,6199700
2021-04-19,73.53076171875,73.54803222976686,73.4357936684674,73.4789633592395,6165300
2021-04-20,73.6516342163086,73.69480391016816,73.50486779601884,73.51350305214486,6383700
2021-04-21,73.72933197021484,73.72933197021484,73.59119423122971,73.62572866597598,4508300
2021-04-22,73.76388549804688,73.78114942650366,73.6343829809203,73.73798631197589,4007800
2021-04-23,73.77247619628906,73.81564587536792,73.68614342489958,73.79838195579732,6435700
2021-04-26,73.7207260131836,73.80705884097503,73.70346208233433,73.78115965131485,3797400
2021-04-27,73.53076171875,73.70343389506839,73.51349779450318,73.70343389506839,4450300
2021-04-28,73.56531524658203,73.58258576208114,73.40991354094875,73.55667998883247,5479200
2021-04-29,73.50487518310547,73.50487518310547,73.34083823407832,73.43580630069707,6247600
2021-04-30,73.60846710205078,73.60846710205078,73.47896461429255,73.57393266619725,6867600
2021-05-03,73.62662506103516,73.76496878036401,73.59203748197639,73.60068602596762,4601200
2021-05-04,73.72174835205078,73.83415305018372,73.67851222366511,73.70445126193371,5520300
2021-05-05,73.76497650146484,73.79091553924745,73.64392326054143,73.67851084322052,5950300
2021-05-06,73.79955291748047,73.84278903851397,73.70443872873146,73.71308727231933,4143600
2021-05-07,73.8082504272461,74.01576943268712,73.7563723251134,73.91201322842173,4886300
2021-05-10,73.63526916503906,73.83413948650293,73.61797207809956,73.8168489964692,6211800
2021-05-11,73.48828887939453,73.53152501076048,73.44505934493603,73.51422791945113,6630800
2021-05-12,73.22891998291016,73.36726378193607,73.20298093289968,73.36726378193607,7011700
2021-05-13,73.37590026855469,73.41048786185277,73.2202593971678,73.2202593971678,6991000
2021-05-14,73.5488052368164,73.5488052368164,73.42775200218125,73.47963667195812,6262100
2021-05-17,73.47968292236328,73.53156102788732,73.45373727269059,73.53156102788732,4753000
2021-05-18,73.40180969238281,73.43639727172278,73.36722211304286,73.41910678050591,4631000
2021-05-19,73.32404327392578,73.49697469326327,73.23757096734626,73.41915753363463,6511300
2021-05-20,73.5661392211914,73.5747811730663,73.40184977883085,73.40184977883085,5283900
2021-05-21,73.58340454101562,73.62664067323365,73.52287791405494,73.60070163266586,5050800
2021-05-24,73.66987609863281,73.70446368779108,73.61799801334946,73.62664655986606,6954500
2021-05-25,73.86011505126953,73.86011505126953,73.7044741763628,73.71312272411012,5235500
2021-05-26,73.83414459228516,73.89467120694741,73.7736179776229,73.81685410105575,4834400
2021-05-27,73.73039245605469,73.7909190794202,73.66986583268917,73.77362858570456,5215200
2021-05-28,73.72174835205078,73.83415305018372,73.71309980699225,73.73039030020232,5258500
2021-06-01,73.71658325195312,73.73390096994889,73.59533940410027,73.67327904602247,5398000
2021-06-02,73.79446411132812,73.81178842281801,73.69053806425553,73.7078623757454,5479900
2021-06-03,73.65592956542969,73.72520701483245,73.63860524761051,73.72520701483245,4829000
2021-06-04,73.95040130615234,73.95040130615234,73.73389351298354,73.7512178365214,19321400
2021-06-07,73.89842987060547,73.92440974451269,73.86378783629836,73.89842987060547,10706500
2021-06-08,74.0370101928711,74.05433451806819,73.99371259446659,74.0370101928711,5099600
2021-06-09,74.1842269897461,74.25350445600945,74.13226063093242,74.21020686550646,4810300
2021-06-10,74.34011840820312,74.35744273307334,74.05433312078452,74.08031300079584,7400300
2021-06-11,74.32276916503906,74.34874903403048,74.2534851095345,74.32276916503906,4194500
2021-06-14,74.13225555419922,74.27082369182233,74.11493784064257,74.27082369182233,4438400
2021-06-15,74.13225555419922,74.15823542818043,74.06297148538766,74.09761351979344,6173600
2021-06-16,73.92439270019531,74.24482648818622,73.83779093804102,74.2015223034636,7302400
2021-06-17,74.17555236816406,74.36608023479106,74.02832869205841,74.04564640389185,6467500
2021-06-18,74.40938568115234,74.47000758991328,74.15823588563057,74.2361821153475,5842800
2021-06-21,74.1495361328125,74.26211772274787,74.13221182218332,74.23613786409268,7907000
2021-06-22,74.25350189208984,74.26216405280852,74.05431844660937,74.06297400003534,4082900
2021-06-23,74.2015151977539,74.27079924375892,74.1582110171782,74.2101773553271,5739900
2021-06-24,74.23616790771484,74.28812764605352,74.21018803854551,74.24483006653504,4852100
2021-06-25,74.09762573242188,74.26217377114669,74.00236177392789,74.25351160929445,6018500
2021-06-28,74.29682922363281,74.34012682612317,74.1929030845254,74.21022741135734,5664100
2021-06-29,74.33142852783203,74.33142852783203,74.18420487089104,74.18420487089104,10672700
2021-06-30,74.38340759277344,74.46135382436167,74.3660898786942,74.3920697534594,4846600
2021-07-01,74.37644958496094,74.40246944147387,74.27236354144821,74.35910521977263,5768000
2021-07-02,74.50655364990234,74.50655364990234,74.36777226197022,74.38512324419213,4315700
2021-07-06,74.77545166015625,74.82749138397017,74.59330600934518,74.59330600934518,5711600
2021-07-07,74.93157958984375,74.974950439236,74.79280478322107,74.85352000189272,5933900
2021-07-08,75.0009765625,75.0877116510621,74.92291035056996,74.97495669767767,6991200
2021-07-09,74.76678466796875,74.82749989180905,74.76678466796875,74.82749989180905,10304900
2021-07-12,74.74073791503906,74.84482395451869,74.69737369501809,74.81880409901396,9073900
2021-07-13,74.50655364990234,74.79278529941675,74.48053379403026,74.73207009656164,8583600
2021-07-14,74.75810241699219,74.77544678464517,74.64534086613119,74.66269185124608,5036200
2021-07-15,74.94025421142578,74.94892970469581,74.74943306425973,74.88820786926803,3423000
2021-07-16,74.87089538574219,74.91426625310042,74.75814039506216,74.76680927456158,5725100
2021-07-19,75.29586791992188,75.36525862921638,75.18311298041499,75.20913284203486,6493300
2021-07-20,75.21780395507812,75.53005551125855,75.17443310992901,75.50403565115383,6762200
2021-07-21,74.9749755859375,75.06171069635054,74.90558485062115,75.01833983241166,6293000
2021-07-22,75.13972473144531,75.20043993365167,74.9835989804203,74.9835989804203,4894900
2021-07-23,75.0530014038086,75.07902126346933,74.94024647279149,74.94892196516565,8887500
2021-07-26,75.00965881347656,75.13975814930754,74.9836323288467,75.13975814930754,5427900
2021-07-27,75.20044708251953,75.2177980662055,75.11371201647374,75.18310271629491,4344100
2021-07-28,75.26982879638672,75.26982879638672,75.02696799346745,75.10502755835125,6636700
2021-07-29,75.13972473144531,75.19177106009413,75.09636051127548,75.11370487585125,5201000
2021-07-30,75.25250244140625,75.26984680971104,75.17443624037934,75.2004561015676,7557200
2021-08-02,75.43146514892578,75.52702552012373,75.25771600681492,75.30115494930565,4660800
2021-08-03,75.4488296508789,75.5270184144357,75.41407982572605,75.44014053762783,5297700
2021-08-04,75.4488296508789,75.6225787766432,75.26639803971499,75.58782895149034,3916900
2021-08-05,75.27508544921875,75.39670652057531,75.24902473790682,75.37932829446649,4613800
2021-08-06,74.91891479492188,75.0579141110789,74.90154319432834,74.98841445300039,4329800
2021-08-09,74.77992248535156,75.03185377627298,74.77992248535156,74.98841483279087,4541300
2021-08-10,74.66697692871094,74.81466534608263,74.66697692871094,74.81466534608263,4312300
2021-08-11,74.71910858154297,74.83204055052553,74.58879838480804,74.6843587538902,6494000
2021-08-12,74.7278060913086,74.75387343817786,74.62356321524456,74.69306288452276,4946500
2021-08-13,75.02314758300781,75.02314758300781,74.80596617074293,74.82333776746981,4329600
2021-08-16,75.09268951416016,75.23168224980124,75.06662879046836,75.11875023785196,3918900
2021-08-17,75.01446533203125,75.11871480548,74.99709373371546,75.03184355819837,7168400
2021-08-18,74.99710083007812,75.08397208557966,74.91891206063038,74.99710083007812,4561900
2021-08-19,75.16215515136719,75.16215515136719,75.06660140863693,75.13609443718147,5345600
2021-08-20,75.14480590820312,75.20561646867942,75.11874518626385,75.17955574674015,3581200
2021-08-23,75.16215515136719,75.17084426537976,75.08397300881006,75.12741195102093,4005500
2021-08-24,75.01446533203125,75.12740391856354,75.01446533203125,75.10133657931287,5164800
2021-08-25,74.89286041259766,75.05792045752757,74.83204986360022,75.04923134257001,3904900
2021-08-26,74.90154266357422,74.92760337820594,74.80598229135644,74.91891426404466,4810900
2021-08-27,75.11872863769531,75.11872863769531,74.858108220009,74.9189187670888,4780900
2021-08-30,75.20560455322266,75.20560455322266,75.04923361850821,75.06661184895034,4119000
2021-08-31,75.1100082397461,75.24031839431517,75.04919771799383,75.19687946684222,4974900
2021-09-01,75.12306213378906,75.18397439682094,75.04475774683134,75.18397439682094,4792400
2021-09-02,75.22747802734375,75.22747802734375,75.12306553512407,75.18397780091387,4885100
2021-09-03,75.07089233398438,75.08829774202079,75.00998668229327,75.05349356416613,4059700
2021-09-07,74.85337829589844,74.91428395336237,74.7924726384345,74.89688518189502,4839700
2021-09-08,74.97516632080078,75.0447746614849,74.90555798011667,74.94036215045872,4864600
2021-09-09,75.24490356445312,75.27100503493907,74.99257828606022,75.05348392993318,5504600
2021-09-10,75.06219482421875,75.15790466038756,74.92298474138505,75.12310048012448,3711400
2021-09-13,75.17529296875,75.19269173581435,75.11438732669909,75.1230833911227,4047300
2021-09-14,75.3580322265625,75.41893788666225,75.21011942892298,75.236220906363,4758300
2021-09-15,75.28836822509766,75.34927384018974,75.20136115185386,75.34057114140111,6204400
2021-09-16,75.14918518066406,75.22748958319568,75.08827954373396,75.131779776846,4604000
2021-09-17,75.05348205566406,75.07088082281443,74.98387371062832,75.0447793529803,6217800
2021-09-20,75.26231384277344,75.28841531725138,75.15790130664337,75.16660401087545,6195100
2021-09-21,75.24490356445312,75.27970109962283,75.21009939106611,75.27100503493907,6962300
2021-09-22,75.32319641113281,75.34929787761125,75.17528367561081,75.2448920116975,6006200
2021-09-23,74.92295837402344,75.14918214701004,74.88815420600886,75.1317767438946,5222300
2021-09-24,74.76634216308594,74.85334926311354,74.72283529396402,74.83595049839451,4170600
2021-09-27,74.67933654785156,74.7576409479684,74.62712697622398,74.65323508114595,4858500
2021-09-28,74.35741424560547,74.50532700484581,74.29650860131726,74.453124063518,6253700
2021-09-29,74.36610412597656,74.54011832587636,74.2877930892703,74.46181392738632,5123500
2021-09-30,74.34869384765625,74.39220071388635,74.28778821786358,74.33999778498286,5877700
2021-10-01,74.6014175415039,74.6362747425321,74.44456346104275,74.47070469973104,6029900
2021-10-04,74.54914855957031,74.6101470103292,74.45329290147313,74.51429135223202,7280000
2021-10-05,74.36611938476562,74.5229734363055,74.33997815089732,74.50554816316999,4395400
2021-10-06,74.40098571777344,74.42713360318346,74.33998728181183,74.38356044249765,7177800
2021-10-07,74.19185638427734,74.28771202843862,74.17443110730781,74.27028675146909,5363500
2021-10-08,74.0088882446289,74.13960113907616,73.96531506370182,74.13960113907616,4547100
2021-10-11,73.89559936523438,73.96530713958214,73.87816743539749,73.92174061165645,3286600
2021-10-12,74.16570281982422,74.19184405510015,73.97399156336017,73.97399156336017,5529600
2021-10-13,74.36611938476562,74.38355130623121,74.24412252782685,74.24412252782685,5018100
2021-10-14,74.49687957763672,74.5055955439123,74.35745735889891,74.4097398598838,4336400
2021-10-15,74.3138656616211,74.36614814958055,74.27900845353724,74.36614814958055,5801200
2021-10-18,74.27029418945312,74.32257667392922,74.12214940288384,74.2092957414536,5863600
2021-10-19,74.0611343383789,74.19184716857437,74.05242502514173,74.19184716857437,3865900
2021-10-20,73.97401428222656,74.12215242650656,73.97401428222656,74.03501273271435,5332400
2021-10-21,73.86942291259766,73.97399450619187,73.84328167628178,73.95656923142485,6073300
2021-10-22,74.02628326416016,74.05243115102687,73.88686110919402,73.95657551084271,6076100
2021-10-25,74.0611343383789,74.1221327726927,73.99142659082794,74.00013590406512,4652500
2021-10-26,74.20928192138672,74.20928192138672,74.01757064956732,74.13085156094652,5752800
2021-10-27,74.47940826416016,74.58397320150743,74.24412385846841,74.33997948325688,7618400
2021-10-28,74.38355255126953,74.514265371129,74.33127008265782,74.43583501988124,6225800
2021-10-29,74.40098571777344,74.45327484026261,74.18313321100612,74.20928109641616,8975200
2021-11-01,74.34339141845703,74.35212108183033,74.16883810368365,74.20374343961262,5201400
2021-11-02,74.4830322265625,74.52667388434693,74.36957323861787,74.37830290193118,4199400
2021-11-03,74.35214233398438,74.54415503038757,74.24740631991426,74.52669569865054,5058700
2021-11-04,74.6925048828125,74.6925048828125,74.39575625645986,74.40448591985374,5564100
2021-11-05,74.91944122314453,74.9718125575616,74.68379352401094,74.73615819964424,4595900
2021-11-08,74.75363159179688,74.82345561163095,74.70998991470432,74.81472594445543,6517200
2021-11-09,74.9630355834961,75.08522418871745,74.94558292222715,74.9892179047893,6027800
2021-11-10,74.45683288574219,74.85831074226951,74.36082658757472,74.84085807841204,6206400
2021-11-11,74.33464050292969,74.49174110482377,74.3171878399549,74.46555878097146,3847100
2021-11-12,74.34339141845703,74.50049206526592,74.28229709240813,74.43939773921703,4890900
2021-11-15,74.03790283203125,74.29100974163353,74.02917317065722,74.27355041888545,6239500
2021-11-16,73.98551940917969,74.14261999428783,73.95933708812491,74.03789071006874,5580700
2021-11-17,74.14263916015625,74.160098484559,73.93317387879179,73.95063320319456,6589200
2021-11-18,74.22993469238281,74.25611702451869,74.0990163729211,74.11646904141757,5320700
2021-11-19,74.38702392578125,74.47430057243156,74.35211193536486,74.40447659159878,5498200
2021-11-22,74.02043914794922,74.23863405797975,73.96807450035156,74.19499907124177,7497100
2021-11-23,73.72370147705078,73.93316673818468,73.72370147705078,73.91571407424877,5779500
2021-11-24,73.89828491210938,73.91574424195167,73.68881956548506,73.73246123130748,4757400
2021-11-26,74.42192840576172,74.46557005797811,74.22119278664128,74.26482778007644,4402500
2021-11-29,74.41322326660156,74.43940560070446,74.16011627230225,74.17756894210989,6133000
2021-11-30,74.55281829833984,74.79719547656678,74.39571773251129,74.61391259289658,11234800
2021-12-01,74.6009292602539,74.61841622274278,74.3561651399863,74.44358661378652,7737300
2021-12-02,74.60968017578125,74.6970949889696,74.46981780854445,74.67087121194537,8831600
2021-12-03,74.89811706542969,75.02924255335283,74.52222755702033,74.53097103470037,7440900
2021-12-06,74.69709777832031,74.92438163655548,74.66213718719766,74.90690134099415,6865000
2021-12-07,74.53102111816406,74.69710728977547,74.52227763460856,74.58346868084936,5351200
2021-12-08,74.30371856689453,74.4785481781466,74.26000782942043,74.46106788475025,9064200
2021-12-09,74.33868408203125,74.461066140906,74.27749305259387,74.37365133732717,8096700
2021-12-10,74.36489868164062,74.53972826722922,74.34741839081025,74.44357666368032,6869100
2021-12-13,74.618408203125,74.6795992266154,74.50476963644896,74.52224992773705,4955300
2021-12-14,74.49604797363281,74.56598249790949,74.37366589081026,74.52227175290574,5165800
2021-12-15,74.39987182617188,74.48728662589069,74.27748977270119,74.33868079943653,6036000
2021-12-16,74.49604797363281,74.58346279431701,74.43485693222154,74.43485693222154,6067700
2021-12-17,74.62715148925781,74.72330976439557,74.58344075716926,74.60092104841186,4884200
2021-12-20,74.50476837158203,74.67959795878039,74.47853793111315,74.63588722732018,7129100
2021-12-21,74.42611694335938,74.46982769041517,74.26002410773569,74.46982769041517,6237800
2021-12-22,74.50476837158203,74.50476837158203,74.38237965735769,74.49602489142573,5110000
2021-12-23,74.39163208007812,74.47932569713358,74.31270314131234,74.47932569713358,4631200
2021-12-27,74.42674255371094,74.47935740822723,74.3741210085977,74.40042843585583,5311700
2021-12-28,74.41796875,74.55827725432547,74.37411857893761,74.54951257259039,5674800
2021-12-29,74.17240905761719,74.2951814833918,74.11978752471705,74.25133132107426,7757900
2021-12-30,74.3390121459961,74.35655488413855,74.15485353906594,74.26886126520908,6352100
2021-12-31,74.32149505615234,74.46181023470606,74.3039590041311,74.34780247948217,7162600
2022-01-03,73.8216323852539,74.04964120030029,73.81286101413018,74.04964120030029,7244300
2022-01-04,73.81285858154297,73.82162995237763,73.66377873033167,73.75147236689152,7384500
2022-01-05,73.55855560302734,73.84795067734285,73.54101954879465,73.84795067734285,7076500
2022-01-06,73.4796371459961,73.50594457401223,73.38317211620549,73.44455834510886,6011000
2022-01-07,73.27790832519531,73.41822347630006,73.17267865246141,73.40945210670735,6345100
2022-01-10,73.21652221679688,73.24282963501541,73.05867101689103,73.12005722293249,5912300
2022-01-11,73.3656005859375,73.38313663260317,73.14636320434997,73.19897803494092,6755600
2022-01-12,73.33929443359375,73.47960958451185,73.33052975460735,73.42699474821488,6672700
2022-01-13,73.46204376220703,73.47958649585686,73.286656569264,73.35681412267823,5746300
2022-01-14,73.05867767333984,73.31299389028109,73.04991299353155,73.30422251987753,6843000
2022-01-18,72.6026611328125,72.85697733000302,72.6026611328125,72.81312717198595,7453100
2022-01-19,72.7780532836914,72.89206102597379,72.7342098133172,72.76051723366076,8644100
2022-01-20,72.85699462890625,72.90960947854362,72.81314446047756,72.88330205372493,4951300
2022-01-21,73.1288070678711,73.20773598988949,73.03234210240011,73.09372829037322,5204500
2022-01-24,73.01480865478516,73.22527463666223,73.00603728745067,73.18142449058274,10332200
2022-01-25,72.91836547851562,73.13760289324922,72.9095941085597,73.04990926547477,5872700
2022-01-26,72.51495361328125,73.01481454216503,72.51495361328125,72.97973576059152,7382500
2022-01-27,72.75174713134766,72.86574818502177,72.69036091927771,72.6991322897435,6295600
2022-01-28,72.8394546508789,72.85699739515499,72.58513838364851,72.59390975578656,5992500
2022-01-31,72.7868423461914,72.85699994455747,72.67284126679415,72.69914869353222,8033400
2022-02-01,72.75784301757812,72.82811659643025,72.6348676054156,72.81054485088855,5013300
2022-02-02,72.86326599121094,73.03016410979437,72.8281358941336,72.86326599121094,7248800
2022-02-03,72.55579376220703,72.62606732712025,72.47674102792166,72.56457963323518,6156500
2022-02-04,72.10783386230469,72.2220301214024,72.03756697400425,72.20445837308348,7746000
2022-02-07,72.16929626464844,72.22199808290924,72.04631418594751,72.10780187447025,6252200
2022-02-08,71.9321517944336,72.03756217234573,71.9321517944336,72.01121125328218,6727000
2022-02-09,71.9848403930664,72.15173845198348,71.9760612227652,72.05511396541641,5862000
2022-02-10,71.32601928710938,71.75643976210628,71.32601928710938,71.70373124786204,8869700
2022-02-11,71.7916030883789,71.84430492045914,71.28212970607935,71.54564556813772,11100900
2022-02-14,71.3875503540039,71.55444846417419,71.30849758707616,71.48417487024366,6301600
2022-02-15,71.23820495605469,71.3963171493164,71.22063991309538,71.29969265889774,6731200
2022-02-16,71.33484649658203,71.37876916696396,71.11524654798954,71.36119741814775,7142400
2022-02-17,71.49295806884766,71.58079670714352,71.36998263490173,71.41390530487894,6833600
2022-02-18,71.61592864990234,71.63350039736592,71.51052497175316,71.58957773036504,4744400
2022-02-22,71.57201385498047,71.57201385498047,71.41390163351299,71.49295439341763,7058800
2022-02-23,71.21188354492188,71.43148353201016,71.21188354492188,71.4139184817734,7938900
2022-02-24,71.36996459960938,71.57199944812804,71.28212598351045,71.49294000247923,8883500
2022-02-25,71.43147277832031,71.4402586529459,71.27336054335345,71.32606238778948,5923200
2022-02-28,71.95848846435547,71.98483937820103,71.71253766625468,71.7301094099228,6494400
2022-03-01,72.33592224121094,72.57346123279784,72.16876094684037,72.17756067607742,9319000
2022-03-02,71.4473648071289,72.06321855653047,71.4473648071289,72.01922660577705,6491500
2022-03-03,71.76406860351562,71.81685356032663,71.57051481223863,71.67609143808812,10349100
2022-03-04,72.01920318603516,72.15996530065934,71.94001904287452,72.04559566301299,8042600
2022-03-07,71.66728210449219,71.90482780276565,71.59689769669068,71.72886678326186,6425400
2022-03-08,71.3329849243164,71.37697015654612,71.23620801629137,71.3065924425329,8565900
2022-03-09,71.1394271850586,71.26259656807456,71.0778424935506,71.17461939623857,5761500
2022-03-10,70.76111602783203,70.9194776146934,70.6379466505207,70.89308513558778,8261200
2022-03-11,70.70832061767578,70.81389051849315,70.67312841332776,70.73471309288013,7883400
2022-03-14,70.05728912353516,70.33002708452709,70.03969637390408,70.32122735359755,15449700
2022-03-15,70.171630859375,70.39157703847465,70.08365373018007,70.32999237681574,6265000
2022-03-16,70.27723693847656,70.27723693847656,69.81975160361789,70.18046003283236,8156400
2022-03-17,70.33881378173828,70.52357455351394,70.2860288253609,70.40039846825437,6774600
2022-03-18,70.5411605834961,70.58515251777257,70.4179912221941,70.44438369786927,8895700
2022-03-21,69.81975555419922,70.23325568130717,69.78456333995295,70.20686319867961,6831300
2022-03-22,69.64380645751953,69.72298391138492,69.54702953908692,69.63500672523591,6488400
2022-03-23,69.96049499511719,69.96049499511719,69.6261791366139,69.79334042197873,8919400
2022-03-24,69.87252044677734,69.89011990495885,69.5997892550035,69.61738200095839,18907400
2022-03-25,69.25666046142578,69.59097626869385,69.15988359654351,69.59097626869385,21372500
2022-03-28,69.45899963378906,69.53818374743504,69.2918451044913,69.33583031231719,7494000
2022-03-29,69.76695251464844,69.79334499043858,69.49421460295433,69.57339874255159,7308100
2022-03-30,69.92532348632812,69.95171596566797,69.57340809993217,69.58220111822698,7071800
2022-03-31,69.97809600830078,70.0924656358566,69.89011885539426,69.96049655038357,8244200
2022-04-01,69.8263931274414,69.94105489661793,69.47359958893463,69.52652299354574,6326900
2022-04-04,69.87932586669922,69.88814082783104,69.64118733658078,69.86168248647965,9091700
2022-04-05,69.17374420166016,69.69410956693314,69.1296424765787,69.67647291428764,6956300
2022-04-06,68.96208190917969,69.14729707239839,68.70630666597873,68.80332509370943,8649400
2022-04-07,68.82093048095703,68.9620505768047,68.71509713804781,68.88266884064625,9157600
2022-04-08,68.45049285888672,68.63570791775828,68.36229617308729,68.49459456627434,8989600
2022-04-11,68.13301086425781,68.30058935493183,68.07127248279564,68.26530931852788,7858300
2022-04-12,68.35348510742188,68.57398022067163,68.3182050818247,68.45932518421343,8168200
2022-04-13,68.43287658691406,68.66219344399329,68.41523993435956,68.43287658691406,7790300
2022-04-14,67.96543884277344,68.44170928609144,67.92134383980557,68.40642924632941,7046100
2022-04-18,67.74490356445312,67.98304200972392,67.71844523252872,67.97422032275726,7187800
2022-04-19,67.32157135009766,67.60380483326723,67.29511301245317,67.49796475371225,11568000
2022-04-20,67.74490356445312,67.83310697616857,67.52440849311566,67.56851019897337,7366100
2022-04-21,67.3833236694336,67.63909886793004,67.18046515718522,67.63027717722923,7869900
2022-04-22,67.29509735107422,67.44503238215042,67.11869725953564,67.18925729615107,8625100
2022-04-25,67.71847534179688,67.93014882028282,67.62145692895362,67.62145692895362,6091600
2022-04-26,67.89486694335938,68.05362371442638,67.82430688311233,68.01834368430285,8837100
2022-04-27,67.6832046508789,67.97425992958884,67.61265130096274,67.90369985069319,10802000
2022-04-28,67.65673828125,67.65673828125,67.41860645443764,67.50680317810968,7644000
2022-04-29,67.19808197021484,67.48913035848479,67.17162363755173,67.27745696820416,7120400
2022-05-02,66.85440063476562,67.01344506875407,66.78370972535554,66.99577571212963,10166700
2022-05-03,67.01343536376953,67.28736091269927,66.96042056011774,67.2255080612871,7769000
2022-05-04,67.4463882446289,67.4463882446289,66.83669125214314,66.96039691127753,12238000
2022-05-05,66.77484893798828,67.03993638727982,66.50093018411987,67.03993638727982,10540000
2022-05-06,66.49211883544922,66.73069224243851,66.42142792172773,66.50095688502854,8803000
2022-05-09,66.7925033569336,66.81901748909854,66.39487901334026,66.43022444810782,7420300
2022-05-10,66.98690032958984,67.18129685139738,66.92504750369221,67.05759119960211,24792700
2022-05-11,67.21665954589844,67.23432889721232,66.6864913675778,66.7306681165896,9843600
2022-05-12,67.34920501708984,67.49941810223105,67.29619022032338,67.35804306370235,6079800
2022-05-13,67.10179901123047,67.24317406106813,67.05761551608785,67.207828613245,5024800
2022-05-16,67.20783233642578,67.36688348971354,67.18132493445368,67.19016298226279,6104400
2022-05-17,66.81018829345703,67.00458483969848,66.79251220300603,66.87204112712901,5881200
2022-05-18,67.09295654296875,67.12830198846287,66.7483468762191,66.7483468762191,4963300
2022-05-19,67.23434448242188,67.48176264834797,67.19016772316971,67.45524850304982,5461400
2022-05-20,67.43756103515625,67.48174452399725,67.26084056270004,67.26084056270004,6960100
2022-05-23,67.1989974975586,67.48175433948899,67.15481400229092,67.41106344364267,7332900
2022-05-24,67.74681091308594,67.84400917482829,67.43754678092955,67.43754678092955,6587100
2022-05-25,68.02074432373047,68.03841367273071,67.85285517168856,67.96772279382324,5737200
2022-05-26,67.95005798339844,68.1267784510175,67.87052905395227,68.03841821720796,5328400
2022-05-27,68.14447021484375,68.2328304689748,68.03843386501335,68.13563216699407,6355300
2022-05-31,67.75565338134766,67.80866816704962,67.56125684516992,67.7468153365797,9067000
2022-06-01,67.45286560058594,67.85125886345264,67.33776911014397,67.78043129310203,7294600
2022-06-02,67.51485443115234,67.57682688163614,67.32893707970094,67.55026822492745,5276600
2022-06-03,67.41748809814453,67.45290190237884,67.27583288120731,67.27583288120731,5549600
2022-06-06,67.01905822753906,67.36433422301135,66.9924995747319,67.311216917397,6698000
2022-06-07,67.24923706054688,67.3820370644286,67.12529219145426,67.15185084133286,6989800
2022-06-08,66.97479248046875,67.22268223274824,66.97479248046875,67.10759249190109,3778300
2022-06-09,66.88627624511719,67.01906953155111,66.85086245057126,66.93053842243161,4828500
2022-06-10,66.31967163085938,66.77118233134556,66.18687158474953,66.62953390212174,14690800
2022-06-13,65.24842071533203,65.73535195009195,64.95626872896678,65.69993815533753,11255300
2022-06-14,64.89430236816406,65.52288208645349,64.80576449572193,65.43435096850268,9530100
2022-06-15,65.63796997070312,65.68223890564705,65.07136272677485,65.3812250079089,9098600
2022-06-16,65.77961730957031,65.79732082874067,64.99167899392793,65.06249982509969,8477600
2022-06-17,65.81502532958984,65.94782536606449,65.54943201113097,65.85929425991154,4913600
2022-06-21,65.51402282714844,65.7619126436137,65.46090551061756,65.61140907711564,7069900
2022-06-22,66.0541000366211,66.1780449986001,65.99212755563158,66.08065870640318,8407600
2022-06-23,66.37277221679688,66.69148954532446,66.29308950742038,66.31079977816592,8542600
2022-06-24,66.24886322021484,66.5144566348416,66.20459427386395,66.27542188622823,6979000
2022-06-27,65.93012237548828,66.16030865692476,65.8592947882016,65.9920948257415,6238900
2022-06-28,65.96554565429688,65.96554565429688,65.78847666061947,65.89471805682591,5578800
2022-06-29,66.3462142944336,66.3462142944336,65.96552452309058,65.96552452309058,3896400
2022-06-30,66.62954711914062,66.79775424005477,66.54986437387203,66.54986437387203,4387100
2022-07-01,67.16088104248047,67.46249200902311,67.00120624087292,67.07217432334046,5801800
2022-07-05,67.27622985839844,67.39155473710545,67.15203904124623,67.28510256473558,6253900
2022-07-06,66.86817169189453,67.46252117969479,66.85043304755192,67.4447757674604,5312000
2022-07-07,66.68187713623047,66.93913143834082,66.61978173695493,66.93025873333262,7536700
2022-07-08,66.4601058959961,66.56655805083555,66.38913779276979,66.5399467040984,4187100
2022-07-11,66.70848083496094,66.8770283713374,66.6641308507867,66.69961489886018,4128600
2022-07-12,66.82379913330078,67.08105338070057,66.82379913330078,66.9568626085613,6013700
2022-07-13,67.03669738769531,67.08992007124291,66.39799811356586,66.4157435200081,6382700
2022-07-14,66.82379913330078,66.91250586084462,66.4867040935889,66.6197675688494,5598000
2022-07-15,67.06331634521484,67.15202308383095,66.85041881895813,66.85041881895813,5276400
2022-07-18,66.8592758178711,66.9479825356499,66.72621235725852,66.9302371313609,3438000
2022-07-19,66.80604553222656,66.91249765295481,66.69072747735412,66.8681409106792,3493400
2022-07-20,66.74396514892578,67.02783076675429,66.70848110071094,67.01896483061822,3966900
2022-07-21,67.2939453125,67.32942935415949,66.91250032452159,66.91250032452159,6832900
2022-07-22,67.84394073486328,67.9947428425088,67.66652051890749,67.7463613080599,6617000
2022-07-25,67.59556579589844,67.65766119178667,67.497986349804,67.5423431045344,4256200
2022-07-26,67.61331176757812,67.92378874960286,67.58670042167466,67.87056605779594,6964100
2022-07-27,67.79956817626953,68.03021101927551,67.71972740573808,67.72860010643883,5919600
2022-07-28,68.26976013183594,68.36733959353543,68.13669661425557,68.26976013183594,5140200
2022-07-29,68.21650695800781,68.45601576834484,68.08344349987009,68.12780024187887,6601700
2022-08-01,68.51251220703125,68.56584100007612,68.2814094681991,68.352519046514,5370800
2022-08-02,67.81918334960938,68.6013680506535,67.7658477967478,68.52136811205109,10808300
2022-08-03,68.15696716308594,68.16585755520784,67.52588495007559,67.7569876755694,5747700
2022-08-04,68.32585906982422,68.33474268165126,68.12142071428988,68.1925302972047,9869900
2022-08-05,67.55255126953125,67.64143484913572,67.42811290180849,67.5969964500247,8946400
2022-08-08,67.85476684570312,67.95254083216304,67.78366404031874,67.81921883370265,8534700
2022-08-09,67.70367431640625,67.78367430898525,67.63256471886591,67.69479070275206,6888800
2022-08-10,67.89031219482422,68.20141489830993,67.82809301040358,67.99697656013782,4305000
2022-08-11,67.50812530517578,68.14809811070769,67.48146090184268,68.05921450580256,5179500
2022-08-12,67.81918334960938,67.81918334960938,67.56141631848145,67.73918341100696,4376800
2022-08-15,67.89031219482422,68.03253134857569,67.87253819129654,67.97031216415505,3922300
2022-08-16,67.80140686035156,67.81029724995417,67.57919458994853,67.79251647074895,4104000
2022-08-17,67.40145874023438,67.56145192036861,67.29479435968373,67.49034233333484,4131100
2022-08-18,67.52587890625,67.69476243453924,67.4992145136531,67.58809808276999,4026800
2022-08-19,67.0992431640625,67.16146235438353,66.98369517671861,67.1347979558721,5115800
2022-08-22,66.79704284667969,66.98370043228803,66.74370726408897,66.9570360316845,4158600
2022-08-23,66.77035522460938,67.06367031062237,66.67258126881127,66.77035522460938,6294800
2022-08-24,66.60148620605469,66.67259578600594,66.52148623326384,66.63704099603031,3808600
2022-08-25,66.96589660644531,67.01923217068733,66.59258156365783,66.64591712789985,3688400
2022-08-26,66.83258819580078,66.99258135819369,66.70814982298215,66.86814298537506,4276600
2022-08-29,66.5303726196289,66.6281465908282,66.47704382856834,66.61925619852397,3263800
2022-08-30,66.58370971679688,66.7348124825169,66.39704538104563,66.60148372042995,6878700
2022-08-31,66.30816650390625,66.61037883816728,66.22817330980902,66.53037886268703,5155600
2022-09-01,65.94831085205078,66.01066041413524,65.69000358181727,65.93049280825944,6160700
2022-09-02,66.1175537109375,66.34023170743782,66.07301539340017,66.13536496059653,3600600
2022-09-06,65.52075958251953,65.86813665014559,65.50294833610441,65.859234424734,6869800
2022-09-07,65.99285888671875,65.99285888671875,65.71674029918087,65.73455834743162,4208300
2022-09-08,65.78799438476562,66.01958142696719,65.77017633773805,65.87706423312197,3580300
2022-09-09,65.76126098632812,65.99284118672111,65.7256316949771,65.86814206478874,3831700
2022-09-12,65.68111419677734,65.97505084687994,65.60095336252826,65.91270126615466,4008200
2022-09-13,65.35153198242188,65.40497251973314,65.21792384355146,65.27136438086274,9481200
2022-09-14,65.43168640136719,65.52075622005562,65.27135800949138,65.289176050584,4332200
2022-09-15,65.23577117919922,65.36937939198164,65.19123963866907,65.29812077241822,4967200
2022-09-16,65.16448974609375,65.29809110257503,65.03978382072306,65.09323115890847,5050000
2022-09-19,65.11995697021484,65.18230654040806,64.9418172826895,65.01306908034354,6374900
2022-09-20,64.79927062988281,64.91506069456148,64.68348056520415,64.76364134946083,4750500
2022-09-21,64.97742462158203,65.01305390989188,64.52316648571309,64.8616345312689,6360300
2022-09-22,64.30940246582031,64.56770975640751,64.22924164922074,64.55880752940298,5216100
2022-09-23,64.13127899169922,64.35395704375374,63.908600939644714,64.35395704375374,6885400
2022-09-26,63.311832427978516,63.962048606713914,63.29401437630062,63.92641929895373,8658900
2022-09-27,63.03567123413086,63.4275866015794,62.94660141305394,63.3474258012877,9946100
2022-09-28,64.01546478271484,64.04218505162001,63.49885026524069,63.623549383859654,11649700
2022-09-29,63.685916900634766,63.81061605441504,63.4810501219419,63.63247634775585,6100300
2022-09-30,63.53449249267578,64.01547781768488,63.46323389735731,63.86405160373473,8919100
2022-10-03,64.06652069091797,64.43251636223614,63.896919086845834,64.00403445563059,6762600
2022-10-04,64.2271957397461,64.48606921238404,64.16470950914304,64.29861052057484,6124400
2022-10-05,63.887977600097656,63.95046382273301,63.62910416046903,63.896906149184844,7252400
2022-10-06,63.646976470947266,63.91477171318151,63.59341197410913,63.852285475611275,7108400
2022-10-07,63.316680908203125,63.486289309479574,63.26312322800565,63.38809568879198,5023200
2022-10-10,63.0309944152832,63.3166465722441,62.897093476914264,63.3166465722441,4950700
2022-10-11,63.048892974853516,63.334545350551174,62.95962788441485,63.129236323591215,9225500
2022-10-12,63.12027359008789,63.218467179542934,62.94174350588935,62.97745088482629,5442000
2022-10-13,62.89712905883789,63.111366595135046,62.29904558099372,62.3704603632556,6668900
2022-10-14,62.59364700317383,63.227438080260235,62.56686134316393,63.218509526923604,6544400
2022-10-17,62.727508544921875,63.09350412549734,62.727508544921875,62.97746023458879,19605200
2022-10-18,62.87034225463867,62.96853586518894,62.61146880959592,62.897121091972814,7008000
2022-10-19,62.35258102416992,62.56681848405851,62.29009481459883,62.477553443312104,6483600
2022-10-20,61.933048248291016,62.352601569578134,61.89734085812953,62.22762910925707,6260900
2022-10-21,62.040164947509766,62.11157972153474,61.674169338497556,61.71880527488509,6984400
2022-10-24,61.95088577270508,62.209759161708035,61.799134520336985,62.02230053046165,7259400
2022-10-25,62.54005432128906,62.673955319057406,62.40616013400838,62.432938971464516,7780900
2022-10-26,62.78998565673828,62.90603634130031,62.638234403603825,62.68287033004863,7001000
2022-10-27,63.12027359008789,63.254174558479875,62.825692821722754,62.96852233747052,5493300
2022-10-28,62.99531173706055,63.12028417906197,62.82570336127835,62.843560458985586,4828800
2022-10-31,62.79893112182617,62.84356706029567,62.540057661776736,62.80785967161767,6785000
2022-11-01,62.864219665527344,63.177376231009454,62.721058477706286,63.1505352148683,7019000
2022-11-02,62.76581573486328,63.28476494743645,62.63160379005255,62.9447604437422,10223800
2022-11-03,62.52425765991211,62.6137368761333,62.246891203282615,62.28268152450993,6408200
2022-11-04,62.54213333129883,62.72107804560166,62.398972098813935,62.56897435581392,8780400
2022-11-07,62.30055236816406,62.568976274151346,62.30055236816406,62.55108453269383,6246100
2022-11-08,62.577938079833984,62.69425148834084,62.43477681431336,62.452675385655866,6358100
2022-11-09,62.66740798950195,62.756880363776084,62.443723640664345,62.50635498528669,7269400
2022-11-10,63.96479034423828,63.96479034423828,63.427949139162955,63.436898426700985,7014100
2022-11-11,63.96479034423828,64.00058066808414,63.7500552274694,63.82163587516113,4525300
2022-11-14,63.75899124145508,63.87530465000991,63.71425163938522,63.78583227217505,6914500
2022-11-15,64.20635986328125,64.21530232263828,64.00951653654876,64.1168874855769,11948800
2022-11-16,64.57318115234375,64.62687002545384,64.33160511540886,64.39423644545147,8856700
2022-11-17,64.30477142333984,64.33161244980352,64.1168774117904,64.2421400861567,6260600
2022-11-18,64.19738006591797,64.45685461635105,64.17948832940262,64.35843299976258,8564600
2022-11-21,64.19738006591797,64.45685461635105,64.17053904799414,64.41211503561026,6834600
2022-11-22,64.5284652709961,64.59109661742458,64.35846297655957,64.36741226213643,9534200
2022-11-23,64.9221420288086,64.9221420288086,64.62688388176188,64.62688388176188,4855000
2022-11-25,64.9221420288086,64.9221420288086,64.77898759786238,64.77898759786238,2536400
2022-11-28,64.84162139892578,65.02056615096693,64.77004076758743,64.96688409061552,5852100
2022-11-29,64.60002899169922,64.76108197541618,64.56424550758764,64.60002899169922,5437600
2022-11-30,65.10111236572266,65.11005482715014,64.43005913811452,64.55532186116352,5479900
2022-12-01,65.64363861083984,65.64363861083984,65.1593882610448,65.22216196133824,7462500
2022-12-02,65.91267395019531,65.92164357664653,65.27596730856561,65.41944712268341,6828300
2022-12-05,65.39254760742188,65.61674038460734,65.31184149170899,65.60777759963075,7552900
2022-12-06,65.6077880859375,65.67952458631908,65.46430140153097,65.53604474373424,7584100
2022-12-07,66.18170928955078,66.20861132760456,65.85887114926454,65.89474281394307,7472500
2022-12-08,65.99339294433594,66.12791000007982,65.88578477319815,65.98443015795557,5378100
2022-12-09,65.6077880859375,65.87681535646722,65.6077880859375,65.84094368536559,12079600
2022-12-12,65.6077880859375,65.92165665579968,65.50914270086344,65.87681535646722,7533500
2022-12-13,66.05615997314453,66.49557587955873,66.01131868313848,66.49557587955873,12563900
2022-12-14,66.21755981445312,66.27137072076208,65.84988730407338,66.1009820607852,9833900
2022-12-15,66.25343322753906,66.32517654330668,66.10098381289725,66.25343322753906,7800400
2022-12-16,66.08304595947266,66.20859333081101,65.83195121679593,65.87678565409186,6541900
2022-12-19,65.68848419189453,65.83197085440807,65.59880844873389,65.81403160068356,6300000
2022-12-20,65.25804138183594,65.3746260240482,65.18630488103808,65.28495026668458,6130500
2022-12-21,65.41051483154297,65.55399471254913,65.31186942005344,65.50019061239976,8169000
2022-12-22,65.4015121459961,65.52705954410675,65.33873844694077,65.41944455637473,6833800
2022-12-23,65.1965560913086,65.27745983872768,65.12464317315681,65.16959046150001,4693400
2022-12-27,64.69319152832031,64.92690512720367,64.68420069736472,64.83701053363687,6959600
2022-12-28,64.6032943725586,64.88194836959853,64.59430354291399,64.82801710771818,7868200
2022-12-29,64.84599304199219,64.8729586734035,64.6752015657289,64.69318322533226,7391000
2022-12-30,64.57632446289062,64.79206323501614,64.5403748588636,64.70217550896079,7051900
2023-01-03,64.91790008544922,65.1516136331717,64.78306508260958,65.12464114620929,8634800
2023-01-04,65.28644561767578,65.40330582740643,65.16060143642241,65.34936770830247,5257100
2023-01-05,65.21455383300781,65.25050344295623,64.91791811597065,65.02578066180595,5632400
2023-01-06,65.93365478515625,65.96961124882817,65.23252088853936,65.3044338158832,5627200
2023-01-09,66.11344909667969,66.20333684316826,65.86175380531802,65.89771027551255,7398200
2023-01-10,65.85275268554688,65.96061521005142,65.69993601250933,65.89769311809255,4827900
2023-01-11,66.20333862304688,66.23929509420809,66.0235562672408,66.04153793181924,8453200
2023-01-12,66.71568298339844,66.71568298339844,66.16735899160979,66.41005651450305,5927600
2023-01-13,66.49098205566406,66.71570485192736,66.42805994703016,66.57187897048101,6331600
2023-01-17,66.40109252929688,66.5179459113439,66.28423228925455,66.30221395295119,6815100
2023-01-18,67.0123291015625,67.11120766360808,66.76962468272541,67.0572695383141,5112800
2023-01-19,66.87749481201172,66.94041691055254,66.75165061493006,66.84153834741777,4765200
2023-01-20,66.58084869384766,66.68871807073361,66.45500451647736,66.63477995329399,4714300
2023-01-23,66.4190673828125,66.57187723436753,66.38311091338862,66.4100765509577,6116700
2023-01-24,66.71568298339844,66.74264861283177,66.32016879706086,66.47297860251193,3907700
2023-01-25,66.79656982421875,66.84151710517554,66.58982879099881,66.70668212029737,4414400
2023-01-26,66.67073822021484,66.8325388609348,66.5628756983972,66.75164196957157,3866800
2023-01-27,66.59882354736328,66.6347800063539,66.47297936989277,66.51792665812938,4474100
2023-01-30,66.41004943847656,66.59881568239003,66.39207464010065,66.48196234796526,6258700
2023-01-31,66.71568298339844,66.71568298339844,66.39208171421191,66.62579526595624,5502300
2023-02-01,67.14458465576172,67.19865099508219,66.6039693826302,66.82022099131973,7473900
2023-02-02,67.18965148925781,67.45095041007839,67.17163395561043,67.39689093483877,4273500
2023-02-03,66.59495544433594,66.7661460195444,66.48682965397117,66.69406215930121,5332900
2023-02-06,66.18048858642578,66.28861439623498,66.1624710552725,66.23455492847863,5282300
2023-02-07,66.09037780761719,66.40573611529206,66.063348077573,66.12641973910796,4674500
2023-02-08,66.20750427246094,66.30661097393016,65.99125272117988,66.12640822215695,4308200
2023-02-09,65.93721008300781,66.3967361537809,65.90116814860443,66.38772395160603,4268100
2023-02-10,65.65787506103516,65.9011494563855,65.6218331368547,65.88313193144235,3606100
2023-02-13,65.83809661865234,65.83809661865234,65.65789382055739,65.67591135064845,3805800
2023-02-14,65.61283111572266,65.84710022209055,65.42361614014308,65.75699883480911,4328000
2023-02-15,65.4686508178711,65.58578189910364,65.36052506068425,65.52271025931793,4370800
2023-02-16,65.21636962890625,65.37855485799045,65.14429265154229,65.26142375476637,5912000
2023-02-17,65.36054992675781,65.36956212852532,65.04519160785291,65.05419693532464,5165700
2023-02-21,64.79290008544922,65.00914479155448,64.77487568326822,64.94607313251147,16093200
2023-02-22,64.93708038330078,65.09926568003608,64.91005064622779,64.96411012037377,4375600
2023-02-23,65.17135620117188,65.18937373629032,64.9641167386706,64.99114647849727,4789200
2023-02-24,64.8109130859375,64.90101446766268,64.69378197712426,64.83794281302558,4345900
2023-02-27,64.91903686523438,65.03616797043306,64.84695301236077,64.91903686523438,3340500
2023-02-28,64.93708038330078,64.95509791658367,64.65776393448338,64.70281120483928,5032400
2023-03-01,64.55235290527344,64.86843046482466,64.51622877132844,64.73296668502441,4427800
2023-03-02,64.41690063476562,64.43495925997762,64.27240407316857,64.30852821356784,4966600
2023-03-03,64.91357421875,64.91357421875,64.59749668961197,64.73296045637781,4008600
2023-03-06,64.76004028320312,65.04902638544833,64.7510075297033,65.04902638544833,4538700
2023-03-07,64.68781280517578,64.88649210613129,64.57944728827232,64.8684334833055,4253100
2023-03-08,64.63363647460938,64.93165545568094,64.51623818963044,64.82328303802537,4774500
2023-03-09,64.8503646850586,64.98582846429943,64.67878366199595,64.71490779579177,4597800
2023-03-10,65.62700653076172,65.77150304435438,65.39221003113313,65.48251690714204,4779500
2023-03-13,66.15081787109375,66.6655748130582,65.96117130194635,66.22306615171426,7270500
2023-03-14,65.73538208007812,66.09661649147453,65.61798382461296,65.92502859581724,5432500
2023-03-15,66.41268157958984,66.69263492325359,66.11466272925435,66.47589707299689,6677200
2023-03-16,66.09661102294922,66.71973326883112,65.99727139578476,66.6745832773754,6964800
2023-03-17,66.57523345947266,66.75584717759433,66.3675214826582,66.3675214826582,4352700
2023-03-20,66.28627014160156,66.68362183592856,66.25014600757656,66.62943907987808,6924500
2023-03-21,66.10566711425781,66.2591964473327,66.04245158533612,66.10566711425781,3997700
2023-03-22,66.6926498413086,66.7558653488559,65.98824650293176,66.10564476267004,5220500
2023-03-23,66.84617614746094,66.92745717048132,66.5391313470981,66.64750374780063,5392100
2023-03-24,66.98162841796875,67.20739904649633,66.85519741719114,67.04484391835756,4638000
2023-03-27,66.28627014160156,66.58428907982736,66.28627014160156,66.46688392175255,5769800
2023-03-28,66.16886901855469,66.25918280411165,66.1056535026495,66.15984315197858,3473300
2023-03-29,66.24113464355469,66.30435017601982,66.06052080507608,66.0695535639929,4231300
2023-03-30,66.33142852783203,66.39464404787452,66.2140302448888,66.2140302448888,3455300
2023-03-31,66.6745834350586,66.71070756229226,66.3494731799284,66.45783867165662,4549200
2023-04-03,66.95795440673828,66.98511309956254,66.55960849306562,66.61393278580795,5346200
2023-04-04,67.22954559326172,67.28386297118965,66.74066847063185,66.77688235828141,4126700
2023-04-05,67.41059875488281,67.8089445565683,67.33817098965056,67.40154355745581,4345900
2023-04-06,67.39252471923828,67.5373734059132,67.37441431646961,67.45589731473885,4381700
2023-04-10,66.9398422241211,67.03942868961148,66.82214536103632,67.0213182920171,4224300
2023-04-11,66.96703338623047,67.02135079116673,66.82217776360545,67.0122955879786,4401600
2023-04-12,67.0394287109375,67.22954644318156,66.85835927040058,67.22954644318156,4134800
2023-04-13,67.00323486328125,67.25672524875817,66.9489105613255,67.18429745088049,5012700
2023-04-14,66.70447540283203,66.81311709969005,66.6411028064386,66.76784799922547,4349600
2023-04-17,66.34232330322266,66.52339274335273,66.3242198127561,66.49622714701356,5085500
2023-04-18,66.44194030761719,66.53247161574721,66.35140899948716,66.36951249827474,3728400
2023-04-19,66.35138702392578,66.37854571666023,66.2246418531025,66.35138702392578,4611000
2023-04-20,66.64109802246094,66.64109802246094,66.532456333402,66.54151153426386,3605400
2023-04-21,66.5234375,66.78597627741087,66.47816838273742,66.74976927211785,3371600
2023-04-24,66.78594207763672,66.81310767834182,66.65014860958122,66.65014860958122,2993000
2023-04-25,67.22049713134766,67.25671102262655,67.04848287454634,67.04848287454634,3508100
2023-04-26,66.98511505126953,67.24766060137671,66.90363897042282,67.18428801390905,5819900
2023-04-27,66.69539642333984,66.8402519675072,66.65918253729801,66.82214157094003,3078100
2023-04-28,67.06660461425781,67.08470810941168,66.89459032837,67.02133551573112,4469100
2023-05-01,66.37687683105469,66.84879725534782,66.30427262363754,66.7943406378258,4546500
2023-05-02,67.0302963256836,67.03937358197764,66.54022834457305,66.5493056008671,4825100
2023-05-03,67.31160736083984,67.32068461422175,67.0302748212414,67.17547625577376,4205600
2023-05-04,67.22088623046875,67.5022188982669,67.06660747225162,67.08475506336943,11535800
2023-05-05,66.97583770751953,67.03028739018966,66.86693141826237,66.98490803868661,3143200
2023-05-08,66.65821075439453,66.80341917200519,66.63098590707214,66.70359011587747,9895900
2023-05-09,66.58558654785156,66.70356314652149,66.57650929444137,66.64003622048143,3827700
2023-05-10,66.9939956665039,67.04844535760452,66.83971692577352,66.86694177132382,5291800
2023-05-11,67.21179962158203,67.37515561458927,67.17549752047844,67.3207059248928,4745900
2023-05-12,66.85787200927734,67.21180888894192,66.85787200927734,67.16643644924471,2970500
2023-05-15,66.6854476928711,66.73082013395135,66.64006832787186,66.72174287616771,3268600
2023-05-16,66.5220718383789,66.5402194246164,66.39501796296574,66.4948400731473,3818500
2023-05-17,66.40409851074219,66.60375660965758,66.35872607620922,66.59467935318379,4574400
2023-05-18,66.13184356689453,66.25889746269152,66.09554146467853,66.25889746269152,3530000
2023-05-19,65.95033264160156,66.19537009904109,65.89588295057855,65.99571200006606,4166800
2023-05-22,65.93215942382812,66.14088777422607,65.89585733595125,65.9866090936858,5294900
2023-05-23,65.97754669189453,66.05015088399107,65.77789554950434,65.85049281768401,4561100
2023-05-24,65.79606628417969,66.03202652955139,65.78698902599481,66.01387201318164,4245100
2023-05-25,65.55103302001953,65.7869863318089,65.52380124658013,65.75976148228852,4012300
2023-05-26,65.63267517089844,65.64175242423084,65.40579230499739,65.48747373715787,3783100
2023-05-30,66.06831359863281,66.06831359863281,65.81419889473783,65.84143066309343,3533000
2023-05-31,66.28610229492188,66.36777680730977,66.03199458004943,66.07736700118183,4898400
2023-06-01,66.46537017822266,66.59275020380754,66.39257960883393,66.46537017822266,3984000
2023-06-02,66.09231567382812,66.43806042381593,66.09231567382812,66.42896681001699,4595500
2023-06-05,66.10140228271484,66.28337170395929,65.89213120076413,65.95582119236853,4674600
2023-06-06,66.19239807128906,66.2014986263809,65.99222750940658,66.13780862411734,5001900
2023-06-07,65.8193588256836,66.20150582249396,65.77386992865904,66.14690942769798,4326500
2023-06-08,66.14691162109375,66.18330690493447,65.89215157589939,65.90125213228221,3567600
2023-06-09,66.01042175292969,66.10140646931453,65.91943009485595,66.00132119878454,12690400
2023-06-12,66.14691162109375,66.15601217747658,65.88305796120716,66.08322160979516,4632800
2023-06-13,65.85575866699219,66.34708460402439,65.79206865339677,66.29249514713999,4302500
2023-06-14,65.91033935546875,66.06501407423421,65.69196769659953,65.96492879934145,5986200
2023-06-15,66.31976318359375,66.33796428969032,66.11959266665991,66.20148376071833,5061200
2023-06-16,66.17420959472656,66.26519432840198,66.00133374156015,66.12871375704376,3905300
2023-06-20,66.26519012451172,66.37436902131977,66.21059373441791,66.21969428971518,4921700
2023-06-21,66.3743896484375,66.41078493924732,66.03774535640763,66.13783067071162,3678700
2023-06-22,66.055908203125,66.27427290272975,65.9922182098366,66.17419457758108,3975500
2023-06-23,66.24700164794922,66.41077696608482,66.13782273031956,66.40168335074308,4163100
2023-06-26,66.32889556884766,66.40168614479106,66.26520555032003,66.33799612626343,6287800
2023-06-27,66.20152282714844,66.44718237091463,66.11963168476493,66.347097053386,4816100
2023-06-28,66.4107894897461,66.4198900484951,66.1833241128677,66.29250999277859,5517200
2023-06-29,65.91033935546875,65.97402935388331,65.80115352603414,65.94673463194695,5803000
2023-06-30,66.13783264160156,66.15602681670269,65.90126671513416,65.96495674052629,5612300
2023-07-03,65.94992065429688,66.26917889251419,65.93167334965152,66.12322829258191,3146500
2023-07-05,65.67626190185547,65.94079212518812,65.6215339105822,65.92254482189229,4415700
2023-07-06,65.25663757324219,65.33872952640812,65.08332305970843,65.29312520552847,5613400
2023-07-07,65.22016906738281,65.41172397358285,65.1836814243962,65.25665671036944,5726600
2023-07-10,65.4482192993164,65.52119459385598,65.2657880222746,65.27490471461171,4450800
2023-07-11,65.58505249023438,65.63978048670376,65.46646588547365,65.5303175344572,5709100
2023-07-12,66.10499572753906,66.15060007590462,65.88607676118238,65.93168110954794,6397500
2023-07-13,66.50633239746094,66.54281308114794,66.31477053191946,66.36038182548768,5868400
2023-07-14,66.19617462158203,66.45158110037643,66.18705097325235,66.37860583234814,7410000
2023-07-17,66.26915740966797,66.30564504782264,66.14145415577933,66.20530578272364,5942700
2023-07-18,66.35124206542969,66.52455658774215,66.34212537637454,66.47894530524793,7748100
2023-07-19,66.50633239746094,66.57018403287266,66.37862216733117,66.46984475446762,11522100
2023-07-20,66.19617462158203,66.29651387529478,66.06847138218484,66.28739022696509,5262100
2023-07-21,66.24179077148438,66.36037037126532,66.21441982448405,66.31475908556989,5170600
2023-07-24,66.13231658935547,66.36948270779826,66.12319294191046,66.32387142987713,3553400
2023-07-25,66.05936431884766,66.12321595457698,65.96814869056382,65.99551268311833,4200800
2023-07-26,66.2782974243164,66.2965377682449,66.05937154133173,66.21443882229887,4478200
2023-07-27,65.7127456665039,66.19619478567218,65.6488940273554,66.15058348943465,5342600
2023-07-28,65.94080352783203,65.95904387497491,65.7766125663128,65.83134056704976,5273200
2023-07-31,66.05936431884766,66.12321595457698,65.9499083486296,65.9499083486296,4607900
2023-08-01,65.6505355834961,65.84260235142769,65.57736529726428,65.7877281257051,11078000
2023-08-02,65.440185546875,65.4676226621739,65.23897073081221,65.440185546875,6546700
2023-08-03,65.03775024414062,65.12006158286063,64.9645799577878,65.05603932677755,5395200
2023-08-04,65.57735443115234,65.60479851736874,65.25724320430851,65.2755392617861,6925000
2023-08-07,65.47677612304688,65.54994642964499,65.42190188205053,65.51336127634593,4987400
2023-08-08,65.71455383300781,65.8334572853609,65.65967961063079,65.73284989240157,4338200
2023-08-09,65.73285675048828,65.81516809264158,65.68712357513454,65.71456068918565,4937800
2023-08-10,65.36699676513672,65.87002668510888,65.35784873665688,65.7877153624939,5195800
2023-08-11,65.15666198730469,65.36702486536548,65.13837290038403,65.17495805212955,4577400
2023-08-14,65.0743408203125,65.22982245836633,64.9737334126534,65.083488851346,7992400
2023-08-15,64.92799377441406,65.12006053958623,64.90970469207015,64.96457891700436,5028100
2023-08-16,64.74508666992188,65.04690891708309,64.71764955252607,64.92800543782967,5149700
2023-08-17,64.68104553222656,64.77250488949657,64.55300103646822,64.75421580920323,7357800
2023-08-18,64.81824493408203,64.90970430105557,64.69020042473859,64.71763753704042,5094400
2023-08-21,64.50727081298828,64.60787820394751,64.43410053267212,64.58044109330444,4280100
2023-08-22,64.58960723876953,64.6536295075275,64.4615627012536,64.52558497001156,4301900
2023-08-23,65.1749267578125,65.18406780793158,64.90968976844138,64.91883779646132,5205800
2023-08-24,65.01946258544922,65.16580317706507,65.00117350044897,65.0743437962569,4186400
2023-08-25,65.01946258544922,65.13836606061297,64.80910670738078,64.94629926754477,4853100
2023-08-28,65.13835144042969,65.16578855072358,65.0377440507508,65.16578855072358,3969000
2023-08-29,65.54080200195312,65.55909108870924,65.0377648923585,65.0560539791146,6214600
2023-08-30,65.51332092285156,65.64136539157592,65.50417987358568,65.60478723871199,4721500
2023-08-31,65.62310028076172,65.72370768262995,65.55907802301854,65.59566316714361,4747100
2023-09-01,65.3075942993164,65.63775542992471,65.2342236042891,65.61941625467519,3940700
2023-09-05,64.949951171875,65.17005636250416,64.94077808146858,65.16089026911558,4634300
2023-09-06,64.87655639648438,65.0324708875332,64.80319269147846,65.02329780052673,7800400
2023-09-07,65.0966796875,65.10584577906613,64.94076516966184,65.01413588428963,4742800
2023-09-08,65.11502838134766,65.27093592494838,65.09668919851948,65.19756519960069,4270600
2023-09-11,65.01414489746094,65.06916944255181,64.95912035237006,65.02331798731522,4215800
2023-09-12,65.05996704101562,65.07830621347203,64.97742327242794,65.05079395628066,4246300
2023-09-13,65.16088104248047,65.22507867219947,64.98662733452166,64.98662733452166,6142500
2023-09-14,65.05081939697266,65.24341226964692,65.03248021734399,65.20672691337332,5227300
2023-09-15,64.92242431640625,65.04164647684159,64.90407813971387,65.02330729716549,4946100
2023-09-18,64.98661041259766,65.0049495890205,64.81235675001292,64.81235675001292,5882500
2023-09-19,64.84904479980469,64.98661311825622,64.82153253551745,64.94075467976727,4200900
2023-09-20,64.76652526855469,65.04165498177015,64.76652526855469,64.96828425943914,5518400
2023-09-21,64.36298370361328,64.46386668253403,64.35381061543426,64.44552050617598,9127100
2023-09-22,64.62895202636719,64.66563738475864,64.40884687303515,64.45469832326197,8149800
2023-09-25,64.15204620361328,64.36298525471729,64.14288011222952,64.29878762994935,22744300
2023-09-26,64.08785247802734,64.28044536404876,64.06034020816954,64.27127927210732,7329100
2023-09-27,63.85857009887695,64.29878737915173,63.730174849841866,64.28961429078743,7701800
2023-09-28,64.02363586425781,64.04198203673394,63.629277120197024,63.74850625024787,9004600
2023-09-29,63.99612808227539,64.3171161529301,63.91359129139925,64.25291853879916,7650600
2023-10-02,63.556541442871094,63.795650636918644,63.51975487330065,63.7496656708754,6719800
2023-10-03,63.041568756103516,63.5105819192927,63.023171955788136,63.43701576700178,8099500
2023-10-04,63.45538330078125,63.48297147525717,63.142707968292676,63.29904563453697,7915900
2023-10-05,63.501380920410156,63.5933438590919,63.42780776293577,63.57494706156207,6845000
2023-10-06,63.25305938720703,63.40020566986473,62.98636201213064,63.03234697954141,8385100
2023-10-09,63.89681625366211,63.89681625366211,63.510560755312085,63.584133899409345,3561600
2023-10-10,63.83243179321289,63.97037264700316,63.58412422375014,63.66689575234443,11555900
2023-10-11,64.12673950195312,64.13593088450675,63.93360820716618,64.03476954583647,18074400
2023-10-12,63.574947357177734,64.01637928775419,63.51977099697662,63.99798249013882,6144000
2023-10-13,63.86920166015625,63.970362948478844,63.77723876613182,63.942774781903424,5570100
2023-10-16,63.53815460205078,63.694499301293995,63.510566424631925,63.694499301293995,4914800
2023-10-17,63.12431335449219,63.24386445345704,63.01395363645603,63.16109992717091,5851900
2023-10-18,62.84840774536133,63.04153897582162,62.747253456705295,62.995554013079605,5885900
2023-10-19,62.572509765625,62.91278019716947,62.535723204134854,62.78402372379436,9433800
2023-10-20,62.80244445800781,62.885208990677704,62.71048152737842,62.73806970493505,5197700
2023-10-23,63.041568756103516,63.13353170870982,62.52656359212588,62.60933516089803,9587100
2023-10-24,63.25305938720703,63.262257783953366,62.97717063170524,63.07832493063124,9462100
2023-10-25,62.774864196777344,63.013966443301754,62.71968081838323,62.99557666138555,7392400
2023-10-26,63.197898864746094,63.20709726379581,62.848429864084046,62.857628263133755,11426600
2023-10-27,63.197898864746094,63.197898864746094,63.01396596536536,63.15191388582024,5325500
2023-10-30,63.041568756103516,63.124333308552124,62.89442241887461,62.9955837716386,5905300
2023-10-31,63.02314758300781,63.22547021029208,63.0047578061278,63.12430889664994,9248200
2023-11-01,63.63468551635742,63.64391124201659,63.13660188826424,63.164279065241736,9330800
2023-11-02,64.00365447998047,64.10511637822886,63.84685228711248,64.04055035544977,8409100
2023-11-03,64.38182067871094,64.72309515213898,64.3725949521631,64.59396312913906,7995700
2023-11-06,64.1050796508789,64.26188175391118,64.04973938796509,64.2249858995804,7822000
2023-11-07,64.42793273925781,64.55706475725133,64.24346043845772,64.27113057986101,7986100
2023-11-08,64.630859375,64.70465111347805,64.44638706597236,64.45560575540648,6543700
2023-11-09,64.1512222290039,64.60318427747461,64.12354505132177,64.5662884110654,6979700
2023-11-10,64.27111053466797,64.44636409178615,64.21577026912117,64.43713836847334,4381800
2023-11-13,64.25267791748047,64.27112233032616,63.97596246463101,64.03130274033438,6058600
2023-11-14,65.03670501708984,65.0920453007629,64.93524313891102,65.01825356442062,8237100
2023-11-15,64.67697143554688,64.78765198977888,64.59395398270641,64.76920757646236,6793500
2023-11-16,65.06437683105469,65.12894284272168,64.9444705342924,64.9444705342924,5623900
2023-11-17,65.15660858154297,65.21194886289798,65.00903215220725,65.12893844086545,5657300
2023-11-20,65.24884033203125,65.27651047084392,65.03669790968985,65.10126391264157,6959100
2023-11-21,65.341064453125,65.3779603104764,65.1842623372555,65.31339431940276,5737800
2023-11-22,65.39642333984375,65.516329619598,65.24883988430022,65.47021506761551,4949100
2023-11-24,65.08281707763672,65.21194909269813,65.07359838882307,65.1658345371288,3534800
2023-11-27,65.47943878173828,65.47943878173828,65.21194902590872,65.25807061859786,5257000
2023-11-28,65.75614929199219,65.77459370537312,65.39642341514873,65.44253796718432,7051400
2023-11-29,66.09744262695312,66.13433146034046,65.9129632741777,65.99598074221858,7615800
2023-11-30,65.88529968261719,65.96831012174542,65.76539336926471,65.95909143106569,9880000
2023-12-01,66.42271423339844,66.45046246362169,65.85847669543557,65.87698022026909,7643500
2023-12-04,66.15444946289062,66.29319762884253,66.05270833535242,66.20070120388289,11164600
2023-12-05,66.5799560546875,66.63545250687231,66.3672078929358,66.44120786719951,8393500
2023-12-06,66.77420043945312,66.88519334339904,66.64470401349894,66.73720045246252,9365200
2023-12-07,66.75569152832031,66.93143968808127,66.69094332057028,66.70019508082754,9876000
2023-12-08,66.43196868896484,66.55221337714933,66.3302204693367,66.47822044589665,7349900
2023-12-11,66.44120025634766,66.48744494219567,66.23770387894595,66.40420027345415,12895800
2023-12-12,66.63543701171875,66.6539334724706,66.40419243868683,66.47819239574288,8052300
2023-12-13,67.48640441894531,67.53265614887204,66.75567083964677,66.79267081218352,7172600
2023-12-14,67.99517822265625,68.1061711371156,67.80093356532579,67.85643002255547,9105500
2023-12-15,67.89342498779297,68.01366965523266,67.8101732510839,67.89342498779297,7996700
2023-12-18,67.7546615600586,67.81015800069953,67.70840982150814,67.80091329860905,6144200
2023-12-19,67.8841552734375,67.9581552293803,67.8379035367172,67.85640705421501,6924100
2023-12-20,68.10617065429688,68.14317064452989,67.89342953174024,67.99517774062438,7496100
2023-12-21,68.09693145751953,68.28192436662117,67.99518324040548,68.24492437339542,6912600
2023-12-22,68.05146026611328,68.21843523222076,67.97724759733003,68.20915687929545,5890700
2023-12-26,68.11639404296875,68.16277872991864,68.01435339352665,68.04218137477275,6394600
2023-12-27,68.55238342285156,68.5709330509213,68.31119579408825,68.36685175560692,7467700
2023-12-28,68.38542175292969,68.54311839275674,68.31120907160725,68.4689057114343,8166600
2023-12-29,68.22772979736328,68.37614809288716,68.16279546607572,68.22772979736328,6939800
2024-01-02,67.94013214111328,68.05145112934215,67.89375453733275,67.95868884447243,8334200
2024-01-03,67.99580383300781,68.04218144269443,67.60619086324468,67.72678821851095,6477200
2024-01-04,67.68968963623047,67.76390231299942,67.6061986055378,67.68041128230675,5056900
2024-01-05,67.48558807373047,67.87519389395267,67.4299321215011,67.49486642487146,6223400
2024-01-08,67.78243255615234,67.88447318819601,67.52269533906242,67.55980166683361,7937500
2024-01-09,67.77316284179688,67.84737550679681,67.6711221967493,67.69895725410622,5649400
2024-01-10,67.65259552001953,67.940160847813,67.65259552001953,67.89378322443659,6578400
2024-01-11,68.00505828857422,68.05144296409789,67.66183716800722,67.75459944174675,7537300
2024-01-12,68.14421844482422,68.31119340083978,68.04217780074197,68.17204642460861,4461200
2024-01-16,67.661865234375,67.96798015696211,67.57837419926159,67.91232418509368,5724700
2024-01-17,67.504150390625,67.56908470620411,67.37428175946677,67.49487911504912,12370300
2024-01-18,67.41138458251953,67.55980991171785,67.33717191792037,67.53198193182047,6086200
2024-01-19,67.41138458251953,67.42066293492174,67.18875366603129,67.3279006428274,7883100
2024-01-22,67.52271270751953,67.66185970312632,67.49488472386021,67.615475012154,10321400
2024-01-23,67.364990234375,67.42064618033879,67.30005593831476,67.42064618033879,6840400
2024-01-24,67.22586059570312,67.65257280497622,67.20730389073383,67.65257280497622,7483800
2024-01-25,67.54126739501953,67.5505457493708,67.40212746630412,67.48561142353337,8361100
2024-01-26,67.439208984375,67.55052797536761,67.39283137944305,67.55052797536761,9120500
2024-01-29,67.7082290649414,67.77316337800276,67.54125410602514,67.62474512413793,7677600
2024-01-30,67.82882690429688,67.88448286523331,67.59691763064922,67.86593323735762,6688100
2024-01-31,68.11639404296875,68.26481230205117,67.97724705942865,68.08856606172264,9916600
2024-02-01,68.52759552001953,68.68574872639279,68.28570955287142,68.38804565059557,12060800
2024-02-02,67.91357421875,68.04381886175642,67.79263479247281,67.94148277113699,7820000
2024-02-05,67.3740005493164,67.55076421840423,67.30887821298968,67.52285565966453,7577100
2024-02-06,67.6903076171875,67.75542994726783,67.44842163497417,67.47633019103692,8310500
2024-02-07,67.5600357055664,67.78331116180827,67.55073049136502,67.58794425037179,9257500
2024-02-08,67.38330078125,67.50424022610561,67.3460870064171,67.44842311275714,7987500
2024-02-09,67.32747650146484,67.35538505516844,67.2530489597212,67.29026273059303,5940700
2024-02-12,67.3460693359375,67.43910019970913,67.27164180580021,67.40188643464049,6063000
2024-02-13,66.75997924804688,66.98325477658452,66.74136881361811,66.96465143995684,12938800
2024-02-14,67.01117706298828,67.06699418211099,66.80650482913497,66.82511526737756,6915700
2024-02-15,67.19725799560547,67.29958703306308,67.08561663955561,67.27167846850156,6733900
2024-02-16,66.98326873779297,66.99257395694681,66.85302406084924,66.89954305881595,5029200
2024-02-20,67.06697082519531,67.17861212236278,67.02976415727288,67.09488647283723,7605000
2024-02-21,66.88092041015625,67.14140971648655,66.85301185559247,67.14140971648655,6625600
2024-02-22,66.90882110595703,67.00185197617647,66.83439357066132,66.91812632231911,11884200
2024-02-23,67.15070343017578,67.21582574560207,66.91812271825329,66.91812271825329,6147200
2024-02-26,67.02977752685547,67.16932030389756,66.91813620742032,67.16932030389756,5255800
2024-02-27,66.92744445800781,67.08559767768998,66.8995359013347,67.00186490986884,5534300
2024-02-28,67.07627868652344,67.104187237466,66.94603405025799,66.98324781744816,5255300
2024-02-29,67.18794250488281,67.31818718479735,67.14142350585503,67.16933206615062,6002900
2024-03-01,67.46967315673828,67.51632262539391,66.99387562374727,67.11516139516807,6366800
2024-03-04,67.31109619140625,67.38573251617028,67.26444670900081,67.2924335513594,26404700
2024-03-05,67.67491912841797,67.74955543085001,67.5349778407853,67.59095150875454,6208600
2024-03-06,67.79620361328125,67.92681359491733,67.74022994049726,67.74956125853132,28955300
2024-03-07,67.90815734863281,67.96413102081681,67.7868786863308,67.95479970288278,7495500
2024-03-08,67.97345733642578,68.07608047301756,67.92680786789877,68.0201068049528,7187700
2024-03-11,67.94547271728516,68.02010902227755,67.88016772984426,68.01077770472605,5626200
2024-03-12,67.74021911621094,67.84284224505677,67.68424545237104,67.83351092851377,4699400
2024-03-13,67.62828063964844,67.74956643021903,67.60962511986642,67.67493011566955,6123200
2024-03-14,67.22711181640625,67.45102073497611,67.21778761641494,67.45102073497611,5214000
2024-03-15,67.18981170654297,67.27377935298293,67.1431693409313,67.19914302675004,4783900
2024-03-18,67.1058349609375,67.20845810527972,67.07784812479146,67.18047126913368,5284200
2024-03-19,67.28307342529297,67.34837839516597,67.1897745102962,67.21776845541997,4560100
2024-03-20,67.40437316894531,67.53498314961365,67.19912687997788,67.32973686064622,5287200
2024-03-21,67.46034240722656,67.58162817966814,67.39503742118481,67.54431002797148,5492900
2024-03-22,67.68424987792969,67.74955486258257,67.62826909272044,67.74022354542944,4169400
2024-03-25,67.55364990234375,67.6376104160143,67.50700042738642,67.6376104160143,7950500
2024-03-26,67.609619140625,67.62827465875716,67.46967784264848,67.58163230457171,7603100
2024-03-27,67.84285736083984,67.87084419899541,67.65626657695162,67.70291605235134,7825200
2024-03-28,67.75886535644531,67.8708197865093,67.70289170026734,67.768196671711,5326400
2024-04-01,67.29662322998047,67.54927028583279,67.2404826126529,67.51184082796804,6157500
2024-04-02,67.22178649902344,67.23114565131316,66.97850565102281,67.07207575709548,9043000
2024-04-03,67.26856231689453,67.27792146740272,66.95977460058545,67.0439926772789,5419200
2024-04-04,67.40892791748047,67.42763908147164,67.24985803726246,67.42763908147164,12412900
2024-04-05,67.07208251953125,67.30601137776915,67.07208251953125,67.15629348180464,11531700
2024-04-08,67.01593017578125,67.09078197175077,66.96914155672695,67.0065710241822,13873100
2024-04-09,67.25920867919922,67.305997296635,67.19370889815355,67.20306804942885,8886200
2024-04-10,66.47322082519531,66.81007892993492,66.44515050629063,66.79136062470398,8196500
2024-04-11,66.47322082519531,66.65100903018059,66.35158039696113,66.61357955866043,16574100
2024-04-12,66.62291717529297,66.76327587842694,66.61356516364017,66.67906493991067,12479100
2024-04-15,66.18315124511719,66.30479167316854,66.08957399698659,66.29543252056713,8079200
2024-04-16,66.01471710205078,66.07085773544628,65.89306954443896,65.98663964641186,14378900
2024-04-17,66.33285522460938,66.37964384390119,66.11764470932539,66.2205668216736,6568500
2024-04-18,66.15507507324219,66.33286328141611,66.09893443442594,66.32350412863278,6349500
2024-04-19,66.23927307128906,66.32348400396113,66.18313244950768,66.29541369307044,8338300
2024-04-22,66.26734924316406,66.32348986991077,66.17377915227277,66.21120861641735,5938300
2024-04-23,66.38899993896484,66.53871781875225,66.16443025822518,66.22993004589681,6044400
2024-04-24,66.2205581665039,66.28605794158689,66.08955861633792,66.28605794158689,4616600
2024-04-25,66.03343200683594,66.0521431727138,65.84629179229101,65.92114359474404,5367500
2024-04-26,66.18315124511719,66.27672135430605,66.15507378731297,66.15507378731297,4256600
2024-04-29,66.37965393066406,66.41708340399694,66.26736551066543,66.29543583092956,4799500
2024-04-30,66.12700653076172,66.28607643764342,66.07086589043689,66.1831543100286,6605800
2024-05-01,66.36539459228516,66.57187837126675,66.1682983925186,66.26215270279435,8119200
2024-05-02,66.628173828125,66.65632939851196,66.30906781624182,66.34661096363217,6014800
2024-05-03,66.966064453125,67.15378021659203,66.80651142464619,67.05991875454642,7256900
2024-05-06,67.03176879882812,67.0786995337847,66.95668248714753,67.01300080122039,5584300
2024-05-07,67.16319274902344,67.32275301442174,67.11626915618787,67.2382790903135,4635400
2024-05-08,67.00362396240234,67.07871028611885,67.00362396240234,67.03177954363954,6774500
2024-05-09,67.18192291259766,67.21946605809427,66.97543919267768,67.0129823381743,4525200
2024-05-10,66.99423217773438,67.08809365680295,66.96607659826401,67.06931849673903,5562000
2024-05-13,67.050537109375,67.2007025567754,67.04114953121744,67.2007025567754,5600500
2024-05-14,67.24763488769531,67.29455845835187,67.14439300737695,67.2288597309333,4272500
2024-05-15,67.67938232421875,67.7263130637646,67.5198292667637,67.59490842516134,4208200
2024-05-16,67.56672668457031,67.72628684087087,67.54795869239405,67.69812411167237,4359500
2024-05-17,67.3978042602539,67.56674487782077,67.38842384195134,67.5104337255067,4373500
2024-05-20,67.33210754394531,67.38842585856938,67.32272712536202,67.36026312094491,3699600
2024-05-21,67.47288513183594,67.51042828389407,67.4353419797778,67.51042828389407,4612300
2024-05-22,67.38842010498047,67.46349925036088,67.31333379897579,67.33210179516483,4306200
2024-05-23,67.19131469726562,67.43534160397154,67.11623555419185,67.40718603024087,3589900
2024-05-24,67.26638793945312,67.28516309204392,67.13499051380816,67.1725336583671,4025200
2024-05-28,66.94729614257812,67.3321009247854,66.92852098600753,67.3321009247854,4743400
2024-05-29,66.70327758789062,66.83467505784918,66.60942327515238,66.82528747838784,4877500
2024-05-30,66.99423217773438,67.03177533723671,66.8816098598529,66.93792101879363,3723200
2024-05-31,67.23824310302734,67.27578625357852,67.14438880696132,67.15377638475506,4193000
2024-06-03,67.6138916015625,67.62330796688894,67.34087446775385,67.37853274647733,4798900
2024-06-04,67.86804962158203,67.9151242473321,67.6985982070725,67.7456656502431,5298400
2024-06-05,68.05636596679688,68.06578233192523,67.78334883873102,67.95280749813114,5506400
2024-06-06,68.06578826904297,68.0940301843094,67.94339705944478,67.94339705944478,4119700
2024-06-07,67.51973724365234,67.62329569570427,67.51032088003464,67.62329569570427,3826500
2024-06-10,67.41619873046875,67.45385701349636,67.35029853081619,67.42561509687143,3925100
2024-06-11,67.68920135498047,67.71744326553869,67.46325888793318,67.48208443411148,4073200
2024-06-12,67.99987030029297,68.32937119658844,67.99045393680429,68.17873811109288,4495700
2024-06-13,68.30113220214844,68.38585792941811,68.1504991102275,68.21639929229762,4339600
2024-06-14,68.40469360351562,68.4705937884242,68.34820260032153,68.40469360351562,3527000
2024-06-17,68.15050506591797,68.16933779534446,68.05636296653086,68.13167951907326,4019000
2024-06-18,68.38585662841797,68.47999871778698,68.22581435823254,68.23523072194374,8491900
2024-06-20,68.2540512084961,68.28229311495569,68.1128344936176,68.15990912610393,4227800
2024-06-21,68.27288818359375,68.42352128670771,68.18816245002841,68.38586301092921,4115300
2024-06-24,68.31055450439453,68.32938723579257,68.2164123951519,68.29172895557902,31937200
2024-06-25,68.34819030761719,68.35760667021954,68.2352226867096,68.3199484023903,5958500
2024-06-26,68.02812194824219,68.08460577209979,67.9998800363134,68.06578022500788,5910600
2024-06-27,68.15050506591797,68.21640525374713,68.12226315436001,68.15992143063121,5514800
2024-06-28,67.83040618896484,68.30112376922808,67.83040618896484,68.30112376922808,4824500
2024-07-01,67.47251892089844,67.76526674182932,67.42530664342544,67.59528669262738,4960000
2024-07-02,67.67081451416016,67.7463555762047,67.58582091292604,67.69914331301177,6080100
2024-07-03,68.05799865722656,68.08632746102496,67.8124703498396,67.85968982595728,4438600
2024-07-05,68.36962890625,68.41684117699515,68.19964888127056,68.23742302067492,4201700
2024-07-08,68.36962890625,68.41684117699515,68.2657518240581,68.3601835702288,4742300
2024-07-09,68.3412857055664,68.38849796636545,68.1901891797801,68.3412857055664,8533200
2024-07-10,68.39795684814453,68.43573098707311,68.29407976726098,68.3885115122423,5591500
2024-07-11,68.73790740966797,68.87955860993569,68.71901674046997,68.77568154338465,4978100
2024-07-12,68.91735076904297,68.91735076904297,68.74737072519915,68.79458300118391,4656800
2024-07-15,68.70014953613281,68.85124610676158,68.68126606714473,68.75680714777808,4557200
2024-07-16,68.96456909179688,68.97401442969448,68.75681488614076,68.76626022403835,4636600
2024-07-17,69.03064727783203,69.0684214111863,68.83233848123156,68.8795579490942,8365100
2024-07-18,68.85125732421875,69.0401208635939,68.81348317540728,68.91736028346827,7673700
2024-07-19,68.67182922363281,68.92679571225179,68.6529385476273,68.92679571225179,5593100
2024-07-22,68.64348602294922,68.79457537590723,68.5584924081075,68.77569190854264,5055700
2024-07-23,68.65291595458984,68.77568369417816,68.64347782437501,68.68125195927298,6981700
2024-07-24,68.4546127319336,68.78512743339287,68.4546127319336,68.73791516443019,5080200
2024-07-25,68.60570526123047,68.75679459960428,68.53015698970371,68.53015698970371,4567700
2024-07-26,68.87956237792969,68.89844584348137,68.78512343613212,68.8323429070309,3692700
2024-07-29,68.96456909179688,69.06844619462494,68.89846613587737,68.98345976759207,5185000
2024-07-30,69.049560546875,69.09677282551104,68.90790930160364,69.06844401739309,4282400
2024-07-31,69.42726135253906,69.42726135253906,69.11563737634778,69.29505549483879,6041400
2024-08-01,69.68682098388672,69.7910155315758,69.56368525784468,69.62051601960268,8733700
2024-08-02,70.48249816894531,70.51091355401186,70.09413530183528,70.21727104602374,6476300
2024-08-05,70.41616821289062,70.8518947630441,70.27409132338225,70.84242056151075,8354200
2024-08-06,69.98045349121094,70.35934208377768,69.98045349121094,70.34040090616382,6484400
2024-08-07,69.8099594116211,69.98045893019265,69.70576485989962,69.91415396334257,5907200
2024-08-08,69.70574951171875,69.7436390882474,69.59208800883056,69.6205033845526,4357500
2024-08-09,69.95204162597656,70.03729499626932,69.91415204214636,69.99940541243912,6093100
2024-08-12,70.0751724243164,70.11305477487606,69.84783496077088,69.91413991429718,4822900
2024-08-13,70.34037780761719,70.34984477996592,70.22670909916432,70.2740728676938,4049000
2024-08-14,70.47301483154297,70.54879399969938,70.34040490061885,70.38776146069219,6333600
2024-08-15,70.17936706542969,70.17936706542969,70.00887478999303,70.05623134649254,5108300
2024-08-16,70.3309097290039,70.3309097290039,70.14146909179317,70.302494356092,4647700
2024-08-19,70.41616821289062,70.49194737176065,70.2930324997506,70.32144787765226,4964700
2024-08-20,70.62455749511719,70.64350589823985,70.48248060518901,70.55825253758458,4444000
2024-08-21,70.776123046875,70.88978457043414,70.56773395141775,70.70981808256579,4541800
2024-08-22,70.491943359375,70.64350166848838,70.40669723052217,70.62455326650024,3999700
2024-08-23,70.80452728271484,70.83294265913187,70.54878166826352,70.64350199855296,4292000
2024-08-26,70.72875213623047,70.89925163109343,70.72875213623047,70.89925163109343,4427200
2024-08-27,70.72875213623047,70.7571675142579,70.5582526413675,70.57720104451805,3715900
2024-08-28,70.68140411376953,70.78559866357978,70.6624557083317,70.72876067396557,5179900
2024-08-29,70.57721710205078,70.6245736673048,70.49196372187349,70.57721710205078,3840800
2024-08-30,70.43512725830078,70.70034712772072,70.39723767314086,70.6151009811355,5037400
2024-09-03,70.73535919189453,70.83987138804619,70.62135115880581,70.69736134668528,6220100
2024-09-04,71.04890441894531,71.07740643068296,70.75437396601447,70.77337289092911,7338600
2024-09-05,71.21990203857422,71.24840404162778,71.00138184934418,71.19140003552066,9994300
2024-09-06,71.30541229248047,71.59994264326467,71.13439303263473,71.25790412357321,22536000
2024-09-09,71.40043640136719,71.45744041706418,71.20091509769732,71.28642112124281,5040900
2024-09-10,71.63794708251953,71.65694600067377,71.39091765414177,71.42892273917903,5653900
2024-09-11,71.5999526977539,71.74246997575995,71.47644158947126,71.52394251632003,6471000
2024-09-12,71.52393341064453,71.62844558462824,71.43842740396455,71.57144158017492,5685400
2024-09-13,71.67594909667969,71.75195201476915,71.59993892986175,71.69494801401994,4786700
2024-09-16,71.86597442626953,71.8944764294843,71.6759562390183,71.73296024544783,4734900
2024-09-17,71.7709732055664,71.88498847966157,71.73296811420136,71.86598230961405,5398400
2024-09-18,71.55245208740234,71.89449069128855,71.54295625026651,71.6569642857415,5695700
2024-09-19,71.55245208740234,71.59045718213756,71.41943788019444,71.4669460607961,5135600
2024-09-20,71.54296112060547,71.62846715303259,71.39094073131575,71.4669509259606,4265000
2024-09-23,71.49543762207031,71.59994980513716,71.3054194248922,71.42893052818502,6632500
2024-09-24,71.5809555053711,71.60946476353169,71.32443017177195,71.37193835330883,5017900
2024-09-25,71.31489562988281,71.47641902662443,71.31489562988281,71.47641902662443,4793100
2024-09-26,71.31489562988281,71.41940778418073,71.18188147872685,71.39090578732268,4919700
2024-09-27,71.52393341064453,71.57144158017492,71.40042231808603,71.47643248984308,3927900
2024-09-30,71.36241912841797,71.50493639206711,71.2864089546412,71.49543330816273,5661900
2024-10-01,71.572998046875,71.71593585584208,71.51582583133576,71.59205302868176,6267100
2024-10-02,71.43959045410156,71.46817656150715,71.24900428786623,71.32523875436036,6902500
2024-10-03,71.1251449584961,71.32525502610605,71.1251449584961,71.30620004019485,7733800
2024-10-04,70.65821838378906,70.8011562173069,70.62010114350963,70.67727336886867,5218300
2024-10-07,70.44856262207031,70.53432094236618,70.41044538967702,70.45809374769831,7044200
2024-10-08,70.55339813232422,70.55339813232422,70.34375694483188,70.40092917046788,8642400
2024-10-09,70.36280822753906,70.45810495874493,70.32469825920056,70.45810495874493,4997800
2024-10-10,70.334228515625,70.37234575755149,70.15318070412485,70.31517352972202,4579000
2024-10-11,70.34376525878906,70.43905473615145,70.25800691019924,70.35329638756163,8508000
2024-10-14,70.2961196899414,70.2961196899414,70.11507185676518,70.13412684494953,3380100
2024-10-15,70.57245635986328,70.60104247399464,70.3723462908232,70.50575300351659,4456200
2024-10-16,70.6677474975586,70.743974705825,70.6200991310371,70.64868524290199,7437800
2024-10-17,70.32471466064453,70.50576249789674,70.28659741329628,70.50576249789674,4250400
2024-10-18,70.36280822753906,70.4962221972033,70.36280822753906,70.41998772028656,3930300
2024-10-21,69.8863525390625,70.1817593148806,69.86729755519669,70.1817593148806,5259900
2024-10-22,69.91495513916016,70.02929959767216,69.82918952515544,69.99118235479459,4633000
2024-10-23,69.74344635009766,69.91497034529192,69.63862572691659,69.90543921496938,6429400
2024-10-24,69.85777282714844,69.98165567904292,69.72436611750855,69.82918671367138,6219500
2024-10-25,69.7148208618164,70.01975142884507,69.68622748699525,70.01975142884507,4641400
2024-10-28,69.6290512084961,69.82916119984073,69.51469952624869,69.79104397242493,4582800
2024-10-29,69.6862564086914,69.69578753758748,69.36227072743726,69.46709133493036,5543800
2024-10-30,69.6195297241211,69.97210867394949,69.58141249142732,69.81963974317438,4610300
2024-10-31,69.61001586914062,69.714836456578,69.40037469426588,69.51471913865588,6115700
2024-11-01,69.34046173095703,69.85664469684104,69.31178611499953,69.81840811127005,6409800
2024-11-04,69.6176528930664,69.7897138356906,69.49338219996606,69.60809192600922,6860100
2024-11-05,69.78974914550781,69.80886379641213,69.3978295195645,69.3978295195645,6236900
2024-11-06,69.21617889404297,69.38823254155592,69.04411795364906,69.07279356156789,6382500
2024-11-07,69.73236846923828,69.80884163434722,69.30221967804476,69.30221967804476,6590200
2024-11-08,69.86619567871094,70.00958104585082,69.74193225006049,69.74193225006049,5398500
2024-11-11,69.73236846923828,69.78016602065198,69.63678065929332,69.78016602065198,4372000
2024-11-12,69.31178283691406,69.60810724497097,69.26398528399014,69.53163407744574,7197800
2024-11-13,69.28309631347656,69.70368408287712,69.21618412564818,69.70368408287712,5458100
2024-11-14,69.26396942138672,69.5125035124839,69.21617917229021,69.39779378746651,6643300
2024-11-15,69.28309631347656,69.45515726687545,69.01544026928156,69.1492646449383,18467300
2024-11-18,69.35000610351562,69.40735732170516,69.13970857964567,69.20662076516054,4964800
2024-11-19,69.47427368164062,69.56986148199374,69.45515903872268,69.5507468390758,4900500
2024-11-20,69.39778900146484,69.48382311251481,69.30220121698304,69.31176218329536,6557800
2024-11-21,69.35956573486328,69.53162669709049,69.30221451174818,69.39780231456731,5115500
2024-11-22,69.38824462890625,69.46471779193196,69.32133243447932,69.41692753470255,10409500
2024-11-25,70.02869415283203,70.03824782798918,69.78972100203069,69.78972100203069,10207100
2024-11-26,69.90443420410156,69.9522317587698,69.72281954070469,69.9522317587698,5537900
2024-11-27,70.09561920166016,70.18164605114612,69.98090944279573,69.98090944279573,5366600
2024-11-29,70.35370635986328,70.38238197608015,70.25811854151267,70.25811854151267,3870800
2024-12-02,70.39492797851562,70.4524608168719,70.15522854466202,70.27028690632838,6212800
2024-12-03,70.23192596435547,70.51956817759964,70.18398315713299,70.5003881286925,6249200
2024-12-04,70.47164916992188,70.51959199333551,70.07853850006398,70.18400685953571,6769700
2024-12-05,70.48123168945312,70.5291671927125,70.3278205229102,70.35658328787524,6146200
2024-12-06,70.67298126220703,70.74968683780459,70.53875016243445,70.69216131362958,4880500
2024-12-09,70.4620361328125,70.61544726560138,70.4428633987366,70.61544726560138,5432900
2024-12-10,70.3853530883789,70.44287861808054,70.29905747877945,70.35658300848108,5751900
2024-12-11,70.23192596435547,70.5579136453232,70.20316320604012,70.5579136453232,4642900
2024-12-12,69.95387268066406,70.19357208293404,69.92510992279891,70.00181548713616,6880600
2024-12-13,69.67583465576172,69.90595139553784,69.64707189205139,69.90595139553784,5171400
2024-12-16,69.75252532958984,69.88675640825073,69.65664703269566,69.75252532958984,7871100
2024-12-17,69.76212310791016,69.83882136492348,69.7141802966116,69.74294305737234,6084800
2024-12-18,69.21561431884766,69.8196542889239,69.20602429280139,69.76212876273947,7962700
2024-12-19,69.02384948730469,69.14849787916664,68.9183811472891,69.07179230187413,7669100
2024-12-20,69.23477172851562,69.42653563175482,69.21559899571417,69.32106731373449,6696400
2024-12-23,69.01426696777344,69.23478635929274,68.97591417902085,69.15808078178755,7605400
2024-12-24,69.11333465576172,69.11333465576172,68.89209913698119,68.92095530562197,4185300
2024-12-26,69.16142272949219,69.1806577260838,68.90170257330111,68.90170257330111,8714400
2024-12-27,69.01715850830078,69.19030289288419,69.00753733726748,69.15182554755418,9018700
2024-12-30,69.2864990234375,69.33459754426912,69.1614531436008,69.1614531436008,8054500
2024-12-31,69.1710433959961,69.42113504387825,69.1421798931168,69.34418038046807,8724200
2025-01-02,69.19990539550781,69.440383234843,69.1133295571705,69.440383234843,8053300
2025-01-03,69.11333465576172,69.31533517504899,69.09409965626845,69.22876666912664,6857000
2025-01-06,69.0459976196289,69.14218728978146,68.9690429479863,69.0459976196289,5375700
2025-01-07,68.80552673339844,69.03638343287223,68.71895822314657,68.98829226233302,7875900
2025-01-08,68.88249206542969,68.93059058220943,68.72858268277713,68.75744619612695,5844300
2025-01-10,68.52656555175781,69.00752124804237,68.46885321662015,69.00752124804237,9602400
2025-01-13,68.45923614501953,68.53619082234306,68.39190263706195,68.52656965297713,11856300
2025-01-14,68.50733184814453,68.5361880162589,68.4015210058574,68.43999834294378,5166000
2025-01-15,69.05562591552734,69.14219442595898,68.87286038621323,68.87286038621323,5867900
2025-01-16,69.19029235839844,69.28648203767659,68.91133715133032,68.96904949113679,8494100
2025-01-17,69.20951843261719,69.35380660232629,69.17104843690917,69.35380660232629,5600200
2025-01-21,69.41153717041016,69.45962834199558,69.32496131947269,69.45962834199558,8491600
2025-01-22,69.26724243164062,69.45000060847657,69.22876509472736,69.40190944143622,6616600
2025-01-23,69.16142272949219,69.25761239005156,69.06523306893281,69.25761239005156,7529700
2025-01-24,69.29610443115234,69.34419560223975,69.13258123961113,69.25762709100108,5555700
2025-01-27,69.66162109375,69.68086343127642,69.50771908754608,69.58466642124729,8621200
2025-01-28,69.6231460571289,69.6327672262099,69.45962287676066,69.6327672262099,4424300
2025-01-29,69.58467102050781,69.72895920628687,69.42114783473248,69.67124686749604,5780200
2025-01-30,69.68086242675781,69.76743092797426,69.62314275381212,69.70009742520544,5622300
2025-01-31,69.58467102050781,69.77705771448055,69.45000400412789,69.71934537568973,6738300
2025-02-03,69.64739990234375,69.89831403864615,69.54124420478196,69.70530769547202,7163800
2025-02-04,69.74391174316406,69.76321679751314,69.45440219241655,69.5219551571964,7296200
2025-02-05,70.10096740722656,70.21677562167602,69.96586150506194,69.9851591927771,8981700
2025-02-06,70.02376556396484,70.11062356998825,69.9465674463794,70.02376556396484,5722100
2025-02-07,69.81143951416016,69.90795002563458,69.74388657375904,69.85969476989737,6415300
2025-02-10,69.83075714111328,69.97551557168394,69.79215440211313,69.9176077818239,5439200
2025-02-11,69.71495056152344,69.78250351568043,69.6570501330231,69.78250351568043,6870800
2025-02-12,69.35789489746094,69.47369576580715,69.2420866663942,69.41579533163404,5279600
2025-02-13,69.77287292480469,69.8404258930701,69.55090896466325,69.63776698827384,6452900
2025-02-14,69.99482727050781,70.13958573005439,69.92727430441555,69.92727430441555,6131500
2025-02-18,69.73426055908203,69.91761438324495,69.72460803274072,69.82111120799284,7151700
2025-02-19,69.83075714111328,69.85970735468348,69.68599871054262,69.76320418854291,4720700
2025-02-20,69.9176025390625,69.96585779987419,69.88865232766312,69.92725506376865,6199000
2025-02-21,70.22642517089844,70.31328317784102,69.99481609025143,70.0044686160717,4460600
2025-02-24,70.32295227050781,70.37120018553567,70.14924357841987,70.15888874379245,5580100
2025-02-25,70.766845703125,70.766845703125,70.49663392190595,70.55453434281894,4835300
2025-02-26,70.87300872802734,70.91161146687611,70.65104482032683,70.74754798608895,5825400
2025-02-27,70.78616333007812,70.85371629441296,70.6607099285194,70.74756058435523,14908500
2025-02-28,71.0853271484375,71.11427736476051,70.84406552878526,70.95021386772954,8363500
2025-03-03,71.24890899658203,71.26826423350992,70.8714191067385,70.90045565446854,7549300
2025-03-04,71.04563903808594,71.38441103725982,70.96820332836741,71.24890223759026,7693100
2025-03-05,70.79398345947266,71.16179203887667,70.78430214866096,70.9488548937542,7758400
2025-03-06,70.73591613769531,70.85206233821033,70.56168945224573,70.76495268782406,7196400
2025-03-07,70.6584701538086,71.0166047843044,70.61007098750409,70.97788692819599,5036100
2025-03-10,70.98755645751953,71.11339132824801,70.91980205969477,70.9488459884844,8167000
2025-03-11,70.7165298461914,71.0746644088275,70.69717461414264,70.8520386245565,8359200
2025-03-12,70.57135772705078,70.71654045087465,70.5519951074238,70.57135772705078,6193000
2025-03-13,70.7843017578125,70.80366437932899,70.43584841727952,70.58103853994766,4711400
2025-03-14,70.61006927490234,70.72622284041034,70.60039534961686,70.67782367527973,5094900
2025-03-17,70.70687103271484,70.89077162283911,70.66815317566865,70.7842993621311,4772900
2025-03-18,70.7843017578125,70.87141878528395,70.6294377090625,70.63911901982075,4196100
2025-03-19,70.99725341796875,71.02628996848377,70.65848135416503,70.72623576692577,4201600
2025-03-20,71.02628326416016,71.30698220043807,70.99724671638597,71.28762696348076,3760700
2025-03-21,70.96820831298828,71.16179021620555,70.94885307653706,71.08436188572439,7078500
2025-03-24,70.6584701538086,70.87141467006686,70.63911491809237,70.84237812415455,5637000
2025-03-25,70.74559020996094,70.8230259335814,70.6487992477739,70.65848055939571,6133700
2025-03-26,70.5907211303711,70.71654863380374,70.55200327131263,70.67783077474526,4856900
2025-03-27,70.56168365478516,70.58103889172172,70.48424793768602,70.54232103317216,5567900
2025-03-28,70.96820831298828,70.99724486000325,70.72622724162858,70.81334426734972,4850500
2025-03-31,71.09403991699219,71.20051218531289,70.9198132401653,71.14243908792947,7106000
2025-04-01,71.31739044189453,71.45334347568087,71.09403479559718,71.10374784340611,4667900
2025-04-02,71.25912475585938,71.49219346694703,71.06490823883821,71.4824804184304,5313100
2025-04-03,71.6281509399414,71.86121225655576,71.49219788784256,71.6281509399414,7426200
2025-04-04,71.68640899658203,72.19137637921291,71.57958769102615,72.05542333739363,12678000
2025-04-07,70.82213592529297,71.56017204719612,70.7444463526957,71.52132726089748,14283000
2025-04-08,70.41426849365234,70.93866193362662,70.36571066427369,70.81241454079596,12629200
2025-04-09,70.57935333251953,70.59877201896039,69.41403951506899,69.42374515384715,20862000
2025-04-10,70.01611328125,70.51137497472713,69.97726850049843,70.32686411837824,8058500
2025-04-11,69.93841552734375,70.06466290221918,69.34605306470202,69.61795908922832,7260400
2025-04-14,70.33658599853516,70.4336942581666,70.11323033338607,70.13265643064354,5409300
2025-04-15,70.51138305664062,70.63762305188942,70.25889565725782,70.2686087057801,5667500
2025-04-16,70.70558166503906,70.74442644040413,70.41425696312604,70.55992301852422,33963000
2025-04-17,70.55022430419922,70.72502212440921,70.5016664729079,70.68617734115311,7613800
2025-04-21,70.16178131103516,70.54050867280611,70.16178131103516,70.39484259315161,6092900
2025-04-22,70.28801727294922,70.43368334426766,70.2783116347097,70.39483856465714,5408200
2025-04-23,70.4336929321289,71.01634988783333,70.40456119567646,70.71531206597783,5283000
2025-04-24,70.83184814453125,70.84155378432817,70.64733726399503,70.69589509852099,3751500
2025-04-25,71.06490325927734,71.07461630711336,70.89981849048843,70.97750064652253,4021800
2025-04-28,71.23969268798828,71.26882441918163,70.97749228948057,70.98720533617295,4685400
2025-04-29,71.4242172241211,71.43392286379041,71.1620167753445,71.17172982389907,3790700
2025-04-30,71.37564849853516,71.45333805734602,71.24940852213058,71.37564849853516,8020700
2025-05-01,71.1769027709961,71.47891768834194,71.06973738625236,71.44968468388937,6295400
2025-05-02,70.82617950439453,70.97231479247984,70.73850279119306,70.83592383900009,6960800
2025-05-05,70.72876739501953,70.81645155205172,70.61186509597722,70.7579929697801,7575000
2025-05-06,70.8846664428711,70.89440334862324,70.63136567101813,70.68981683654094,6994000
2025-05-07,71.02104187011719,71.0892373591837,70.91387646833398,70.92362080470087,4357400
2025-05-08,70.6410903930664,71.04051896780832,70.6410903930664,70.98206781851692,4283200
2025-05-09,70.69953918457031,70.865155723873,70.68979484909657,70.7385090937151,3730700
2025-05-12,70.45597839355469,70.58262501574339,70.43649715658323,70.43649715658323,6982800
2025-05-13,70.42677307128906,70.56316406755438,70.33908889783173,70.43651740895139,5610300
2025-05-14,70.18319702148438,70.42675336563191,70.15397144942663,70.37803912370251,6426700
2025-05-15,70.56315612792969,70.58263736831053,70.30985540647276,70.38779523349812,5659000
2025-05-16,70.61185455322266,70.8066966443691,70.58262155007628,70.74824550357502,5310000
2025-05-19,70.59237670898438,70.61186538073699,70.20268503418745,70.30985043057537,5787700
2025-05-20,70.46572875976562,70.52417990843267,70.33907469398655,70.43650318543209,5810300
2025-05-21,70.0273208618164,70.33907270045567,69.94938847671918,70.29036588886368,10880400
2025-05-22,70.22217559814453,70.23191250153273,69.91042373645662,70.01758913573222,7067200
2025-05-23,70.32933807373047,70.42675913281725,70.2319095818933,70.40727046134968,4272600
2025-05-27,70.66057586669922,70.72877135587638,70.45598939916776,70.50470364833038,6148800
2025-05-28,70.50469970703125,70.5923764313217,70.42675988582833,70.5436696176327,5214700
2025-05-29,70.75798797607422,70.82618345661953,70.61186011258422,70.61186011258422,4685800
2025-05-30,70.89437103271484,70.9041153667777,70.67030337851293,70.75798008683131,5995600
2025-06-02,70.73799133300781,70.89437930517813,70.61091818219086,70.71843817564618,6888000
2025-06-03,70.65979766845703,70.86506108845253,70.63047538807838,70.80641652769523,7436800
2025-06-04,71.09964752197266,71.16806866267669,70.87483839852159,70.90416067920259,8343000
2025-06-05,70.96281433105469,71.1876309406503,70.94326862721185,71.11920979118138,6620600
2025-06-06,70.58159637451172,70.85528092064457,70.56205067436419,70.73799180507025,14677200
2025-06-09,70.68911743164062,70.7575385692027,70.57182085695793,70.57182085695793,10147300
2025-06-10,70.82595825195312,70.92370166684198,70.74776053710423,70.87483368806983,9257000
2025-06-11,71.05078125,71.08010353138674,70.88460922656648,70.95303036891727,8034900
2025-06-12,71.31468963623047,71.32446621586213,71.17784735076826,71.25604507313102,5950100
2025-06-13,71.06053924560547,71.20715808692685,70.91392786162814,71.16805923208487,5656200
2025-06-16,70.9237060546875,71.1485226344507,70.91393693273541,71.01168035367137,6415500
2025-06-17,71.14852142333984,71.177843703387,70.96280370658135,71.0507780040677,5123400
2025-06-18,71.18761444091797,71.37332468509234,71.11919330730757,71.22671329688738,5176900
2025-06-20,71.23648834228516,71.31468606072733,71.03122492438312,71.07032378360421,5396600
2025-06-23,71.41242980957031,71.56882524717618,71.3342395481123,71.40266068772863,5391900
2025-06-24,71.6274642944336,71.66656315082562,71.34400317859968,71.34400317859968,8789700
2025-06-25,71.64703369140625,71.65680281471035,71.45153936513378,71.5395136762929,5346300
2025-06-26,71.852294921875,71.86206404487739,71.64703147863784,71.71545262638357,5373300
2025-06-27,71.68611907958984,71.89138996927517,71.66657337727693,71.72521794156108,6928700
2025-06-30,71.96957397460938,72.00867283317905,71.7936328397182,71.85228485624509,6986700
2025-07-01,71.9156494140625,72.02351368627939,71.80779262306854,71.96468134915125,6286300
2025-07-02,71.83719635009766,71.83719635009766,71.71952421499816,71.74894037846762,6342300
2025-07-03,71.66070556640625,71.74895407365922,71.62148151388614,71.70973002113911,6428400
2025-07-07,71.42535400390625,71.60185848172571,71.3763295541478,71.54302614952665,8191000
2025-07-08,71.38613891601562,71.38613891601562,71.28807505202182,71.32729910137485,5934200
2025-07-09,71.6705093383789,71.68031722227585,71.47439654778067,71.47439654778067,6720200
2025-07-10,71.6802978515625,71.69010573280897,71.55282532024385,71.66068957029094,6650900
2025-07-11,71.38613891601562,71.48419529878696,71.356715268084,71.47438741614309,4962400
2025-07-14,71.37633514404297,71.44497536405825,71.28807915761024,71.35671937762552,5624700
2025-07-15,71.16059112548828,71.46456810784677,71.14098284455794,71.46456810784677,5908400
2025-07-16,71.29788208007812,71.36652229531758,71.11156971819003,71.28807419755181,7874900
2025-07-17,71.3175048828125,71.40575339059066,71.26847294656478,71.30769699931834,6857300
2025-07-18,71.4351577758789,71.4841897040383,71.39593372959577,71.46457394028579,5206800
2025-07-21,71.64107513427734,71.75874726774967,71.62146685264271,71.68029917876812,5338500
2025-07-22,71.75875854492188,71.81759088029301,71.66070215889576,71.6803104436119,5507300
2025-07-23,71.61166381835938,71.69991979474275,71.5822476533056,71.66069574759703,5269400
2025-07-24,71.5234146118164,71.6214709880944,71.40574247154964,71.42535075431645,6139200
2025-07-25,71.69993591308594,71.69993591308594,71.51362351756576,71.5332318049356,4845900
2025-07-28,71.58224487304688,71.63127680038012,71.54302082742463,71.60185315524713,5806600
2025-07-29,71.95487213134766,71.96468001442808,71.66070296993992,71.66070296993992,7397900
2025-07-30,71.7685775756836,71.92546632145033,71.70973774995018,71.7685775756836,5554600
2025-07-31,71.77836608886719,71.93526228986795,71.75875780435341,71.92545440699973,6463200
2025-08-01,72.40013885498047,72.41981968357047,72.1935351910065,72.31159764443598,10782300
2025-08-04,72.44934844970703,72.45918886604338,72.31161264515173,72.43950803337069,6834400
2025-08-05,72.4788589477539,72.5083726894032,72.3509635652609,72.37063689101441,8145300
2025-08-06,72.41983032226562,72.45918447919003,72.15419163953536,72.38047616534122,8082200
2025-08-07,72.39031219482422,72.50836715240634,72.34111762514001,72.50836715240634,4193100
2025-08-08,72.23290252685547,72.32145125959964,72.21322920071133,72.31161084350846,5566300
2025-08-11,72.28208923339844,72.36079754148406,72.25257549437568,72.30176255740115,8668100
2025-08-12,72.29193115234375,72.29193115234375,72.14435494812246,72.20338242739595,5493400
2025-08-13,72.55756378173828,72.58707752197161,72.4788554704243,72.49853630127164,6208900
2025-08-14,72.35095977783203,72.55756346459992,72.30176520696638,72.55756346459992,6818100
2025-08-15,72.25257873535156,72.40014743708474,72.20338416408202,72.34111995639147,4309100
2025-08-18,72.17386627197266,72.4493378407452,72.124671703533,72.28208831771005,6941600
2025-08-19,72.31160736083984,72.32144777645709,72.25257987921209,72.25257987921209,5098500
2025-08-20,72.36080169677734,72.40998876262736,72.2722529685868,72.30176670930437,5512500
2025-08-21,72.18370819091797,72.2820898238099,72.10499988218945,72.25257608454606,5695500
2025-08-22,72.54772186279297,72.61658975725602,72.29193111538022,72.31160443978214,5828700
2025-08-25,72.44934844970703,72.52805676832104,72.40015387406368,72.43950803337069,5361700
2025-08-26,72.53788757324219,72.56740131230221,72.40014428089974,72.45917926505719,4648300
2025-08-27,72.60675811767578,72.61659102702991,72.40014692463627,72.46902232634123,6053900
2025-08-28,72.69530487060547,72.72481861298937,72.56740948492917,72.59692322731307,5857300
2025-08-29,72.60675811767578,72.67562601334306,72.56740396214624,72.62643144242172,7736300
2025-09-02,72.4517822265625,72.48139346606519,72.3629409772204,72.39255221672309,6222400
2025-09-03,72.68869018554688,72.76765852286367,72.49127687309002,72.50114226712826,6005100
2025-09-04,72.9650650024414,72.97493792639024,72.7676517084715,72.84662003839324,8842600
2025-09-05,73.31053924560547,73.40925341967251,73.29080092929256,73.33028509275255,6321800
2025-09-08,73.54744720458984,73.55731259772871,73.44874055735994,73.46847887447213,6414400
2025-09-09,73.40925598144531,73.55731218604431,73.34016057568765,73.50796262812278,6613200
2025-09-10,73.5375747680664,73.65602726402814,73.4783522855028,73.52770184402763,5680700
2025-09-11,73.69551086425781,73.79421751138513,73.6066696102591,73.6066696102591,6437200
2025-09-12,73.60667419433594,73.61654711891387,73.46848337358455,73.57706295143706,5493000
2025-09-15,73.74485778808594,73.76460363530671,73.68563530809199,73.69550823170238,7193600
2025-09-16,73.75473022460938,73.80407978066702,73.68563482146135,73.74485730106419,7012200
2025-09-17,73.62640380859375,73.95214250364266,73.56718132979722,73.83369754604962,8872000
2025-09-18,73.4388656616211,73.51783398961858,73.33028609333311,73.42899273791285,7641400
2025-09-19,73.46847534179688,73.48821365795997,73.37963409197769,73.44873702563378,5295700
2025-09-22,73.33029174804688,73.44874424917732,73.31054589910772,73.42899840023816,7813900
2025-09-23,73.47835540771484,73.4882208013383,73.35002998226157,73.40925999817648,6492000
2025-09-24,73.33029174804688,73.41912547576858,73.30068050547297,73.40926008213384,5158400
2025-09-25,73.25131225585938,73.26118517882504,73.1131214576747,73.23157394076172,7402700
2025-09-26,73.25131225585938,73.36976473894639,73.19208977973271,73.26118517882504,5531400
2025-09-29,73.4388656616211,73.47834982561983,73.33028609333311,73.35002440991536,5534500
2025-09-30,73.40925598144531,73.57705803388045,73.3796372096911,73.46847846328491,8840700
2025-10-01,73.59442138671875,73.63403177753229,73.48549470070891,73.59442138671875,8762900
2025-10-02,73.67365264892578,73.69345406969465,73.52511555097199,73.56472594742037,7155600
2025-10-03,73.58451843261719,73.72315102589668,73.56471701425285,73.69344512089532,8372400
2025-10-06,73.41618347167969,73.55481607163878,73.40627898456545,73.44588937811234,8688800
2025-10-07,73.55481719970703,73.62413350074965,73.46569947904233,73.49540538593057,7229500
2025-10-08,73.55481719970703,73.68355286943631,73.53501578008495,73.67364838217017,6298400
2025-10-09,73.50530242919922,73.53500833307909,73.45578755279314,73.51519936055288,9071000
2025-10-10,73.79247283935547,73.85189220871017,73.63403881586692,73.70335511768883,7202600
2025-10-13,73.91130065917969,73.91130065917969,73.72315318212192,73.81227845464242,4358400
2025-10-14,74.02022552490234,74.04993143003982,73.84198253916773,73.90139434944268,6550100
2025-10-15,73.97071838378906,74.13906445536014,73.93111554273645,74.04003468799696,6264800
2025-10-16,74.24798583984375,74.26778725895241,73.94100718183462,73.94100718183462,8485100
2025-10-17,74.14896392822266,74.18857432554272,74.07964762164025,74.1786773923958,20337500
2025-10-20,74.24798583984375,74.25788277194307,74.17866954059846,74.21827237881577,6287200
2025-10-21,74.33709716796875,74.41631794741332,74.31729575056228,74.36680307153313,6179900
2025-10-22,74.33709716796875,74.34700165412666,74.23807497111771,74.29748677824647,7164500
2025-10-23,74.18856048583984,74.28758268321224,74.16875906832912,74.25787677949145,6041700
2025-10-24,74.28759002685547,74.31730348842294,74.1786708874153,74.30739900123379,6912300
2025-10-27,74.32720184326172,74.32720184326172,74.15886333237488,74.22817963420536,7706600
2025-10-28,74.36681365966797,74.38662263480414,74.27769593628652,74.30740184408033,7399700
2025-10-29,74.00043487548828,74.34701641071199,73.98062589924074,74.3371119225882,8938700
2025-10-30,73.87168884277344,73.99052001887408,73.77266664014446,73.7825711268803,7109500
2025-10-31,73.85189056396484,73.95091277080367,73.81228017024729,73.93111135139995,7106700
2025-11-03,73.76644897460938,73.80618938530547,73.68696815321718,73.75651197700827,7085100
2025-11-04,73.80619049072266,73.88567131330527,73.75651308168142,73.77638707718128,11476200
2025-11-05,73.5975570678711,73.77638512409362,73.55781665763185,73.75651112911989,10862500
2025-11-06,73.88566589355469,73.91546930490989,73.79624807978124,73.81612207382328,6461200
2025-11-07,73.8459243774414,73.94527160703774,73.77638055875319,73.77638055875319,7073200
2025-11-10,73.8260498046875,73.88566420574396,73.79624639401312,73.83598680148152,7235100
2025-11-11,74.0346908569336,74.04462785501585,73.9353436152371,73.97508402785743,5229400
2025-11-12,74.0048828125,74.05456022009466,73.95521298461354,73.99495339474763,7129700
2025-11-13,73.78630828857422,73.92540350247758,73.78630828857422,73.87572609896155,7105100
2025-11-14,73.67703247070312,73.93533374870242,73.67703247070312,73.91546733489774,6473000
2025-11-17,73.7167739868164,73.79625481081837,73.70684456859757,73.72671098474379,6908300
2025-11-18,73.77638244628906,73.89559609297159,73.6969016286954,73.84592626675652,8009200
2025-11-19,73.74658203125,73.88566967783663,73.71677103866007,73.8558586852467,7527500
2025-11-20,73.8558578491211,73.9154722539178,73.80618802145005,73.82605443657684,8461100
2025-11-21,74.0346908569336,74.06450185118035,73.91547719878128,74.06450185118035,6818400
2025-11-24,74.1638412475586,74.19364465894395,74.06449401637141,74.13403783617322,5734400
2025-11-25,74.33273315429688,74.40227697489931,74.21351192767501,74.21351192767501,7446200
2025-11-26,74.41221618652344,74.41221618652344,74.19364772106616,74.2929949563536,7327100
2025-11-28,74.29299926757812,74.3923465086307,74.22345544087047,74.37248009230363,4812100
2025-12-01,74.00296783447266,74.05280452445055,73.9631000032926,74.02289794805705,6891500
2025-12-02,74.0727310180664,74.1125988472981,73.97306524699262,74.00296421791366,6756900
2025-12-03,74.18236541748047,74.22223324658857,74.0926609009845,74.16243530493186,9774000
2025-12-04,74.04283142089844,74.12256707868745,74.01293245023028,74.11259822046111,7337500
2025-12-05,73.953125,74.08269734157233,73.90329591817351,74.0627596256332,7270500
2025-12-08,73.84349060058594,73.96309408455511,73.73386357862755,73.953125226555,8585700
2025-12-09,73.79366302490234,73.96309559430915,73.76376405430241,73.96309559430915,6665200
2025-12-10,74.01293182373047,74.02289307786164,73.75379474011515,73.76376359825711,8771100
2025-12-11,74.01293182373047,74.18236439208977,73.99299410744656,74.16243427981665,8924600
2025-12-12,73.78369903564453,73.84349698079042,73.76376892193302,73.80363675336739,8117600
2025-12-15,73.87339782714844,73.99299370816338,73.83352999880654,73.92322690956775,10495500
2025-12-16,74.01293182373047,74.02289307786164,73.8135926809453,73.87339822578625,6999300
2025-12-17,73.99299621582031,74.02289518708734,73.92322941486024,73.93319827328627,10071300
2025-12-18,74.1500015258789,74.19999694824219,74.08999633789062,74.1500015258789,6940500
2025-12-19,74.04000091552734,74.12999725341797,74.0199966430664,74.06999969482422,7540400
2025-12-22,74.0199966430664,74.04000091552734,73.97000122070312,74.02999877929688,9855300
2025-12-23,74.01000213623047,74.0199966430664,73.8499984741211,73.86000061035156,10188700
2025-12-24,74.19000244140625,74.19999694824219,74.05000305175781,74.08000183105469,5341700
2025-12-26,74.19000244140625,74.27999877929688,74.13999938964844,74.25,6730500
2025-12-29,74.30000305175781,74.30000305175781,74.20999908447266,74.26000213623047,9105700
2025-12-30,74.2699966430664,74.29000091552734,74.18000030517578,74.2300033569336,7743200
2025-12-31,74.06999969482422,74.25,74.05999755859375,74.16999816894531,8846700
2026-01-02,74.04000091552734,74.16000366210938,74.0199966430664,74.12999725341797,7453500
2026-01-05,74.18000030517578,74.20999908447266,74.08000183105469,74.11000061035156,11059100
2026-01-06,74.18000030517578,74.19000244140625,74.02999877929688,74.12999725341797,9079000
2026-01-07,74.26000213623047,74.31999969482422,74.19999694824219,74.30000305175781,11576600
2026-01-08,74.12999725341797,74.18000030517578,74.0999984741211,74.12000274658203,9906800
2026-01-09,74.29000091552734,74.36000061035156,74.12999725341797,74.18000030517578,10536800
2026-01-12,74.22000122070312,74.30000305175781,74.16000366210938,74.20999908447266,9851000
2026-01-13,74.27999877929688,74.31999969482422,74.22000122070312,74.30999755859375,11835200
2026-01-14,74.43000030517578,74.45999908447266,74.31999969482422,74.31999969482422,8765900
