Price,Close,High,Low,Open,Volume
Ticker,SPY,SPY,SPY,SPY,SPY
Date,,,,,
2015-01-02,170.58958435058594,171.79367814662248,169.55158119602822,171.37847688479937,121465900
2015-01-05,167.50881958007812,169.709381481765,167.20157466159998,169.5433034899103,169632600
2015-01-06,165.9310760498047,168.33923884704024,165.13388387080252,167.8160810836032,209151400
2015-01-07,167.99871826171875,168.33918630851923,166.81124883581793,167.25966058528658,125346700
2015-01-08,170.9799346923828,171.19584753387758,169.39387494423588,169.41047387747284,147217800
2015-01-09,169.60977172851562,171.4117442821808,168.9952690955981,171.39513267833408,158567300
2015-01-12,168.28106689453125,169.90036195764486,167.67487659816504,169.74258345029023,144396100
2015-01-13,167.80775451660156,170.63111821399596,166.50401638682845,169.50177020085064,214553300
2015-01-14,166.7946319580078,166.9939331019815,164.8930159758004,165.78983944634336,192991100
2015-01-15,165.26673889160156,167.74963470481038,165.1504830274808,167.43409031416195,176613900
2015-01-16,167.43406677246094,167.59184528107048,164.87642545047697,165.0591150213999,211879600
2015-01-20,167.79119873046875,168.3392676553915,166.22173784251143,168.0735326599349,130991100
2015-01-21,168.63815307617188,169.11978808054434,166.86109210807777,167.32611551342015,122942700
2015-01-22,171.1460418701172,171.27889670351124,168.0154194055014,169.39389125337328,174356000
2015-01-23,170.20761108398438,171.1459700168589,170.07474363543025,170.88853458368385,117516800
2015-01-26,170.6062469482422,170.69759175998647,169.27761011580108,169.9917570064542,92009700
2015-01-27,168.35581970214844,169.50176661957002,167.5254171415259,168.54680874322912,134044600
2015-01-28,166.19677734375,169.64294309619982,166.0057882919043,169.54329883800872,168514300
2015-01-29,167.73306274414062,167.99048557958827,164.98441888809216,166.39611375631884,173585400
2015-01-30,165.623779296875,167.88247515427264,165.3580570806183,166.55383873111552,197729700
2015-02-02,167.67489624023438,167.7662410356698,164.30346361569946,166.12204738877088,163107000
2015-02-03,170.09971618652344,170.1080283243986,168.19809924157047,168.5717779886377,124212900
2015-02-04,169.4519805908203,170.54811828639697,168.9952565509967,169.33572471440522,134306700
2015-02-05,171.16256713867188,171.3120461844523,170.0415313145359,170.11626450195752,97953200
2015-02-06,170.68927001953125,172.0926525482205,170.1661122868168,171.52797214814254,125672000
2015-02-09,169.92535400390625,170.76405639368718,169.51845201053803,170.04160990616245,87219000
2015-02-10,171.73558044433594,171.99300325411252,169.96681863776303,170.96331201500612,96164200
2015-02-11,171.83523559570312,172.2670485751251,170.92180016997025,171.569513303633,91087800
2015-02-12,173.48773193359375,173.5458662051039,171.8684491899935,172.63241815951415,97545900
2015-02-13,174.20184326171875,174.251665386607,173.35482912580744,173.61226455595855,93670400
2015-02-17,174.47589111328125,174.6502812348143,173.63718904727858,173.88629969098562,76968200
2015-02-18,174.49253845214844,174.56727166056717,173.83651316685336,174.10224813581863,80652900
2015-02-19,174.36793518066406,174.73331435364972,173.7534453633138,173.89461228543314,91462500
2015-02-20,175.4142608642578,175.4889940619526,173.32994209721713,173.95274408655172,140896400
2015-02-23,175.38934326171875,175.38934326171875,174.78314022494982,175.16513100605164,74411100
2015-02-24,175.88754272460938,176.08684387620565,175.01561760891255,175.314563000839,72472300
2015-02-25,175.73814392089844,176.24469012219518,175.39767574097388,175.7630549905572,73061700
2015-02-26,175.53050231933594,175.80453669266015,174.9242993097379,175.64675817429733,72697900
2015-02-27,174.93267822265625,175.69664737131194,174.88285607593087,175.4309123608529,108076000
2015-03-02,176.03704833984375,176.0951699318348,174.98243351032423,175.03225563801308,87491400
2015-03-03,175.3145751953125,176.08685612439723,174.4509621535296,175.60522114440676,110325800
2015-03-04,174.57553100585938,174.79144378625784,173.60396150687967,174.71669792407647,114497200
2015-03-05,174.7665557861328,175.0488896598261,174.26000963818214,174.8994105866747,76873000
2015-03-06,172.30853271484375,174.33471700640686,171.9763767562986,173.9029041235481,188128000
2015-03-09,173.022705078125,173.3797721529451,172.3500809262531,172.507859464779,89818900
2015-03-10,170.21591186523438,171.7355500586221,170.1743892033727,171.65251740583616,157121300
2015-03-11,169.8173828125,170.64778566243888,169.73433745912934,170.47339548873725,110145700
2015-03-12,171.9763641357422,172.0427851858268,170.39859177109423,170.44841389412602,93993500
2015-03-13,170.92178344726562,172.66562145538168,169.88378010757538,171.70236398606295,162410900
2015-03-16,173.20542907714844,173.29677389806815,170.94673229708107,171.65257979245538,136099200
2015-03-17,172.6905517578125,173.07252990561386,171.87674798548153,172.46633948005277,94510400
2015-03-18,174.7665557861328,175.43917993796543,171.57779982527737,172.21721344470942,228808500
2015-03-19,173.9693603515625,174.7748519597055,173.57907008077407,174.35135115714198,117917300
2015-03-20,175.50494384765625,176.01375103839567,174.73756480592598,174.92106987324172,177715100
2015-03-23,175.16294860839844,176.08881041728557,175.16294860839844,175.5132729783155,71784500
2015-03-24,174.1787109375,175.4965924373723,174.11198066589287,175.0378425022575,77805300
2015-03-25,171.62632751464844,174.62078961866382,171.58463223103246,174.3872400294228,159521700
2015-03-26,171.2176513671875,172.1351641310568,170.25841785757385,170.95907947257433,153067200
2015-03-27,171.60968017578125,171.7848360301773,170.90901857569716,171.10087291003566,118939000
2015-03-30,173.70323181152344,174.0035116169121,172.6272365999199,172.64390961925017,96180400
2015-03-31,172.18519592285156,173.57816980964458,172.1268148836293,172.87750824648245,126768700
2015-04-01,171.5762939453125,172.17685370669852,170.58370176392452,172.15183144393234,137303600
2015-04-02,172.19357299804688,172.64398654306976,171.32609196151944,171.50959707588095,86900900
2015-04-06,173.3529510498047,173.87009478388543,171.16758858385168,171.30103640950233,114368200
2015-04-07,172.8941650390625,174.12864317048462,172.86080626902285,173.37794993336917,81236300
2015-04-08,173.47805786132812,173.92013479560092,172.7273645424683,173.11939695248358,89351900
2015-04-09,174.24545288085938,174.4790025004388,172.8191328989635,173.3112544025416,85548900
2015-04-10,175.19635009765625,175.23805811727982,174.29552305679044,174.49570118698256,72722900
2015-04-13,174.40390014648438,175.68843551975615,174.3538556278499,175.05450434372696,74436600
2015-04-14,174.73760986328125,174.9211149779151,173.5781981267318,174.203780273665,75099900
2015-04-15,175.5216522216797,176.0304595148972,175.1212832339432,175.2046992731594,99529300
2015-04-16,175.4715576171875,175.98036476521352,174.98777272828596,175.18796352877877,68934900
2015-04-17,173.4530487060547,174.5207077292204,172.66898382677687,174.27882160119827,191113200
2015-04-20,175.03787231445312,175.37151100181563,174.29551541669645,174.37891872478704,92189500
2015-04-21,174.829345703125,175.88031902757646,174.52906579221028,175.72183619577424,72559800
2015-04-22,175.68849182128906,175.87199693342006,174.24547319157696,175.17133526551024,78264600
2015-04-23,176.13050842285156,176.781112605387,175.17127516988498,175.28804995322474,102585900
2015-04-24,176.5392303466797,176.80615143504272,176.08881691943958,176.5475795853773,61327400
2015-04-27,175.80526733398438,177.23158748772988,175.61341298032173,177.10647615055967,79358100
2015-04-28,176.3641357421875,176.41418028175357,174.60416397826708,175.78026156807934,86863500
2015-04-29,175.638427734375,176.23897481108523,174.82934057391154,175.4715956673724,125684900
2015-04-30,173.8784637451172,175.45493011644547,173.17780212535993,175.06289765178974,161304900
2015-05-01,175.76351928710938,175.80522729916868,174.56239981379227,174.66248886073592,103399700
2015-05-04,176.26400756835938,176.84788161296643,176.0805024789829,176.1889280481602,70927200
2015-05-05,174.24545288085938,176.38078368879954,174.1036558066504,176.02211001962414,113326200
2015-05-06,173.52810668945312,175.10457288015732,172.4604477204841,174.79595648791593,135060200
2015-05-07,174.2204132080078,174.64581711562727,173.0943732391586,173.42801188307723,88244900
2015-05-08,176.51419067382812,176.71438147035315,175.81354197723576,175.89695799099536,155877300
2015-05-11,175.67176818847656,176.73942712293612,175.59670140265482,176.47251875307046,75708100
2015-05-12,175.14625549316406,175.68843413826767,174.0118664122129,174.83763914568004,119727600
2015-05-13,175.17965698242188,176.1805857010991,174.94610737231383,175.55500366098843,94667900
2015-05-14,177.00637817382812,177.09813072563637,175.92203330541275,176.19729096083748,95934000
2015-05-15,177.1982421875,177.34003928958066,176.71445710113534,177.1982421875,76510100
2015-05-18,177.74871826171875,177.9989408997625,176.96465338918333,177.03138366849478,74549700
2015-05-19,177.69036865234375,178.1407949677567,177.4067744404186,177.86553727000492,72114600
2015-05-20,177.56521606445312,178.3159094457968,177.24825041444154,177.79041644235647,76857500
2015-05-21,178.0823516845703,178.29087902846325,177.25657882085463,177.4234108779682,64764600
2015-05-22,177.65695190429688,178.11570185670502,177.59022163017426,177.69864718906243,57433500
2015-05-26,175.74681091308594,177.59019789782366,175.32975630117662,177.16479404807828,124308600
2015-05-27,177.41505432128906,177.6486039186167,175.79688016302015,176.20559832209273,93214000
2015-05-28,177.21485900878906,177.32328455790875,176.52254679557575,177.10642073217215,74974600
2015-05-29,176.1138916015625,177.18988733149274,175.84698316125107,177.14819203558602,124919600
2015-06-01,176.4725799560547,177.11483520526997,175.68016562812193,176.781196445353,93338800
2015-06-02,176.29739379882812,176.98970624792275,175.38821745010807,176.01379960835607,91531000
2015-06-03,176.76443481445312,177.39001676639873,176.2723134001886,176.83116508329366,87820900
2015-06-04,175.27137756347656,176.71438297583452,174.95441198148583,176.05544228050823,151882800
2015-06-05,174.9711456298828,175.6467722585617,174.3121920266649,175.12127922403351,121704700
2015-06-08,173.8951416015625,175.01285798264342,173.82007480262817,174.86271165727408,89063300
2015-06-09,173.87008666992188,174.41226536897793,173.23616816329297,173.87008666992188,105034700
2015-06-10,175.955322265625,176.3390180738914,174.57904726210626,174.63742828418202,134551300
2015-06-11,176.5225830078125,176.90626621878664,176.16390933407592,176.39745895662537,73876400
2015-06-12,175.17124938964844,176.39739079801123,174.89599185639403,175.6967422010882,135382400
2015-06-15,174.42062377929688,174.70421793148694,173.31959322020614,174.02859132818122,124384200
2015-06-16,175.3715057373047,175.45492177039128,174.095319341578,174.27047519256027,85308200
2015-06-17,175.65512084960938,176.26402996331325,174.62916970319918,175.65512084960938,126708600
2015-06-18,177.4818115234375,177.9489107889611,175.6884812588379,176.25566958768786,165867900
2015-06-19,176.69393920898438,177.31418723866855,176.31676671082127,177.238755296918,130478700
2015-06-22,177.59912109375,178.18583515828453,177.38957944288714,177.6158880068531,70696000
2015-06-23,177.72483825683594,178.06011256674546,177.33091172547898,177.8086600316651,68476800
2015-06-24,176.43414306640625,177.8338803389019,176.40899908104623,177.45670776908904,92307300
2015-06-25,175.8976287841797,177.06267975120306,175.82219686581422,176.9369598872606,97107400
2015-06-26,175.86407470703125,176.50107654699687,175.31088183081158,176.25800113650465,104174800
2015-06-29,172.1762237548828,175.87254243882475,172.10079181180083,174.38060654728815,202621300
2015-06-30,172.53662109375,173.7687271714941,172.05885993366562,173.71842642616238,182925100
2015-07-01,173.9196014404297,174.36382879685968,173.13172264543013,174.1123762127988,135979900
2015-07-02,173.76034545898438,174.5649911596692,173.3412620874507,174.39736036893765,104373700
2015-07-06,173.26580810546875,174.04529693843062,172.26838776181464,172.4695523587441,117975400
2015-07-07,174.3554229736328,174.48114285022095,171.0781884368879,173.46696840732312,173820200
2015-07-08,171.43023681640625,173.29934500568518,171.19555115987836,173.01437139267406,164020100
2015-07-09,171.7403564453125,173.7938751484096,171.6314034681091,173.53403272114804,144113100
2015-07-10,173.90281677246094,174.32190010664615,171.78225612463643,173.7435630591652,129456900
2015-07-13,175.8221893310547,175.93114227866695,175.12650960510456,175.16842048775808,106069400
2015-07-14,176.58499145507812,176.89512189627604,175.72168059517708,175.78035841546722,81709600
2015-07-15,176.52626037597656,177.08783043855627,176.0484992960675,176.62683627094404,97914100
2015-07-16,177.94276428222656,177.94276428222656,177.33928333235934,177.58234600883597,106683300
2015-07-17,178.09364318847656,178.1523209918966,177.5236960150652,177.934389481374,89030000
2015-07-20,178.18582153320312,178.6803367219683,177.86732694504246,178.31993124895834,70446800
2015-07-21,177.48179626464844,178.31158589033262,177.18005574525498,178.05174347383124,77965000
2015-07-22,177.1632843017578,177.498558642185,176.76096788265355,176.79448892199207,88667900
2015-07-23,176.1658477783203,177.39795368898996,175.80544228347227,177.29737779078255,90509100
2015-07-24,174.33865356445312,176.3251043225531,174.003392038746,176.2664393107877,117755000
2015-07-27,173.3245086669922,173.96152362654487,172.8802812817307,173.45024136188783,132361100
2015-07-28,175.4534149169922,175.59590170345467,173.33285445417943,174.16263119824956,123544800
2015-07-29,176.660400390625,176.88669619310878,175.43667137123683,175.57915817667777,105791300
2015-07-30,176.7022705078125,176.8699012526245,175.5288297153165,176.1490775394675,91304400
2015-07-31,176.43414306640625,177.23039911143624,176.14916937271767,177.20525512607622,103266900
2015-08-03,175.83901977539062,176.45926785542608,174.88351006741843,176.40060282577224,113965700
2015-08-04,175.49534606933594,176.2245469987891,175.00920785323092,175.7635527602922,81820800
2015-08-05,176.07366943359375,177.11298786562134,175.78868306052732,176.39216405498556,85786800
2015-08-06,174.63201904296875,176.36701728246635,174.04529218197766,176.25805153009813,116030800
2015-08-07,174.29676818847656,174.6236527001802,173.3915465892797,174.47278882835204,117858000
2015-08-10,176.49276733398438,176.57657632994778,175.41152513396304,175.41152513396304,80270700
2015-08-11,174.9002685546875,175.5708045676496,174.13753368007548,175.1517211582246,126081400
2015-08-12,175.1097869873047,175.29418468609808,172.1259155550612,173.59270729311194,172123700
2015-08-13,174.8918914794922,175.63785943664448,174.3470753736282,174.95055650631437,89383300
2015-08-14,175.52891540527344,175.6043473588524,174.55663870554804,174.69912554766796,72786500
2015-08-17,176.509521484375,176.509521484375,174.47278255151284,174.9337767923074,79072600
2015-08-18,175.99827575683594,176.5849900078712,175.76359005642183,176.23296145725004,71692700
2015-08-19,174.60687255859375,176.0233633719876,173.79384993200853,175.2522516333577,172946000
2015-08-20,170.96084594726562,174.58171908337056,170.90216814514122,173.0897835277865,194327900
2015-08-21,165.8144989013672,170.93569730461894,165.55466930341385,169.083343503695,346588500
2015-08-24,158.8325958251953,165.5211627702032,152.8816069080654,157.14788529688326,507244300
2015-08-25,156.96348571777344,163.81968336952568,156.67012224910826,163.80291645403958,369833100
2015-08-26,162.98989868164062,163.26648243214422,157.88545386603704,160.99505788498155,339257000
2015-08-27,167.02149963378906,167.14721953638156,163.61854451657695,165.13562435844057,274143900
2015-08-28,167.02989196777344,167.49926336624338,165.88998451888435,166.37612283570292,160414400
2015-08-31,165.68045043945312,166.9041797470813,165.12725721315223,166.04924592365373,163298800
2015-09-01,160.73524475097656,163.24974505608074,159.86354414980423,161.8667622146275,256000400
2015-09-02,163.7861785888672,163.8280894870388,161.28005523536754,163.1240196502233,160269300
2015-09-03,163.9034423828125,165.9988583867109,163.40892727534953,164.49853336585323,152087800
2015-09-04,161.42247009277344,162.48694504260075,160.60107057032795,161.64040155034402,207081000
2015-09-08,165.47926330566406,165.6301399784439,163.58501096336565,164.23040297307057,116025700
2015-09-09,163.2665252685547,167.18915302173792,162.89774257465578,167.0634331021601,149347700
2015-09-10,164.1549530029297,165.3032372871655,162.813881169681,163.07371079988835,158611100
2015-09-11,164.9009246826172,164.9679795547778,163.0485706087318,163.76101743470522,119691200
2015-09-14,164.28903198242188,165.12719858915932,163.80289381578527,165.0769106390603,79452000
2015-09-15,166.34254455566406,166.78677181847345,164.24712811244723,164.7919312719208,113806200
2015-09-16,167.78414916992188,167.9769366564481,166.3006038029279,166.64425510735666,99581600
2015-09-17,167.40704345703125,170.05565348909056,167.02987097277068,167.6501189795926,276046600
2015-09-18,164.6713409423828,167.3926903207247,164.25851234067875,164.89040544702397,223657500
2015-09-21,165.5222930908203,166.55016068246064,164.4691379483344,165.50543900888917,105726200
2015-09-22,163.37387084960938,163.8372617311925,162.23645803625982,163.34859615205932,153890900
2015-09-23,163.1126708984375,164.01416500034912,162.53132721250788,163.54235356130408,92790600
2015-09-24,162.52291870117188,162.98630959849973,160.5514150898855,161.89102552915193,159378800
2015-09-25,162.48080444335938,164.2922264127296,161.604572036521,163.98891717280858,155054800
2015-09-28,158.40296936035156,161.6888214361858,158.09123952191896,161.5792891768883,178515900
2015-09-29,158.4956512451172,159.86054921571466,157.49304537211324,158.62203759093322,159045600
2015-09-30,161.452880859375,161.62138309093592,159.60775121242682,160.3912923743384,163452000
2015-10-01,161.87420654296875,162.17751582145019,159.9279773626716,161.83207775453218,131079000
2015-10-02,164.29217529296875,164.31744998377295,159.33813020101724,159.8857784988645,211003300
2015-10-05,167.21578979492188,167.44327494325597,165.41278840478842,165.52232067174555,126320800
2015-10-06,166.6428680419922,167.64547397022048,165.97727953193726,167.08098425766755,110274500
2015-10-07,168.00779724121094,168.36165595398347,166.38171842976547,167.57810156034955,124307300
2015-10-08,169.52427673339844,169.81073183677148,167.31685488954827,167.620164074266,153055200
2015-10-09,169.6253662109375,170.10559822780786,168.9934731820736,169.66749498404107,107069200
2015-10-12,169.7854766845703,169.9876742603897,169.27153641953146,169.7012191240464,56395600
2015-10-13,168.71548461914062,170.32470905598015,168.54698233676845,169.052489183885,88038700
2015-10-14,167.9066162109375,169.23780578390608,167.61174050005084,168.65646211881062,99106200
2015-10-15,170.48475646972656,170.49317708258826,168.20151050625168,168.57222316652636,134142200
2015-10-16,171.25985717773438,171.27669840149892,170.12244463472456,170.8891445605787,114580100
2015-10-19,171.34414672851562,171.34414672851562,170.29942492214371,170.611154770058,76523900
2015-10-20,171.1250762939453,171.7401153082429,170.6532648388185,170.90602464860729,78448500
2015-10-21,170.06349182128906,171.6979777484048,169.89497671945065,171.546329583827,102038000
2015-10-22,172.93649291992188,173.14712394587437,170.06349549641186,171.01553899170682,174911700
2015-10-23,174.8321990966797,175.2029118164298,173.81275197326642,174.6131474240544,144442300
2015-10-26,174.4025421142578,174.7142720128441,174.031829339776,174.65530199285007,69033000
2015-10-27,174.06553649902344,174.40254109791488,173.38308097403095,173.72851904423058,77905800
2015-10-28,176.0453643798828,176.07063906813073,173.73685714727753,174.40244536429657,135906700
2015-10-29,175.94430541992188,176.3150180725939,175.42194460346434,175.53989746059662,90525500
2015-10-30,175.1860809326172,176.45830092168967,175.02601210598075,176.13813755661425,131076900
2015-11-02,177.2586669921875,177.45244395970374,175.38826222844173,175.51464857274294,86270800
2015-11-03,177.7726287841797,178.3286979122383,176.6773446138553,176.9048297764067,95246100
2015-11-04,177.2333984375,178.19387555034388,176.6941834417964,178.06750205756163,96224500
2015-11-05,177.05645751953125,177.75575415626423,176.16338391422624,177.29236326976658,78408700
2015-11-06,176.96376037597656,177.1996789568263,175.63258358056132,176.71101342488367,110471500
2015-11-09,175.3125,176.50046263378664,174.36044319841022,176.34880153828655,131008700
2015-11-10,175.7168426513672,175.75055081820187,174.56258862730706,174.83218968249022,75874600
2015-11-11,175.02597045898438,176.0369968615076,174.9585669846964,175.98644746976618,67846000
2015-11-12,172.5826873779297,174.4530924916812,172.56584614692403,173.9812809054919,121315200
2015-11-13,170.6448516845703,172.43943240622295,170.56060697521025,172.16983133801148,153577100
2015-11-16,173.23983764648438,173.29882051668048,170.34155207793796,170.45951781833017,117645200
2015-11-17,173.11343383789062,174.43619003553545,172.61634768712784,173.55154998468225,121123700
2015-11-18,175.8600616455078,176.0032892078241,173.5515537099533,173.59366963259475,121342500
2015-11-19,175.70848083496094,176.12974307006948,175.41359212802368,175.74217615717222,88220500
2015-11-20,176.34872436523438,177.03116685657776,175.9695910762545,176.46667722971472,94011500
2015-11-23,176.1465301513672,176.9132173571235,175.6831392978453,176.40771058083453,64931200
2015-11-24,176.38243103027344,176.7868390113538,174.74793216787214,175.1354860667706,98874400
2015-11-25,176.35714721679688,176.71100578893396,176.0959539521244,176.50879538089964,51980100
2015-11-27,176.559326171875,176.76153655861043,175.96956194709995,176.44979393873967,37317800
2015-11-30,175.82635498046875,176.83738132063255,175.71682273451938,176.71942846187838,112822700
2015-12-01,177.5030059814453,177.62097172021072,176.18024957044784,176.4582841206091,97858400
2015-12-02,175.6915740966797,177.77260994296742,175.43881426017808,177.45244662633874,108441300
2015-12-03,173.23138427734375,176.21391399607774,172.5068130222087,175.94431296360074,166224200
2015-12-04,176.6099395751953,176.9048282224271,173.23142176179093,173.23142176179093,192913900
2015-12-07,175.53990173339844,176.7025762517463,174.57099130289473,176.2813142008919,102027100
2015-12-08,174.36036682128906,175.4893460745346,173.37461512800172,173.97281291926055,103372400
2015-12-09,173.00390625,175.81793383167454,172.02657514846928,173.7200569214092,162401500
2015-12-10,173.4504852294922,174.7648211692239,172.8354460486488,173.0713518400929,116128900
2015-12-11,170.0887908935547,171.99289097180136,169.7770481951906,171.3273025053737,211173300
2015-12-14,170.94815063476562,171.07453697504988,168.46270687995957,170.24886687996727,182385200
2015-12-15,172.74270629882812,173.65263382267747,170.9228512511295,172.46467181743833,154069600
2015-12-16,175.2703094482422,175.57361867646947,172.54895986402724,173.87171618164413,197017000
2015-12-17,172.59957885742188,175.6495135973953,172.58272476686335,175.5821100910655,173092500
2015-12-18,169.524658203125,171.99098546495205,169.36362381531808,171.85538913053546,251393500
2015-12-21,170.92303466796875,171.1010233879605,169.5839227019014,170.70267938206166,99094300
2015-12-22,172.4740753173828,172.77071894912382,170.82137791925118,171.81299635813016,111026200
2015-12-23,174.60984802246094,174.65222752487347,173.38939077446773,173.48262050681188,110987200
2015-12-24,174.3217010498047,174.87260879815253,174.10134570991175,174.35560982973305,48539600
2015-12-28,173.92337036132812,173.9657369377406,172.84699291279716,173.62672673197844,65899900
2015-12-29,175.7794647216797,176.11000419116687,174.9912601915219,175.02515603836744,92640700
2015-12-30,174.53359985351562,175.61846104846506,174.3895198581298,175.53370202416215,63317700
2015-12-31,172.78765869140625,174.49968997185306,172.78765869140625,173.85556540914322,114877900
2016-01-04,170.37217712402344,170.38064785257149,168.31265203476786,169.9229827951869,222353500
2016-01-05,170.6603546142578,171.11801971865495,169.55008123714336,170.69425046434188,110845800
2016-01-06,168.50765991210938,169.55859968180602,167.47366160601658,168.1008320021478,152112600
2016-01-07,164.46485900878906,167.33801418987764,164.07498558364367,165.54970732343884,213436100
2016-01-08,162.6596221923828,165.99045593534453,162.3714621444685,165.43107730180685,209817200
2016-01-11,162.82061767578125,163.92242028467783,160.87976024963513,163.5833971337192,187941300
2016-01-12,164.1343231201172,164.88863193264896,161.99852229548307,164.26993239555065,172330500
2016-01-13,160.04067993164062,165.1513355227424,159.659290232623,164.80384166995327,221168900
2016-01-14,162.6680450439453,163.7952727103789,159.04906525069086,160.65091236985222,240795600
2016-01-15,159.17620849609375,159.98136750929737,157.23535096184875,158.29477411933024,324846400
2016-01-19,159.3880615234375,161.12551774367915,157.8116396603883,160.99839216295302,195244400
2016-01-20,157.34547424316406,158.91342521154775,153.4213808573108,156.82000465550166,286547800
2016-01-21,158.2269287109375,160.07455601390174,156.48947259392077,157.82011394437433,195772900
2016-01-22,161.4730224609375,161.6764234038129,160.08305997751285,160.8458393781153,168319600
2016-01-25,159.03213500976562,161.1594521414183,158.8372047618833,160.96452189353602,130371700
2016-01-26,161.20179748535156,161.48148670298048,159.3541700222635,159.6931802017116,141036800
2016-01-27,159.44737243652344,162.3544223777091,158.5405003166785,160.67630029192964,185681700
2016-01-28,160.2779998779297,161.2018137024103,158.62530245514085,160.99841274724287,143798800
2016-01-29,164.18516540527344,164.3207746741323,160.93062054713084,161.04927542427944,210529300
2016-02-01,164.12576293945312,164.91398016956927,162.59172090699354,163.17652431879443,136061600
2016-02-02,161.16786193847656,162.70190396106065,160.64237947764653,162.6934332350044,182564900
2016-02-03,162.1341094970703,162.54092433557236,158.57445056225356,162.22733924468645,205054900
2016-02-04,162.3883819580078,163.363046061154,160.9984193337204,161.63407320944472,139531800
2016-02-05,159.29486083984375,162.44770514097527,158.65920695546097,161.87138516002568,180788300
2016-02-08,157.15060424804688,157.74387867623352,154.93005727437148,157.44724792834648,191526700
2016-02-09,157.15904235839844,158.43883364400986,155.26903531074603,155.40464456115956,184513100
2016-02-10,157.02342224121094,159.6253580605582,156.89628373856425,157.98961537224926,148214100
2016-02-11,154.98089599609375,156.03184842816853,153.480749178051,154.54017233975122,219058900
2016-02-12,158.17608642578125,158.19302788144972,155.91316058278534,156.76069893292953,127632400
2016-02-16,160.84584045410156,160.87126557213108,159.0236380224671,159.98983130481827,120250700
2016-02-17,163.4731903076172,163.84610922621385,161.8882849035813,162.01542340714366,136009500
2016-02-18,162.8036346435547,163.80373659742403,162.49004959994556,163.74440270679062,102343000
2016-02-19,162.7273712158203,162.87992191877856,161.41368412212734,162.02391279877943,114793000
2016-02-22,165.08351135253906,165.2275913136689,164.24444376811522,164.31224838495427,103640300
2016-02-23,162.99859619140625,164.69367304231983,162.87992839672864,164.42245453861685,111455300
2016-02-24,163.74444580078125,164.0241350750713,160.45600501023247,161.5662784451217,150812200
2016-02-25,165.72764587402344,165.7361295343985,163.43082415156576,164.1936035055933,110728300
2016-02-26,165.3462677001953,166.69385068785326,165.1852333307752,166.6006338765153,129833700
2016-02-29,164.04949951171875,166.31242505851253,163.85456933777516,165.36318636897101,125918100
2016-03-01,167.90585327148438,167.99061229471093,164.8038592481139,165.27847874039568,141799700
2016-03-02,168.66015625,168.71100648923135,167.17696392116832,167.5922624289091,102415000
2016-03-03,169.32125854492188,169.33821293780434,167.90587065093197,168.48219068480986,95172200
2016-03-04,169.87213134765625,170.65187812981827,168.68558264855903,169.51616673792708,129293600
2016-03-07,170.00770568847656,170.41453338667066,168.8720074622699,168.94828280602817,100219000
2016-03-08,168.15158081054688,169.43984255004293,167.99055940896613,168.93132736800484,123974900
2016-03-09,168.9822540283203,169.32973503354577,168.1770819941792,168.96529963486128,94801200
2016-03-10,169.11776733398438,170.4145126823703,167.28709464415917,169.47374475975724,156838700
2016-03-11,171.84693908691406,171.88931860763995,169.10092202470673,170.57563105962132,137964500
2016-03-14,171.6265411376953,172.08420622380174,171.0078416721999,171.33838116005754,73612000
2016-03-15,171.34686279296875,171.65197718059292,170.3976237792099,170.6603586539173,93169100
2016-03-16,172.3384552001953,172.74528294364353,170.82136715403325,170.863746660527,129303200
2016-03-17,173.43182373046875,173.94033911892367,171.85540145467496,172.25374562179147,134278500
2016-03-18,174.11329650878906,174.4540551653916,173.61918735733872,173.93438976465154,138372400
2016-03-21,174.36033630371094,174.5903555355031,173.61917911129143,173.84919834308363,72926700
2016-03-22,174.26670837402344,174.8374865169264,173.4233257893246,173.58517777086104,97471900
2016-03-23,173.1165771484375,174.0707118598421,172.94618480787767,173.8832906845147,81052500
2016-03-24,173.03990173339844,173.07398540240297,171.86427513496162,172.08576698704715,84360900
2016-03-28,173.1421356201172,173.67031548511676,172.69062450988648,173.45733805579619,62408200
2016-03-29,174.7436981201172,174.85445053108205,172.42650290019068,172.73319088515476,92922900
2016-03-30,175.5104217529297,176.234537123041,175.14409386054828,175.74895540415565,86365300
2016-03-31,175.0845184326172,175.84271768963617,174.92265347902105,175.41676275874656,94584100
2016-04-01,176.2771453857422,176.46456655097563,173.77252890408602,174.0877443178567,114423500
2016-04-04,175.7063751220703,176.40494731364376,175.39968711098373,176.20048430654924,63497000
2016-04-05,173.95144653320312,175.7148928811558,173.69587101925197,174.36035955605857,99662200
2016-04-06,175.85121154785156,175.91085147077712,173.7725496482917,173.95145641795702,91839800
2016-04-07,173.7469482421875,175.11852312280703,173.01430551715268,174.76072267557257,113859000
2016-04-08,174.215576171875,175.3656597472272,173.67886877016218,174.93117737474972,95040600
2016-04-11,173.80661010742188,175.5530274864749,173.71289952613287,174.85445533520982,83757500
2016-04-12,175.42520141601562,175.70633310888272,173.53396129971506,173.97695787627296,115350600
2016-04-13,177.19715881347656,177.28235495485626,176.20894076953903,176.3452493961041,96336400
2016-04-14,177.2057342529297,177.70837086159483,176.85646115084722,177.25685975482745,65212900
2016-04-15,177.00979614257812,177.3420404050816,176.68606629738127,177.2057317335134,75761600
2016-04-18,178.2535858154297,178.28765648296246,176.34530345584142,177.00979196516653,82531000
2016-04-19,178.8158721923828,179.0714477470296,177.99804601644834,178.6795764958022,88316100
2016-04-20,178.98626708984375,179.68482641669232,178.3814053686061,178.85847281115883,81100300
2016-04-21,178.02359008789062,179.11403358058067,177.75097271516222,179.0032811480208,85695000
2016-04-22,178.02359008789062,178.29619446150724,177.1205677891734,177.66578953551843,99251700
2016-04-25,177.71690368652344,177.75950177629514,176.80535396203425,177.41873005723343,66166500
2016-04-26,177.98097229003906,178.49212330774736,177.50390493970355,178.0831972939366,75864200
2016-04-27,178.34727478027344,178.73914590539215,177.23978973261404,177.5975901943301,77329400
2016-04-28,176.72865295410156,178.6965621508387,176.31122554819342,177.58909001351464,97216200
2016-04-29,175.7745361328125,176.45606651656496,174.66705088410362,176.1067804075141,142424100
2016-05-02,177.17166137695312,177.3505551344796,175.84268432460058,176.27715359198956,62188000
2016-05-03,175.6297149658203,176.17493667898285,174.88003023555515,175.93640299191867,106422100
2016-05-04,174.6499786376953,175.36559256553545,174.1473551043559,174.63294980542213,92243800
2016-05-05,174.61595153808594,175.47637575045397,174.18999664103234,175.11857519682238,67619200
2016-05-06,175.25486755371094,175.29746563926946,173.68735679839853,173.8406943074764,89315000
2016-05-09,175.3997039794922,175.83417328735254,174.94819283629073,175.12709960959302,74374900
2016-05-10,177.58059692382812,177.59763875974392,176.0386422508062,176.1067965953573,77472200
2016-05-11,175.91937255859375,177.65726281970865,175.91937255859375,177.12056848858697,81727000
2016-05-12,175.9705352783203,176.76281837279024,174.95676025376665,176.592425965986,89586300
2016-05-13,174.43701171875,176.22602714713327,174.1132948977058,175.67229108550052,96474600
2016-05-16,176.1579132080078,176.63498063186802,174.54780415292345,174.60744408046216,77486800
2016-05-17,174.5137481689453,176.1749698736876,173.98555519168647,175.88532362755066,114924900
2016-05-18,174.5648193359375,175.7489732961861,173.47437596243276,174.16442073795102,120062100
2016-05-19,173.9599609375,174.24960712037108,172.7502507039408,173.84069409754656,115430500
2016-05-20,175.05892944335938,175.57859488183973,174.52222217107837,174.5733346733698,104990400
2016-05-23,174.8204345703125,175.35712896260952,174.63301335423628,175.0759971384952,58682600
2016-05-24,177.0864715576172,177.40168699736577,175.6126713632845,175.63822761527615,93537800
2016-05-25,178.28768920898438,178.7051297077683,177.08649322198136,177.76802368972784,76621400
2016-05-26,178.3387908935547,178.65400635273156,178.02358843348952,178.42398707151852,55280700
2016-05-27,179.10549926757812,179.11401368486318,178.44952516153782,178.50063766346895,64211200
2016-05-31,178.76466369628906,179.48879187912647,178.20240037778748,179.37803949845338,109879400
2016-06-01,179.13108825683594,179.3099820462898,177.95544850111673,178.15138412736567,69936200
2016-06-02,179.67623901367188,179.69326784462248,178.25355168283988,178.73061893160897,63044700
2016-06-03,179.1395721435547,179.4888582432025,177.92986191953818,179.11401589227415,101757100
2016-06-06,180.05108642578125,180.40888687258325,179.3354725330693,179.49733742547903,64887000
2016-06-07,180.33218383789062,180.8944471875095,180.17884637841627,180.20440262166198,60974800
2016-06-08,180.92005920410156,181.04785345883258,180.34076684647442,180.46854810209499,66170900
2016-06-09,180.6730194091797,180.79228625294073,179.91482025974642,180.1874246172955,73786900
2016-06-10,178.960693359375,179.63369636459402,178.41545862213925,179.2929376529333,113829200
2016-06-13,177.58059692382812,179.21626219571885,177.4954137424733,178.35583796909606,117751200
2016-06-14,177.23130798339844,177.82765523902376,176.27717317297692,177.19723731121704,125059300
2016-06-15,176.98426818847656,178.3558435425371,176.79684698488228,177.23131632097133,109124500
2016-06-16,177.51242065429688,177.68281299418516,175.144112719887,176.9842407981525,149533100
2016-06-17,176.8513641357422,177.43366914168035,176.19197858878368,177.40797998357797,117055700
2016-06-20,177.9902801513672,179.49743389751904,177.904640921832,178.8209310243536,82789600
2016-06-21,178.49551391601562,178.90655346246095,177.93032637295858,178.37562683718943,72461700
2016-06-22,178.204345703125,179.4032163854606,178.0587564154674,178.67532221401441,95560500
2016-06-23,180.5250701904297,180.57644851025242,179.20631207036166,179.6687300154802,102731400
2016-06-24,174.0425567626953,180.55930507697246,173.59725627725683,174.37652886009613,333444400
2016-06-27,170.9254608154297,172.63814073114858,170.11192740209458,172.62956896887508,230775800
2016-06-28,174.00828552246094,174.03397467714407,172.22709675306544,172.5353796759745,159382400
2016-06-29,176.97125244140625,177.20245486591145,175.30995051693523,175.41270715004865,137328600
2016-06-30,179.38609313964844,179.4374714471411,176.88558199688845,177.44221081705115,165021900
2016-07-01,179.7628936767578,180.2510137554177,179.223395288073,179.38610198095964,106055300
2016-07-05,178.46986389160156,179.0436102565465,177.87042836604078,178.93228184940145,109803700
2016-07-06,179.54022216796875,179.6601092283609,177.31373325587478,177.97311862138648,96021500
2016-07-07,179.428955078125,180.38805188879806,178.6582541505076,179.7201076004059,85593800
2016-07-08,182.10069274902344,182.34903866225736,180.499341156966,180.73055661180524,133971000
2016-07-11,182.74293518066406,183.31669443041378,182.3575848268866,182.56311111336606,73633900
2016-07-12,184.0702362060547,184.36996036079938,182.7685960597956,183.71057506038605,101275600
2016-07-13,184.0446014404297,184.49846062026708,183.55649440804572,184.48990192380845,87324100
2016-07-14,185.0721893310547,185.5431789258508,184.67828026392408,185.3119634762762,91230900
2016-07-15,184.8238525390625,185.8343274056498,184.37855210743746,185.6373728762949,107155400
2016-07-18,185.3206024169922,185.48330916024,184.68690590821544,184.94381060456902,58725900
2016-07-19,185.13214111328125,185.16638896289643,184.6525928184022,184.90092566156775,54345700
2016-07-20,185.90283203125,186.1426061660082,185.13213132191436,185.13213132191436,58159500
2016-07-21,185.20066833496094,186.01418877817954,184.75536784532173,185.7915450667161,67777300
2016-07-22,186.03134155273438,186.08271987179558,185.0551142904299,185.32057765005538,62787500
2016-07-25,185.52609252929688,185.8771951348672,184.9437874859535,185.8258168153621,55873100
2016-07-26,185.61167907714844,185.97134027828923,184.76389784585993,185.42328324797322,70080500
2016-07-27,185.41473388671875,186.05698886395425,184.64402007400957,185.98848009837715,84083900
2016-07-28,185.62881469726562,185.91996714437596,184.7553442892239,185.21776211306323,65035700
2016-07-29,185.92849731445312,186.2881584704175,185.08072925636168,185.36332296462837,79519400
2016-08-01,185.77442932128906,186.3824234943589,185.32057009912256,185.98851435313037,73311400
2016-08-02,184.5841064453125,185.68022069992873,183.74489682746534,185.52607269118224,92295500
2016-08-03,185.12359619140625,185.18354627031363,184.22444954149876,184.52416073589694,53993600
2016-08-04,185.3206024169922,185.63744413802277,183.47090428330512,185.23496316263578,46585500
2016-08-05,186.83627319335938,186.87909281088778,185.3205606532134,185.3205606532134,71892200
2016-08-08,186.72486877441406,187.12734946705947,186.45940556579825,187.02457982068404,39906500
2016-08-09,186.83627319335938,187.33295200992077,186.51087284691155,186.79346664254368,51251700
2016-08-10,186.37384033203125,187.0246540393805,186.0227377898891,186.94758657404537,57941100
2016-08-11,187.23873901367188,187.48708493532814,186.63930361664032,186.9047669305606,72504300
2016-08-12,187.07603454589844,187.29011953719723,186.6735537169198,186.93044525310967,61313500
2016-08-15,187.6155242919922,187.96662682206687,187.43570021239086,187.44425890823004,49813500
2016-08-16,186.64784240722656,187.26439508760507,186.64784240722656,187.19589939722582,53213600
2016-08-17,186.99896240234375,187.13597993892873,185.84291123752573,186.68212078236357,75134300
2016-08-18,187.41856384277344,187.4528116917612,186.86194809642447,186.97326340566778,52989300
2016-08-19,187.1445770263672,187.32441421336625,186.45951533632964,186.9476224438171,75443000
2016-08-22,187.13600158691406,187.36721707330938,186.53656612840118,186.90478610051875,61368800
2016-08-23,187.51275634765625,188.05225468729222,187.45280628026987,187.75253048378104,53399200
2016-08-24,186.55364990234375,187.46136809331443,186.13403865303988,187.36717018292825,71728900
2016-08-25,186.42523193359375,186.84484327485418,186.01419235578945,186.16832729744883,69224800
2016-08-26,186.07411193847656,187.6412156987997,185.18352409219543,186.6136103171795,122506300
2016-08-29,186.99044799804688,187.25591137136487,186.16835565052264,186.2026165761399,70502200
2016-08-30,186.68214416503906,187.1873816944287,186.12552831967258,186.90478788984302,58114500
2016-08-31,186.15121459960938,186.4680562543766,185.37194197477402,186.34816916337985,85269500
2016-09-01,186.1597442626953,186.45089671446254,184.99512138891555,186.14261380473522,97844200
2016-09-02,186.99896240234375,187.42713240413818,186.42521616794463,187.01609286109473,79293900
2016-09-06,187.56411743164062,187.64118488259535,186.56220136910167,187.2815237114308,56702100
2016-09-07,187.54701232910156,187.72684947234944,186.93901826710024,187.40143610204896,76554900
2016-09-08,187.1188201904297,187.48705312902328,186.81053731472485,187.2130180987481,74102900
2016-09-09,182.6402130126953,185.85148834426704,182.61452385537976,185.80011002963596,221589100
2016-09-12,185.2606201171875,185.6631010226013,181.80957044739841,181.87807922562985,168110900
2016-09-13,182.59739685058594,184.24156828346108,181.97227223288908,183.9761049417013,182828800
2016-09-14,182.5288543701172,183.85618390053668,181.97223863157544,182.64874143995897,134185500
2016-09-15,184.35287475585938,184.73822514377375,182.18633559413095,182.36617274407044,134427900
2016-09-16,183.64028930664062,183.91570871398278,182.95176705372555,183.73496308632446,155236400
2016-09-19,183.67465209960938,184.9398316046252,183.34759496335045,184.29433239319732,80250500
2016-09-20,183.6832733154297,184.6902506150678,183.64885246560053,184.53533709176185,69665300
2016-09-21,185.74887084960938,185.9296032856445,183.70048235643853,184.38901751767136,110284400
2016-09-22,186.91940307617188,187.22064137688324,186.51490220860666,186.76448952681312,76678700
2016-09-23,185.89520263671875,186.66119463948525,185.80052887760303,186.52348496573194,73630900
2016-09-26,184.3890380859375,185.24108878772253,184.19107550457642,185.060356331527,89827300
2016-09-27,185.5337371826172,185.6283978154391,183.8554283268862,184.22552145862235,78494800
2016-09-28,186.45460510253906,186.6095317478963,184.79352670876403,185.7574680302204,87411000
2016-09-29,184.76766967773438,186.65252928967917,184.21684426383982,186.24801543995977,128070600
2016-09-30,186.16200256347656,186.8677416426851,185.35297466501245,185.60256195171965,117202900
2016-10-03,185.71444702148438,185.93821537971414,185.0775496642998,185.74888100442226,83512100
2016-10-04,184.76766967773438,186.05006604521853,184.17382149351062,185.82629773519423,119948100
2016-10-05,185.58535766601562,186.01569053589353,185.32715531754548,185.39601015265197,72816000
2016-10-06,185.71444702148438,185.93821537971414,184.8193604558488,185.36157092631254,62927400
2016-10-07,185.0775146484375,186.16196164962548,184.34595680837285,185.9898311656523,89788300
2016-10-10,186.04148864746094,186.50624231654774,185.89517706399442,186.04148864746094,51855000
2016-10-11,183.69186401367188,185.68001270355688,182.96030608826086,185.6111578753919,130367400
2016-10-12,183.932861328125,184.45786789847287,183.33038486862884,183.82957252016578,73866100
2016-10-13,183.33038330078125,183.82957094804914,181.78119565451286,182.59882538620238,101357000
2016-10-14,183.42507934570312,184.7763308688641,183.3476225805163,184.31156401230902,93346200
2016-10-17,182.7882080078125,183.65747574374717,182.6074624102287,183.3992733755066,58275700
2016-10-18,183.932861328125,184.44925283705885,183.55416634194418,184.38901307073857,76869700
2016-10-19,184.42340087890625,184.7332409818451,183.83815464708462,184.19963257839444,66519200
2016-10-20,184.0791778564453,184.6386052893281,183.41646161282907,184.07056279479988,73639800
2016-10-21,184.16526794433594,184.25133977916985,183.11525459640927,184.07920924222017,89089100
2016-10-24,184.94845581054688,185.3185488986894,184.59557971394312,185.04312956493527,60146600
2016-10-25,184.32870483398438,185.02584169802122,184.16517630879812,184.76763945471197,66542300
2016-10-26,183.95867919921875,184.5439255325537,183.26152899714793,183.50252745920315,75705500
2016-10-27,183.4681396484375,184.71610251786095,183.39068287295413,184.6816816618857,77220200
2016-10-28,182.9259033203125,184.12222825678606,182.21156226323424,183.44230805330568,140623200
2016-10-31,182.93450927734375,183.48533483651642,182.77098068227858,183.26155333475683,61272500
2016-11-01,181.60903930664062,183.3131666105821,180.3955108197129,183.2615156443023,122781800
2016-11-02,180.51602172851562,181.68652756097123,180.07707383339738,181.2992175046396,103330800
2016-11-03,179.6897735595703,180.94635118838607,179.414367380271,180.73118477564276,88939300
2016-11-04,179.4918670654297,180.64515616171005,179.3455554456973,179.80170729919203,109122100
2016-11-07,183.45089721679688,183.4853312007163,179.49184269266695,179.49184269266695,109794900
2016-11-08,184.27713012695312,184.84517263024625,182.78818217079038,183.05498643159638,106772100
2016-11-09,186.2308807373047,186.8505611996288,182.75378335062837,182.77960227549866,258429000
2016-11-10,186.69557189941406,187.89189650378796,185.2324430723884,187.02262901503323,172113300
2016-11-11,186.26527404785156,186.5062593994829,185.31854963293324,185.9726508541159,100552700
2016-11-14,186.41156005859375,186.99681949845134,185.66278518542148,186.79025502566955,94580000
2016-11-15,187.8660888671875,187.8660888671875,186.59230743770325,186.79885877978907,91652600
2016-11-16,187.5132293701172,187.74561278319638,187.125932436796,187.24642510788962,65617700
2016-11-17,188.47715759277344,188.5373973535631,187.55623913068183,187.66812985706682,69797200
2016-11-18,188.05545043945312,188.7181666879563,187.8747048688737,188.54603617908583,86265800
2016-11-21,189.47552490234375,189.50134381949704,188.48576472422937,188.63207629900276,72402600
2016-11-22,189.84561157226562,190.02634398628018,189.1140405902068,189.78535867911793,67429000
2016-11-23,189.94895935058594,190.00059720276556,189.13132938139677,189.32927885899178,56620200
2016-11-25,190.65467834472656,190.68909919592076,190.2157304125195,190.29320030996112,37872300
2016-11-28,189.7595672607422,190.62023294895837,189.65629158062544,190.3448267577416,76572500
2016-11-29,190.12965393066406,190.58580567943466,189.49275661506186,189.79399484887597,69886700
2016-11-30,189.6735076904297,190.91286837693818,189.6132547888307,190.74933979570218,113291800
2016-12-01,188.97640991210938,189.97477233269018,188.61491869272385,189.97477233269018,79040500
2016-12-02,189.07102966308594,189.5616154027923,188.70955165458884,189.06242773409173,74840300
2016-12-05,190.20712280273438,190.55138383526355,189.70793511266547,189.9058845497339,67837800
2016-12-06,190.8095703125,190.84400429252008,189.91448382270985,190.39645448126726,59877400
2016-12-07,193.3055419921875,193.36578176856935,190.53419709339596,190.65468977887744,110738100
2016-12-08,193.77886962890625,194.25223837219423,193.01287771075508,193.27969509894712,99714400
2016-12-09,194.94937133789062,194.9665883280231,193.9682130237888,194.00264700405376,88005800
2016-12-12,194.7255859375,195.3366642728695,194.30385507885265,194.8546805203949,102016100
2016-12-13,196.0251922607422,196.5243798844961,195.3710911327447,195.38830812189892,110477500
2016-12-14,194.4071502685547,196.42970655244312,193.96820240685383,195.72396758822754,142501800
2016-12-15,195.2075958251953,196.06826157153114,194.41578491449238,194.64816834316386,124972600
2016-12-16,194.82579040527344,195.7261658622484,194.50547138064348,195.6655578250906,156420200
2016-12-19,195.24998474121094,195.6742013225138,194.86040509436378,195.0075790405007,90341100
2016-12-20,196.00318908691406,196.15037625529698,195.55301458286152,195.7867544641546,89838800
2016-12-21,195.45777893066406,196.04647475199613,195.45777893066406,195.8733296992585,67909000
2016-12-22,195.12017822265625,195.43184466036257,194.72193263720578,195.31064177959473,56219100
2016-12-23,195.40586853027344,195.41452116077593,194.972999222937,195.16344956485196,36697800
2016-12-27,195.89064025878906,196.28887254299553,195.65688718146427,195.67420564907505,42672500
2016-12-28,194.27171325683594,196.1676826770709,194.159176235216,196.15037741843466,64095000
2016-12-29,194.2284698486328,194.6959629034167,193.78693468620676,194.3410068893433,48696100
2016-12-30,193.51856994628906,194.6440328947785,192.8259763464399,194.55745374100078,108998300
2017-01-03,194.99893188476562,195.50971439630345,193.82152707250532,194.8257736278671,91366500
2017-01-04,196.1590118408203,196.30618578629466,195.31924452066914,195.32789714918414,78744400
2017-01-05,196.00318908691406,196.1590288845638,195.2067112603738,195.89065206596143,78379000
2017-01-06,196.7044677734375,197.1719607922804,195.57033914175193,196.11575867217059,71559900
2017-01-09,196.0551300048828,196.58323097379537,196.0204930701331,196.44470965503663,46939700
2017-01-10,196.0551300048828,196.91220259319724,195.66553714460895,196.07243526213762,63771900
2017-01-11,196.60922241210938,196.60922241210938,195.30194879751116,195.96857115415494,74650000
2017-01-12,196.11575317382812,196.30621671212265,194.7565505161322,196.0897820740718,72113200
2017-01-13,196.56594848632812,196.86894906518972,196.25428206713286,196.28890579810013,62717900
2017-01-17,195.87332153320312,196.3321618483829,195.48374187825505,195.92526372584683,61240800
2017-01-18,196.30618286132812,196.34947242349787,195.57029993480117,196.12437198426298,54793300
2017-01-19,195.57896423339844,196.52261591471884,195.1460950353484,196.38409460091412,66608800
2017-01-20,196.2975311279297,196.79099515057976,195.63090885581107,196.26289419398807,129168600
2017-01-23,195.7867889404297,196.3581796155604,195.0249479170454,196.2975847797805,75061600
2017-01-24,197.04209899902344,197.45764980363037,195.8906651438575,196.00320217232323,95555300
2017-01-25,198.7476043701172,198.7476043701172,197.82991041474384,197.99440285212322,84437700
2017-01-26,198.53981018066406,198.86879503523576,198.26276752205186,198.6004050059098,59970700
2017-01-27,198.22821044921875,198.76496426811255,198.04639949210525,198.61779026003282,59711100
2017-01-30,196.99880981445312,197.56153458824696,196.01186839525718,197.5355634885409,79737300
2017-01-31,196.9814910888672,197.0420991281839,195.93395484175775,196.50533224467114,75880800
2017-02-01,197.0593719482422,197.89913925973156,196.47067617241692,196.98145866205115,79117700
2017-02-02,197.18927001953125,197.47496532159104,196.36682105245578,197.05940131307403,69657600
2017-02-03,198.5484619140625,198.7302728092215,197.78662102655863,198.09828741103053,80563200
2017-02-06,198.19349670410156,198.53980000962594,197.85585923754053,198.141554510803,57790100
2017-02-07,198.20216369628906,198.8254964397394,198.01170017967254,198.5830907295221,57931200
2017-02-08,198.4619140625,198.5917695636371,197.65677032508353,198.20218985010365,51566200
2017-02-09,199.6392822265625,199.94228274337826,198.46187746293734,198.46187746293734,65955200
2017-02-10,200.4271240234375,200.65222449762322,199.6566172536117,199.985602125039,66015900
2017-02-13,201.51800537109375,201.77772962888392,200.8946724364472,200.92064354121376,55182100
2017-02-14,202.3230743408203,202.33174017984953,200.98984293224817,201.33613303028443,71109000
2017-02-15,203.37928771972656,203.569751247365,202.05470886577277,202.1066510623794,86785800
2017-02-16,203.20619201660156,203.58711916439967,202.45300356262538,203.40530822199622,84722400
2017-02-17,203.52645874023438,203.52645874023438,202.52219891994199,202.5395173886011,77204100
2017-02-21,204.73846435546875,204.9116093810841,203.89003127275183,203.89869711060973,88946100
2017-02-22,204.5567169189453,204.78180420102626,204.16713718798405,204.33162963686436,62115200
2017-02-23,204.69520568847656,205.09343798647993,203.9333516086501,205.0761327283898,74615900
2017-02-24,204.95492553710938,204.9982018915402,203.8034918126732,203.84678137722443,82381600
2017-02-27,205.27525329589844,205.44839835137117,204.6172968010536,204.86835514997097,56515400
2017-02-28,204.72120666503906,205.13675749190335,204.33162693922114,204.89435174205562,96961900
2017-03-01,207.58682250976562,208.05432880111243,206.3661277836228,206.38344625629745,149158200
2017-03-02,206.27955627441406,207.40501918566386,206.2276140679158,207.39635334449835,70246000
2017-03-03,206.40939331054688,206.57388575648002,205.81203156905175,206.1929586627659,81974300
2017-03-06,205.79470825195312,206.14965100347789,205.18868072324162,205.6128973513154,55391500
2017-03-07,205.18002319335938,205.8466455329481,204.972241199039,205.49168957977946,65103700
2017-03-08,204.79910278320312,205.73410197278264,204.66058144916434,205.47437777399028,78168800
2017-03-09,205.0588836669922,205.38786862374613,204.0892604809281,204.92036229466154,90683900
2017-03-10,205.77735900878906,206.06305426128182,204.82504150047993,206.0197646999733,81991700
2017-03-13,205.8812713623047,205.92456092949521,205.38780728467196,205.71677893305338,57256800
2017-03-14,205.09347534179688,205.3878365145119,204.47880831462683,205.3358811004165,59880800
2017-03-15,206.8682098388672,207.29242645521649,205.43108077298604,205.6648338644537,96081800
2017-03-16,206.46128845214844,207.08462115248665,206.13231684538962,207.00670786747426,78344000
2017-03-17,206.09878540039062,206.91612228789413,206.09878540039062,206.72483011134673,89002100
2017-03-20,205.87269592285156,206.38570067207806,205.48142133899393,206.09876243922434,52537000
2017-03-21,203.22938537597656,206.60306877992002,203.09896494235707,206.48133861934434,131809300
2017-03-22,203.70762634277344,203.9945645792562,202.63813892867807,203.26418357780537,97569200
2017-03-23,203.490234375,204.629283691837,203.11635362966538,203.70761060394116,100410300
2017-03-24,203.34242248535156,204.3684319293869,202.5598733591413,203.7945687617091,112504900
2017-03-27,203.13372802734375,203.39458214769667,201.38602797588516,201.664262641361,87454500
2017-03-28,204.61190795898438,205.03795688647148,202.71638029888368,202.82942018622143,93483900
2017-03-29,204.80319213867188,205.03796219245166,204.09889524492522,204.32497502545124,61950400
2017-03-30,205.45529174804688,205.65528741288264,204.56840636847858,204.74230468206505,56737900
2017-03-31,204.9770965576172,205.64660579968896,204.92491511714576,205.11620726276408,73733100
2017-04-03,204.62057495117188,205.22922568375552,203.38587967433335,205.02924328610464,85546500
2017-04-04,204.75099182128906,204.83794761054727,203.95104897695813,204.33363322154915,56466200
2017-04-05,204.1423797607422,206.4117883072301,203.93369378755492,205.42924342641402,108800600
2017-04-06,204.71624755859375,205.237942568058,203.8380390678011,204.28149508357723,69135800
2017-04-07,204.50755310058594,205.20315968524076,204.02063247160518,204.4640752013715,74412300
2017-04-10,204.62925720214844,205.4292000289866,204.0988587414895,204.64665101313784,67615300
2017-04-11,204.3857879638672,204.49012429005163,202.89023870647137,204.24666401722808,88045300
2017-04-12,203.490234375,204.29888084580904,203.26416787323433,204.10758870293344,81864400
2017-04-13,202.1685791015625,203.8902083526426,202.1685791015625,203.15112388214533,92880400
2017-04-17,203.95973205566406,203.95973205566406,202.4902669307122,202.6902493048355,68405400
2017-04-18,203.35116577148438,203.89026798800458,202.66426253874494,203.2207453056464,83225800
2017-04-19,202.97723388671875,204.29018156053755,202.751154112652,203.9163008074154,68699900
2017-04-20,204.62925720214844,205.07271314304106,203.2728318319624,203.5945443635195,92572200
2017-04-21,203.97708129882812,204.6031256733678,203.57711661195336,204.5509575200874,110389800
2017-04-24,206.22044372558594,206.42912964572335,203.95103575600228,206.22913399691217,119209900
2017-04-25,207.4203338623047,207.76813041015748,206.7768956544304,206.86385142518753,76698300
2017-04-26,207.28993225097656,208.27247688855394,207.24646762646668,207.3855783065601,84702500
2017-04-27,207.46388244628906,207.76820121246766,206.92478036554024,207.61169669287736,57410300
2017-04-28,207.01173400878906,207.75080523402914,206.88130030956393,207.72472114770258,63532800
2017-05-01,207.5334014892578,207.95946362209395,207.11604289577147,207.5334014892578,66882500
2017-05-02,207.61167907714844,207.7942676678446,207.2030107316592,207.6725375181834,57375700
2017-05-03,207.3595733642578,207.70738336620892,206.68136044494685,207.61173727412174,73137700
2017-05-04,207.60301208496094,207.74213607123485,206.75090088732193,207.66388380430337,61462700
2017-05-05,208.4202880859375,208.43768189604322,207.53338951680195,207.9768454351646,62001300
2017-05-08,208.38552856445312,208.6115950415581,207.95946642587268,208.46378081411362,48385700
2017-05-09,208.1942596435547,208.84638833191315,207.84644971587488,208.64640591574235,51363200
2017-05-10,208.56808471679688,208.56808471679688,207.94204028167508,208.15072618257852,54293800
2017-05-11,208.14207458496094,208.3072826287567,207.05519352587427,208.11599050095015,62358300
2017-05-12,207.79428100585938,208.18555556434342,207.52473660485018,207.88992707727476,53912700
2017-05-15,208.94204711914062,209.06377728433864,208.20296258698576,208.2203564013263,61918900
2017-05-16,208.75076293945312,209.2637677075588,208.35948834119614,209.2376836188479,51241800
2017-05-17,205.046630859375,208.7507165771963,204.98575915417317,208.7507165771963,172174100
2017-05-18,205.87269592285156,206.72480708043372,204.70754917707174,204.96840332217448,107047700
2017-05-19,207.211669921875,207.8811922783778,206.30739084111954,206.35955900206457,115011400
2017-05-22,208.26382446289062,208.42903252233745,207.65517366565936,207.72472238454952,61010600
2017-05-23,208.72462463378906,208.88983266444038,208.2550846237706,208.63766884894417,48341700
2017-05-24,209.2115478515625,209.3158841806334,208.62027769578378,208.9593973004445,46927700
2017-05-25,210.2115020751953,210.48975001458788,209.5159087618979,209.7245814488503,64071700
2017-05-26,210.16799926757812,210.33319402554446,209.9419195409902,210.02017178438314,46629900
2017-05-30,209.98538208007812,210.23753260177276,209.68975367048063,209.8462581458245,35201900
2017-05-31,209.93325805664062,210.3158423224758,209.2376515067213,210.28105469780456,91796000
2017-06-01,211.60267639160156,211.62007020151847,210.1071271608948,210.39406532037117,68962000
2017-06-02,212.30702209472656,212.46353988490813,211.3592648832464,211.6548933820873,88666100
2017-06-05,212.1505126953125,212.42005710085908,211.95051700870053,212.1331188817827,44698800
2017-06-06,211.4722900390625,212.14179925139388,211.39402451562816,211.58531665274904,50375400
2017-06-07,211.86358642578125,212.0896529440501,211.1418957009011,211.81141824984175,54144300
2017-06-08,211.9678955078125,212.44612583838824,211.43749700800873,211.95920523547161,65950700
2017-06-09,211.6461944580078,213.03739436088486,210.37671144488533,212.23745143152235,132256400
2017-06-12,211.60267639160156,211.65484455376279,210.75056545192572,211.4026940141203,86108100
2017-06-13,212.63742065429688,212.6895888241833,211.7939998608889,212.14179650519276,60067000
2017-06-14,212.36790466308594,212.91568378773508,211.54186430411934,212.90699351412243,78602300
2017-06-15,211.95916748046875,212.08089760951486,210.73316265162578,211.01139726047873,66464900
2017-06-16,212.00550842285156,212.17152212336774,211.12303068025076,212.11909955105568,84553100
2017-06-19,213.77049255371094,213.8316477816918,212.7394663393128,212.83557883953387,65123800
2017-06-20,212.3287811279297,213.42096244725582,212.31131582607034,213.41222979632616,56906400
2017-06-21,212.2763671875,212.8355635124365,211.8045507045785,212.72198571656747,55977600
2017-06-22,212.18028259277344,212.78316891798806,212.00553621805898,212.28514108343714,44148100
2017-06-23,212.4336395263672,212.76565358136818,211.85696459021437,212.24141454764958,66986800
2017-06-26,212.5734405517578,213.52583284795475,212.36375025939995,213.1064255986545,56700500
2017-06-27,210.86090087890625,212.65208095191173,210.84342224433726,212.35499749340605,82247700
2017-06-28,212.74819946289062,212.94915710309843,211.6472721028561,211.88318701319096,70042600
2017-06-29,210.87840270996094,212.9491745023948,209.66389745351125,212.89675192521318,106949700
2017-06-30,211.2716064453125,212.0667178313277,211.07938142161004,211.69100043689303,86820700
2017-07-03,211.62985229492188,212.65213268307994,211.62985229492188,212.21526003862118,39153800
2017-07-05,212.1190948486328,212.3287851332324,211.1841812221538,211.99677107185246,54427600
2017-07-06,210.17941284179688,211.4725520189999,209.99592048156632,211.3502282229441,65400800
2017-07-07,211.54244995117188,211.6909850346267,210.18814223082148,210.7560846076361,57972300
2017-07-10,211.76959228515625,212.14530960503038,211.23660724925944,211.5424233623595,36663300
2017-07-11,211.6123046875,211.92685342228452,210.44148958169296,211.76957238874692,50354600
2017-07-12,213.20252990722656,213.3685436038304,212.58217837309738,212.58217837309738,59610400
2017-07-13,213.56076049804688,213.6743516192722,212.9840855734601,213.2112678159107,39471600
2017-07-14,214.55685424804688,214.9150929548679,213.46467282405064,213.56078532265403,60262700
2017-07-17,214.5306396484375,214.86266706254005,214.35589328975448,214.47821707406186,33531900
2017-07-18,214.64425659179688,214.69667917247628,213.7792440137043,214.12000412041456,42742500
2017-07-19,215.80628967285156,215.81502232352327,214.9500099445451,214.95875592750787,51034300
2017-07-20,215.90243530273438,216.18202682235125,215.35197158321972,216.05970303271388,47135200
2017-07-21,215.71022033691406,215.73643162646357,215.0985880279755,215.32577031379626,82340800
2017-07-24,215.65782165527344,215.79761077092985,215.18599172651037,215.63159703052415,46622300
2017-07-25,216.1820526123047,216.51408008048458,215.954883642247,216.4092215823624,54915600
2017-07-26,216.19073486328125,216.50528361972533,215.92862200982088,216.47033968336117,47575400
2017-07-27,215.98976135253906,216.6887600190587,214.66166521938086,216.6538160852635,70766600
2017-07-28,215.73641967773438,215.86747611822327,215.05489952260615,215.50923740449628,50088400
2017-07-31,215.6140594482422,216.2344109381013,215.40435584660898,216.1382984538891,65838700
2017-08-01,216.09466552734375,216.2519332611237,215.5704130834903,216.21698931993708,55050400
2017-08-02,216.19949340820312,216.33929582636586,215.2645797355687,216.2257046950721,47211200
2017-08-03,215.7800750732422,216.11208911345005,215.50047026855043,216.08587782954655,40856000
2017-08-04,216.17330932617188,216.505323445726,215.7888592939885,216.26942183421772,60191800
2017-08-07,216.5751953125,216.5751953125,216.1383227591881,216.2431812379417,31995000
2017-08-08,216.042236328125,217.48392392735892,215.66653228645106,216.26067263113373,61719400
2017-08-09,216.033447265625,216.08586983149164,214.99368860163509,215.35192724477773,62632600
2017-08-10,212.98410034179688,215.32574413781086,212.9316777690706,215.194674373703,120479500
2017-08-11,213.2986602783203,213.89281390900854,212.97537884138708,213.21129376329955,74869900
2017-08-14,215.41314697265625,215.63158328404472,214.54814771222627,214.5830916558389,73291900
2017-08-15,215.3869171142578,215.81505704729705,215.08111430405256,215.7975784108503,55242700
2017-08-16,215.76258850097656,216.31305210727757,215.33444865915462,215.9111235483947,56715500
2017-08-17,212.398681640625,215.46553530797297,212.398681640625,215.15098655573962,128490400
2017-08-18,212.0667266845703,213.35986598976743,211.62110805088636,212.23272709170288,136748000
2017-08-21,212.2327117919922,212.4948380283871,211.29781132534652,212.00554283100684,65469700
2017-08-22,214.4519805908203,214.60924829546983,212.80060303054543,212.81808166404795,63140100
2017-08-23,213.6830596923828,214.11119951120287,213.33356705044497,213.48210208988303,50203800
2017-08-24,213.1851043701172,214.2248499990932,212.97540071440326,214.0675822565284,50741700
2017-08-25,213.6830596923828,214.60049454283168,213.53452465294475,213.98012977125893,64445900
2017-08-28,213.6918182373047,214.2422685141031,213.27241104357486,214.2160572310313,40565600
2017-08-29,213.93646240234375,214.19857522893886,212.2588603183935,212.3724514314449,51135700
2017-08-30,214.9500732421875,215.22094548026885,213.73556782662305,213.91906020309173,62030800
2017-08-31,216.2431640625,216.4878116063398,214.98496907572905,215.57037665079503,103803900
2017-09-01,216.54898071289062,216.97712060821138,216.40044564691212,216.6188819202262,62007000
2017-09-05,214.9937286376953,216.26940241793108,214.0238709916845,216.04222014714927,91398800
2017-09-06,215.72769165039062,216.05971910365733,215.14228394699003,215.67526906983147,57916900
2017-09-07,215.7014617919922,216.0509678527903,215.29080050323753,216.03348921667717,58034700
2017-09-08,215.44805908203125,215.9111428985104,215.20341153114762,215.4131018134527,63832800
2017-09-11,217.7460479736328,217.8246818421768,216.7062890485721,216.72375435338603,71364800
2017-09-12,218.47996520996094,218.51490914779853,217.92950152990056,218.1129938673514,56896000
2017-09-13,218.58482360839844,218.61978088064765,218.07804981912886,218.1916409554993,59228000
2017-09-14,218.51490783691406,218.71587880822418,218.0867812725841,218.26152762530808,95446300
2017-09-15,218.80906677246094,218.89686685756087,218.26466069008939,218.3700261515919,95432400
2017-09-18,219.27442932128906,219.62565642746745,218.88807146541967,219.17783985732171,46235200
2017-09-19,219.4939727783203,219.58178626336064,219.16908700089311,219.52031414414108,47108100
2017-09-20,219.572998046875,219.68715289834495,218.5719859449771,219.58178743449992,59574100
2017-09-21,218.9846954345703,219.50276018727368,218.8090818538099,219.41496009612214,48211400
2017-09-22,219.02859497070312,219.19543255639465,218.6598024437067,218.68614381003096,51214000
2017-09-25,218.5807342529297,219.12515367691572,217.83437331445256,218.77391317781908,57064400
2017-09-26,218.7124481201172,219.25685412985607,218.47536246491123,219.0109924868479,54082000
2017-09-27,219.56423950195312,219.9505974313564,218.52809656414811,219.41496728349418,81001400
2017-09-28,219.8276824951172,219.90670660500024,219.19546281913534,219.2832629195191,44778800
2017-09-29,220.600341796875,220.67937928973376,219.63446049111215,219.81885004471823,85578000
2017-10-02,221.55752563476562,221.55752563476562,220.65308938308877,220.8287163979915,59023000
2017-10-03,222.0316619873047,222.05800335726752,221.47846642116798,221.5575039295152,66810200
2017-10-04,222.29507446289062,222.54093616534342,221.76822030137302,221.88237516267534,55953600
2017-10-05,223.61215209960938,223.6297040759749,222.33014770679983,222.6286920864763,63522800
2017-10-06,223.35757446289062,223.647342949613,222.90098175513987,223.16439547174235,80646000
2017-10-09,222.98870849609375,223.6472693678474,222.72528146770122,223.58581065368043,35803100
2017-10-10,223.57705688476562,223.95463881191978,223.01508538728058,223.55950490561045,43057400
2017-10-11,223.9282989501953,223.9282989501953,223.3136447141977,223.4804689080376,47674300
2017-10-12,223.5946502685547,223.9634428538667,223.35756453569016,223.61221564836737,47065100
2017-10-13,223.86679077148438,224.14778317608818,223.594587753559,224.033628336911,54800400
2017-10-16,224.16539001464844,224.35856899047826,223.75270409187593,224.0951552947636,38221700
2017-10-17,224.323486328125,224.3673930836883,223.89322156114153,224.11274194049747,31561000
2017-10-18,224.54295349121094,224.74490844078647,224.34977453128394,224.70100169562897,40888300
2017-10-19,224.60438537597656,224.63951612728752,223.33995969635575,223.76143492289603,61903800
2017-10-20,225.7634735107422,225.7898416751692,224.58686116547295,225.40348375371684,89176400
2017-10-23,224.8854217529297,226.11475719015857,224.80639764000819,226.08841581918475,63915300
2017-10-24,225.28054809570312,225.51762041234878,224.92053152803788,225.31567885269672,66935900
2017-10-25,224.16539001464844,225.06103677545406,223.03267092769963,224.94688190833867,103715300
2017-10-26,224.45513916015625,225.05222801699782,224.3322083132502,224.7800383543388,69798000
2017-10-27,226.29031372070312,226.44838871295423,224.46391649289177,225.20150153471445,85562500
2017-10-30,225.44737243652344,226.19374689647515,225.14882801192564,225.2015107458597,54285700
2017-10-31,225.79856872558594,226.05321976939624,225.50002434180288,225.82491008895175,60304800
2017-11-01,226.09715270996094,226.9225513025389,225.72837355824814,226.58011351880558,54202700
2017-11-02,226.18496704101562,226.32546326973244,224.9556585358881,226.02691883255258,56449500
2017-11-03,226.94009399414062,226.98398733482193,225.93027918935803,226.34297842002508,59589700
2017-11-06,227.29132080078125,227.42302761955702,226.73812536501165,226.80836006938833,49652600
2017-11-07,227.13331604003906,227.73040493057752,226.6240138475261,227.39672972794827,57502200
2017-11-08,227.51963806152344,227.61624094116135,226.67668749709352,226.95767995087525,50469600
2017-11-09,226.6942901611328,226.8874691438493,225.10493815060445,226.30793219569978,95085500
2017-11-10,226.6239776611328,226.79960462297313,225.99175811418456,226.30788128611474,59984700
2017-11-13,226.83470153808594,227.06301122201046,225.90393762242473,225.93906837308495,50228600
2017-11-14,226.30789184570312,226.41325730895886,225.2453942317433,226.02689941241226,61315200
2017-11-15,225.17520141601562,225.86010385151826,224.46395760979823,225.33324964030433,80811500
2017-11-16,227.08937072753906,227.4581766466564,226.07958263990565,226.123475984054,67777000
2017-11-17,226.4219970703125,227.06300596970544,226.3429729808384,226.7381202251195,75756800
2017-11-20,226.8083953857422,227.00157434899702,226.42203745923254,226.66792595511632,48075500
2017-11-21,228.29237365722656,228.47679004423688,226.77330999160026,227.58112986995144,69176800
2017-11-22,228.09042358398438,228.4328613813921,227.92358598114689,228.3011545362353,45033400
2017-11-24,228.6172637939453,228.72265607290169,228.44166358952094,228.58215983121133,27856500
2017-11-27,228.5030975341797,228.9596901456829,228.30112919607885,228.66114573082538,52274900
2017-11-28,230.82122802734375,230.84756939457944,228.8718864611583,228.9684893389657,98971700
2017-11-29,230.6807403564453,231.48858697648498,230.23293709683463,230.9529434269453,77512100
2017-11-30,232.70033264160156,233.6135178949317,231.52370692153366,231.60273102248064,127894400
2017-12-01,232.2174072265625,232.9637818006488,228.9685220171848,232.48084773343223,164390900
2017-12-04,231.93637084960938,234.2720431578022,231.88366132676438,233.8417919636999,94040600
2017-12-05,231.10215759277344,232.82318897667943,230.97045079243247,231.10215759277344,77994500
2017-12-06,231.14610290527344,231.57638094568756,230.6807209081462,231.19878563725663,75898600
2017-12-07,231.8749237060547,232.19102009570022,230.88268759925626,231.8749237060547,77218600
2017-12-08,233.13937377929688,233.1481363703664,231.83980381263683,232.8320399659141,76563900
2017-12-11,233.84181213378906,233.90328425165183,233.1130164975584,233.84181213378906,83077500
2017-12-12,234.25457763671875,234.7287491420404,233.8770090292035,234.63214624423398,85195800
2017-12-13,234.22821044921875,234.93945423035333,234.1403969509602,234.50041353597803,102905400
2017-12-14,233.2710418701172,234.64084632239314,233.21835914479198,234.52669148521846,100666700
2017-12-15,235.213623046875,235.6813838382932,234.22514944492602,234.2781014640386,144610300
2017-12-18,236.7051239013672,237.05814627466236,236.51095755597274,236.61686157457322,83653600
2017-12-19,235.79615783691406,236.99643969676305,235.7255371781643,236.9523219854617,82382900
2017-12-20,235.67251586914062,236.81984536458557,235.37244549239168,236.7668933530347,76751500
2017-12-21,236.15792846679688,236.87283452131612,235.91081009094583,236.29914281498074,67032300
2017-12-22,236.09616088867188,236.2108992259614,235.55777952151686,236.1755889066688,78720900
2017-12-26,235.8137969970703,236.03443941898203,235.54903686433204,235.69022431253285,45244400
2017-12-27,235.928466796875,236.2903234957088,235.65487242793168,235.98141880803297,57751000
2017-12-28,236.4139404296875,236.458085074872,236.0432762399199,236.43160906131718,45116100
2017-12-29,235.52252197265625,237.01406682384695,235.32838250775353,236.9964251271889,96007400
2018-01-02,237.20826721191406,237.24357754417778,235.9991509373277,236.3874837905529,86655700
2018-01-03,238.70860290527344,238.85865158951364,237.3759141786167,237.3759141786167,90070400
2018-01-04,239.71469116210938,240.20012055188528,238.77036225821254,239.35286136561325,80636400
2018-01-05,241.31219482421875,241.43574056410353,240.01481641904977,240.509053246363,83524000
2018-01-08,241.75347900390625,241.91233506929856,240.92386141723043,241.21509753711632,57319200
2018-01-09,242.3006134033203,242.92723014303823,241.8946120822583,242.17704075763686,57254000
2018-01-10,241.93003845214844,242.19482556253755,240.87097081227358,241.54170557069284,69574300
2018-01-11,243.6951141357422,243.6951141357422,242.3183077116669,242.48599809071717,62361500
2018-01-12,245.28369140625,245.4513548075481,243.65974006201415,243.95983734992797,90816100
2018-01-16,244.44532775878906,247.19894087813546,243.74809016322075,246.54584792733624,106555100
2018-01-17,246.77532958984375,247.16366245771982,244.44535931648014,245.38088115257446,113258800
2018-01-18,246.36050415039062,247.08419079105386,245.8662403689767,246.66057459825356,100728000
2018-01-19,247.4812774658203,247.4812774658203,246.3604240748343,246.9428961506114,140920100
2018-01-22,249.49363708496094,249.49363708496094,247.21659211723204,247.26957107977756,91322400
2018-01-23,250.02313232421875,250.31436842127192,249.21115649717146,249.5377029172836,97084700
2018-01-24,249.9261016845703,251.2676249763117,248.74346142161912,250.66745706132068,134816100
2018-01-25,250.03196716308594,250.88806078755948,249.23765987727975,250.7909910558432,84587300
2018-01-26,252.9268035888672,252.97094823259775,250.6144753682726,250.8704281134656,107743100
2018-01-29,251.2498016357422,252.79429778641935,251.09094563865978,252.35301317194015,90118300
2018-01-30,248.67276000976562,251.30279955496465,248.19616499755548,249.41411506549235,131796400
2018-01-31,248.79635620117188,250.03194821142603,247.71962024926057,249.52890402667362,108364800
2018-02-01,248.51397705078125,249.8201899701318,247.71966966672517,248.06388479568778,90102500
2018-02-02,243.10379028320312,247.32247160213063,243.06847996015654,247.19006462417707,173174800
2018-02-05,232.93663024902344,243.4568736371647,232.38944130734862,241.33871160033988,294681800
2018-02-06,237.5259246826172,238.0289957423449,228.32073161681018,229.4151091357553,355026800
2018-02-07,236.23745727539062,240.37668463145474,236.1580022959176,236.96997831834892,167376100
2018-02-08,227.3763885498047,236.67867878311245,227.341078227703,236.53746442858989,246449500
2018-02-09,230.79193115234375,232.6541399247731,223.21948299983993,230.17412171031333,283565300
2018-02-12,234.18096923828125,235.65487203674877,230.9331202012035,232.84828078062773,143736000
2018-02-13,234.7634735107422,235.3106622598799,232.38935953744553,232.9718586060418,81223600
2018-02-14,237.93191528320312,238.29377202093067,233.26311494915726,233.2719492632603,120735700
2018-02-15,240.96795654296875,240.97679085706943,237.2082017443558,239.67941257683572,111200300
2018-02-16,241.03848266601562,242.98898016343188,240.29712770431573,240.34127232855644,160420100
2018-02-20,239.5294189453125,241.5328694668413,238.73511157638364,240.08544218372992,86369700
2018-02-21,238.33792114257812,242.459533223255,238.24085141018608,239.9706803676999,98883700
2018-02-22,238.6468505859375,240.98565499327066,237.9761159034268,239.26466017303267,110511300
2018-02-23,242.4507293701172,242.4507293701172,239.3970455654084,239.87364077364572,92766400
2018-02-26,245.2660369873047,245.36313362934308,242.9360677188403,243.52737414860744,86491400
2018-02-27,242.20361328125,246.16636982701738,242.1418269337863,245.45146354073592,99099200
2018-02-28,239.74998474121094,243.7568575695783,239.43227266875252,243.30673853304685,121907800
2018-03-01,236.26385498046875,241.0915109992205,234.76347612640865,239.53818013232367,176855100
2018-03-02,237.4818572998047,238.0467148700246,233.72212846685747,234.58702958715608,139083200
2018-03-05,240.2266082763672,240.8444177357112,236.1844246492231,236.29035561982212,97307400
2018-03-06,240.83558654785156,241.2857056436137,239.33520751790135,241.2062506811617,79213200
2018-03-07,240.747314453125,241.10033687708273,238.4702969247958,238.66446329805524,87063500
2018-03-08,241.912353515625,242.03589926461066,240.429642924463,241.4269240336175,66901200
2018-03-09,246.12216186523438,246.12216186523438,243.0066924846827,243.32443152283722,113625300
2018-03-12,245.8133544921875,247.04013955969992,245.42502158836308,246.4135224833041,71924800
2018-03-13,244.2246551513672,247.48133905489675,243.61567998671458,246.97826793037746,91968900
2018-03-14,242.97134399414062,245.3719338290989,242.41534789900837,245.18660179738816,105895100
2018-03-15,242.70663452148438,244.12755861714484,242.20356339670718,243.4833000613749,83433000
2018-03-16,242.9698028564453,244.02426910631863,242.91663876332197,243.23562332206194,100343700
2018-03-19,239.6823272705078,243.14699809458727,238.02531666806877,242.21659945910983,109208400
2018-03-20,240.09002685546875,240.72802318182616,239.40770907872775,240.08115715703934,59757300
2018-03-21,239.6291961669922,242.14572931049537,239.4165397734384,240.0456662988744,78709600
2018-03-22,233.63917541503906,238.24690239279835,233.36445815337305,237.39624968089484,148785900
2018-03-23,228.65919494628906,234.41003001905378,228.46425092616556,234.08217576742703,183534800
2018-03-26,234.9151153564453,235.19867524342604,229.86433669817694,232.27454165399485,141956100
2018-03-27,230.91880798339844,236.38605689177058,229.35925561348856,235.85441589453748,129941400
2018-03-28,230.2364959716797,232.72647423159816,229.1288654638955,231.05172392378344,146452300
2018-03-29,233.17831420898438,235.04800812778402,230.24531147803106,231.3795237693808,111601600
2018-04-02,228.14529418945312,233.16064818985345,225.6641992387949,232.6466925096968,186286300
2018-04-03,231.0694122314453,231.5479161327072,227.58702876737635,229.38581944316263,119956900
2018-04-04,233.54164123535156,234.25051384071205,227.3743630350943,227.50727326837983,123715300
2018-04-05,235.384765625,236.27086994906625,234.21510142721067,235.30499243908704,82652600
2018-04-06,230.13902282714844,234.91511121117597,228.61492226371996,233.41761973833164,179521200
2018-04-09,231.27322387695312,234.67586116714338,230.33395547588924,231.60107814350746,105442900
2018-04-10,234.95057678222656,235.73922268005245,233.02774537327005,234.17080058178396,103529000
2018-04-11,233.71888732910156,235.38476780042342,233.3910330528483,233.46190950105515,91140200
2018-04-12,235.64170837402344,236.58984645846667,234.87080196505337,235.04803364052657,68890500
2018-04-13,234.95057678222656,237.068379283054,233.9404318256607,236.95318138411224,85079200
2018-04-16,236.8822479248047,237.65318137210718,235.76577490790555,236.58984540750555,63405300
2018-04-17,239.41648864746094,240.01903299503294,238.14049647510058,238.65442499702888,64682000
2018-04-18,239.5938262939453,240.4001576512865,239.13303461344717,239.85964684672095,57303900
2018-04-19,238.26461791992188,239.1418525961378,237.22786390477262,238.9380388552426,77655900
2018-04-20,236.24432373046875,238.41529071888917,235.35821917058536,238.19376457891832,99953100
2018-04-23,236.20883178710938,237.37849596326296,235.12778345007484,236.82024592274615,65558000
2018-04-24,233.0277099609375,237.4582312976533,231.52132188975162,237.2367052308175,112885500
2018-04-25,233.6036834716797,234.04673562648946,231.14031457260768,232.9656872870833,103840900
2018-04-26,235.9784393310547,236.81137955531955,234.18851833942054,234.63157049948663,67731900
2018-04-27,236.20001220703125,236.8911726319967,235.26074360494388,236.58990034847466,57053600
2018-04-30,234.38345336914062,237.3784901828329,234.31254988286898,236.82024015591008,82182300
2018-05-01,234.7998809814453,234.90620914985735,232.2567394254151,233.81629134013014,74203400
2018-05-02,233.22268676757812,235.42020835279004,232.83279867179667,234.60500745561788,86368900
2018-05-03,232.70870971679688,233.36441825326074,229.54531083801862,232.3897251450331,136311500
2018-05-04,235.7214813232422,236.40379901383028,231.4061572480976,231.73401154742743,91222100
2018-05-07,236.51901245117188,237.49370571588946,235.80124296594832,236.49243039925707,55304900
2018-05-08,236.51901245117188,236.882291480087,234.95059026291256,236.1468366826027,67499200
2018-05-09,238.80506896972656,239.13292317929398,236.669554718345,237.19235292302724,59666100
2018-05-10,241.03807067871094,241.36595196945345,239.44309383000362,239.54942201435,72063900
2018-05-11,241.77365112304688,242.03947169250245,240.64828094822855,241.162236771532,59871500
2018-05-14,241.8887939453125,242.86348717244786,241.33938649065405,242.2077785559908,54790600
2018-05-15,240.2228546142578,240.67474936896718,239.2747166279243,240.65703701995548,87036100
2018-05-16,241.23301696777344,241.69380849328593,240.2317148194943,240.25832390758728,53942600
2018-05-17,241.02919006347656,242.11023817033077,240.24941411207328,240.96715628512592,56536400
2018-05-18,240.42666625976562,241.0469500824416,240.0722299504181,240.68364407678934,64368000
2018-05-21,242.23431396484375,242.77485161787186,241.5254413830999,241.9153294155857,58025900
2018-05-22,241.56094360351562,243.01416801673457,241.23308925320177,242.7571901306382,52966400
2018-05-23,242.22549438476562,242.25210347779807,240.12543120905275,240.2849505584415,64694200
2018-05-24,241.729248046875,242.10142376021437,239.93932705278604,241.8267335839373,76043800
2018-05-25,241.15328979492188,241.78241630220924,240.64820383304294,241.15328979492188,56374800
2018-05-29,238.3798370361328,240.28498345788023,237.2633636881131,239.52291948082828,115908600
2018-05-30,241.56094360351562,242.00399586972662,239.6203995559346,239.69127602015206,69678400
2018-05-31,240.0811309814453,241.45458200008494,239.47858647273637,241.15330974573047,93519900
2018-06-01,242.4381103515625,242.73938252936162,241.312740730228,241.3836442083888,71258400
2018-06-04,243.59011840820312,243.84709628148568,243.02302559744768,243.26226407423724,45385200
2018-06-05,243.7672882080078,244.14830655115196,242.95206038751343,243.7229667697954,51135000
2018-06-06,245.80532836914062,245.91165655887366,243.75842959150788,244.37871342062695,62732200
2018-06-07,245.7787322998047,246.58509041495313,244.86604600098937,246.29268790986913,72969400
2018-06-08,246.50534057617188,246.55850466720713,245.1496021712623,245.31796414012572,72139700
2018-06-11,246.83323669433594,247.55097908683487,246.61171059685452,246.72690849422645,58892500
2018-06-12,247.15228271484375,247.51556176849593,246.50541668518662,247.2497412312471,72329000
2018-06-13,246.36361694335938,247.64847920104623,246.15980318665217,247.39150134115656,79070600
2018-06-14,246.98388671875,247.51552772011485,246.3901848782126,247.23199486664026,77097600
2018-06-15,246.66871643066406,247.0069523308885,245.0843697110695,246.1969735075033,120041600
2018-06-18,246.16148376464844,246.28610848952704,244.72846240769675,245.20908792687757,52917600
2018-06-19,245.21800231933594,245.44052319258398,243.4645367516137,243.88287707984773,97531500
2018-06-20,245.63621520996094,246.30377748336954,245.297979311992,245.903229254053,53785500
2018-06-21,244.09640502929688,245.64516824893215,243.5979606165725,245.62734920071702,71061400
2018-06-22,244.54141235351562,245.47601586878525,244.31889158747708,245.3603007243365,54898500
2018-06-25,241.2125244140625,243.54453783166144,239.5213719264525,243.38432938995945,137854200
2018-06-26,241.74661254882812,242.60108485046902,241.02564730007097,241.78222348399203,68547400
2018-06-27,239.74392700195312,243.76709348269537,239.5926008987993,242.33407249939205,105110700
2018-06-28,241.11468505859375,241.88014368011622,238.97846334706026,239.69054630530056,76650500
2018-06-29,241.46177673339844,243.5801791597624,241.34606156777926,242.20944338449436,97592500
2018-07-02,241.97801208496094,242.13824770919948,239.64599838566832,239.886338240434,63554800
2018-07-03,241.12356567382812,242.97495418865134,240.6963430651668,242.87703089870828,42187100
2018-07-05,243.09054565429688,243.15285798104037,241.1768727112259,242.25389265690112,56925900
2018-07-06,245.14669799804688,245.52051768659842,242.73455325289694,243.11730962779737,66493700
2018-07-09,247.3541259765625,247.40752879769465,246.10801487817074,246.1525081747193,50550400
2018-07-10,248.2442169189453,248.3421402028505,247.51434212323616,247.80808481176607,51966800
2018-07-11,246.42843627929688,247.47875516139752,246.12581123299168,246.68656802824566,77054700
2018-07-12,248.66259765625,248.71600048774124,247.08715980087814,247.69240999990564,60124700
2018-07-13,248.85838317871094,249.16100823698338,248.03061224021403,248.48456340921584,48216000
2018-07-16,248.63580322265625,249.04523383197926,248.19076168459827,248.90284444339895,48201000
2018-07-17,249.6416473388672,250.03328613741144,247.8080780380395,247.86148085936964,52315500
2018-07-18,250.1667938232422,250.27359946617253,249.27671058124298,249.72175220224258,44593500
2018-07-19,249.22332763671875,249.88198059611022,248.7426750420127,249.49925129069015,61412100
2018-07-20,248.93838500976562,249.650467644996,248.77817660302946,249.01848921313373,82337700
2018-07-23,249.40139770507812,249.60609951754176,248.38668951686256,248.7338351064705,47047600
2018-07-24,250.65638732910156,251.5019774719217,249.78412293249895,250.81662299413517,68026900
2018-07-25,252.7926025390625,253.11301953412732,250.3626650070592,250.40715831308805,78882900
2018-07-26,252.19618225097656,252.8815365678153,251.9736614407216,252.0715847220899,57919500
2018-07-27,250.48724365234375,252.623438049432,249.56154945377085,252.52551476571313,76768700
2018-07-30,249.1788330078125,250.72756927193495,248.65365995234484,250.5673607956161,63742500
2018-07-31,250.40707397460938,251.02123350482177,249.56151130251823,249.94424052767047,68570500
2018-08-01,249.98875427246094,251.1191773198077,249.3390109215254,250.6118233771332,53853300
2018-08-02,251.3506622314453,251.51975308587595,248.47568309509322,248.68041205410424,63426400
2018-08-03,252.42767333984375,252.4810761741031,251.29724996724136,251.47527752356672,53935400
2018-08-06,253.35340881347656,253.66491634276147,252.0716862570728,252.46332521392927,39400900
2018-08-07,254.18992614746094,254.5726825341171,253.8873011454216,254.02083534432882,43196600
2018-08-08,254.08316040039062,254.4837087336209,253.62032688283264,254.02087521606288,42114600
2018-08-09,253.73602294921875,254.53709239218122,253.60251590258892,254.14545361327808,35717000
2018-08-10,252.03604125976562,252.83711095850228,251.32395817840586,252.29417307445806,77076000
2018-08-13,251.09254455566406,252.92611427411336,250.7988018082594,252.3119545257483,65732900
2018-08-14,252.6946258544922,252.9349657132084,251.43072286782095,251.82236166562507,43842000
2018-08-15,250.8076171875,251.48408904207238,249.36568689806373,251.34167248515288,102925400
2018-08-16,252.83712768554688,253.7094193317241,252.21405834353544,252.2496692907574,69967900
2018-08-17,253.72708129882812,254.17212284003327,252.2228387165003,252.63226932871865,65618500
2018-08-20,254.2700958251953,254.53710993685968,253.72713091389735,254.1810820669121,39807500
2018-08-21,254.8665313720703,255.7299135391063,254.30577436542282,254.78642710872003,67272000
2018-08-22,254.71511840820312,255.24026423066772,254.1899454225552,254.45698667743804,44993300
2018-08-23,254.3768310546875,255.40042108363681,254.05638704620844,254.5370394773381,49204900
2018-08-24,255.9077911376953,256.0502076879147,254.90199292645707,254.95539573739188,57487400
2018-08-27,257.92828369140625,258.0350893189785,256.9491868333586,257.10939527471703,57072400
2018-08-28,258.0529479980469,258.49798962340253,257.59008732323844,258.3911568162417,46943500
2018-08-29,259.4414367675781,259.67283990707574,258.0262078708807,258.26652053376785,61485500
2018-08-30,258.39117431640625,259.33466045300537,257.7948337094247,258.96084067377245,61229500
2018-08-31,258.4001159667969,258.845157677623,257.4922406554602,257.98177567209274,66140800
2018-09-04,257.95501708984375,258.3110449469662,256.94921870016407,257.9817185000483,57594400
2018-09-05,257.2607727050781,257.8037376378542,256.2460918774304,257.59900870202284,72452400
2018-09-06,256.4864196777344,257.67021857350295,255.4539197390671,257.3675934961124,65909900
2018-09-07,255.98794555664062,256.96704255442506,255.19575843378354,255.43609829330347,73524800
2018-09-10,256.4329833984375,257.26966380574373,256.2371640017662,257.00262253945493,50210900
2018-09-11,257.278564453125,257.72360609871987,255.43611268438386,255.78323104309095,50530500
2018-09-12,257.34088134765625,257.9461314771901,256.5487213293637,257.2874785222966,59810800
2018-09-13,258.86297607421875,259.04991316940465,258.1242187104043,258.4090519536649,51034200
2018-09-14,258.90740966796875,259.25452799661804,258.1241320934378,259.0676181273453,55079900
2018-09-17,257.5367431640625,258.88966023457033,257.2608194665457,258.8540764539298,68244000
2018-09-18,258.9341125488281,259.53045309429,257.7235852458988,257.7502866559466,61930400
2018-09-19,259.21002197265625,259.6283621492752,258.86287649786954,258.9875011800543,49080600
2018-09-20,261.31060791015625,261.63105197966127,259.22781652951414,260.4739547114766,100360600
2018-09-21,261.0718688964844,262.17163696286957,260.9109352144216,262.0553979859982,105479700
2018-09-24,260.2045593261719,260.63374306572376,259.62339177141854,260.4906818192065,53409600
2018-09-25,259.9632568359375,260.7679527756195,259.72185623987883,260.6606636218157,44370000
2018-09-26,259.185302734375,261.2953948672929,258.76506882164716,260.1062374002069,79739700
2018-09-27,259.90960693359375,261.00042545183766,259.38208374743147,259.6592564844633,59249500
2018-09-28,259.9364318847656,260.43713278815665,259.2479749641412,259.28371982427427,70091400
2018-10-01,260.8394470214844,261.9123656398144,260.1688626527227,261.1791868479595,62078900
2018-10-02,260.6874084472656,261.40268745084893,260.3118965205351,260.6874084472656,47258200
2018-10-03,260.8304748535156,262.1626936205967,260.4728353446648,261.742459694007,64694600
2018-10-04,258.79180908203125,260.40119995177554,257.2002906313247,260.34755540852643,111545900
2018-10-05,257.3433837890625,259.53394234003525,255.91279879050802,259.0153692622057,105951700
2018-10-08,257.3433837890625,257.70102321716627,255.2690369054655,256.6548999216699,87742200
2018-10-09,256.9678649902344,258.27326128488613,256.40456988547504,256.9589424219697,74339000
2018-10-10,248.83151245117188,256.5298357171457,248.45600045935834,256.4582914327005,214731000
2018-10-11,243.3506317138672,249.3679918846898,241.7322628487269,247.7407004483755,274840500
2018-10-12,246.7303466796875,247.74962070532246,243.5294087611428,247.4634981666313,183186500
2018-10-15,245.34454345703125,247.70501431361996,245.25512672104102,246.37276770552657,102263700
2018-10-16,250.70912170410156,251.08466093328602,246.83762686047461,247.31150536031086,118255800
2018-10-17,250.75390625,251.37976873990522,248.1699075669104,250.7449563918368,110626000
2018-10-18,247.13262939453125,250.41403347679366,245.8540553793918,249.81496624169216,134557500
2018-10-19,246.99855041503906,249.72558231964302,246.30114383472474,247.78537369255162,139901600
2018-10-22,245.88987731933594,247.99101977964878,245.35340438400516,247.6691523901385,82415800
2018-10-23,244.6380615234375,245.7646517908469,240.16749987326415,242.259746737351,146352700
2018-10-24,237.22596740722656,244.77228011946502,236.67162194739538,244.38779095454666,177806700
2018-10-25,241.48191833496094,243.028742951702,238.03960666339177,239.0678306933209,138061500
2018-10-26,237.23487854003906,242.30450886801782,234.51679594636713,237.76242897337227,201574600
2018-10-29,235.9204864501953,241.63387782431607,232.33511425518844,240.33740392060633,160749100
2018-10-30,239.41648864746094,239.72943347229943,235.25887107788495,235.750649312959,157116000
2018-10-31,241.9736785888672,244.29837662629882,241.51767246656763,241.99155101647048,128296300
2018-11-01,244.5487060546875,244.74541188603715,241.7501297075455,242.8409479930033,99495000
2018-11-02,243.1002960205078,246.0866289297855,241.0438206002188,245.6574450444547,122634100
2018-11-05,244.44140625,244.99575158155255,242.61740928316135,243.5919885412369,65622500
2018-11-06,245.98831176757812,246.14924552459968,244.31632517970897,244.37891962504762,60085900
2018-11-07,251.25450134277344,251.33496817389536,247.74061933360014,248.1698030523919,102752100
2018-11-08,250.79856872558594,251.44233084905483,249.65410576010234,250.44985173588847,65584900
2018-11-09,248.3487091064453,249.67197820924724,246.93599600580882,249.48422221501306,98812600
2018-11-12,243.7082061767578,248.08040131467334,243.1896057412024,247.83900080676221,99673600
2018-11-13,243.25222778320312,246.1759656334579,242.52799889106527,244.1731625032146,98176600
2018-11-14,241.5891876220703,245.53219939590443,240.02449088173603,245.1298651772202,125335900
2018-11-15,244.11058044433594,244.57553639893263,238.73698297259307,240.31955224551874,135101400
2018-11-16,244.7454071044922,245.65739196685243,242.49222630102577,243.0108267945188,126668000
2018-11-19,240.6056671142578,244.43246733047485,239.68473237699044,244.13739494006242,103061700
2018-11-20,236.15293884277344,238.72798666017152,235.28564881102673,237.26162937509784,136021300
2018-11-21,236.95773315429688,238.8621975326906,236.94881058206158,237.70878453281838,75563700
2018-11-23,235.37510681152344,236.77886993263593,235.21417311622506,235.31251239019173,42807900
2018-11-26,239.17506408691406,239.39859218419156,237.2437780520992,237.63718968619915,79981400
2018-11-27,239.97979736328125,239.97979736328125,237.5299377650121,238.13792773614986,75502400
2018-11-28,245.50543212890625,245.50543212890625,239.9172282326189,241.05276872748166,127629600
2018-11-29,244.9689483642578,246.372684227668,243.58305764137964,244.72752053027097,82346400
2018-11-30,246.4620361328125,247.02533121581507,244.4950055554741,244.8168728679668,98204200
2018-12-03,249.7255096435547,250.709038454215,248.1250685598962,250.60174936325882,103176300
2018-12-04,241.63385009765625,249.323221367428,241.32090533410337,248.89403763860048,177986000
2018-12-06,241.26734924316406,241.38358825105956,234.65092122637463,237.76244300744196,204185400
2018-12-07,235.66123962402344,242.50119483388949,234.82077168595902,240.92754809263727,161018900
2018-12-10,236.10833740234375,237.08291693040815,231.23541247586874,235.48244762395416,151445900
2018-12-11,236.1619110107422,239.505882632987,234.68663101776033,239.31812667035345,121504400
2018-12-12,237.35104370117188,240.5162088857359,237.27057686844677,239.14821815712514,97976700
2018-12-13,237.2706298828125,239.16614401801618,236.1529892572303,238.2988538011185,96662700
2018-12-14,232.8894805908203,236.07251886179182,232.335135214639,235.1158119519833,116961100
2018-12-17,228.3206024169922,233.0504522407109,226.68437466208957,231.93281144990937,165492300
2018-12-18,228.07025146484375,230.6363639921175,226.46084600104814,229.96577951912568,134515100
2018-12-19,224.65467834472656,231.93275278788266,222.94693401705405,228.1506611284641,214992800
2018-12-20,220.99777221679688,224.97656988325505,218.74460502694234,223.40293688569892,252053400
2018-12-21,216.46963500976562,224.5726410343925,215.8221135995942,221.90161864812129,255345600
2018-12-24,210.74989318847656,216.59556327097457,210.6869469541851,214.9767595805029,147311600
2018-12-26,221.39797973632812,221.39797973632812,210.2282560189551,212.2157896781112,218485400
2018-12-27,223.09774780273438,223.29558861864206,214.9048161356882,218.1514117819056,186267300
2018-12-28,222.80995178222656,226.09251470485464,221.64081508281623,224.45573430387614,153100200
2018-12-31,224.76150512695312,225.00432909907883,222.55814002740993,224.43774440503387,144299400
2019-01-02,224.9952850341797,225.92161131474955,221.19110755287167,221.21808646444003,126925200
2019-01-03,219.62628173828125,223.54737709106138,219.14063387141456,223.24159321376862,144140700
2019-01-04,226.98289489746094,227.63041643872688,222.2883705846562,222.6660891966035,142628800
2019-01-07,228.77256774902344,230.18451487245952,226.35335730024957,227.25269122334788,103139100
2019-01-08,230.9219207763672,231.40756869382054,228.4307761296597,230.96690393187473,102512600
2019-01-09,232.00115966796875,232.8465357018681,230.40034647631728,231.6324294876091,95006600
2019-01-10,232.8195343017578,233.07134666335935,229.77978172175344,230.46328417988147,96823900
2019-01-11,232.9094696044922,232.9364485197691,231.15575777502627,231.74031923635204,73858100
2019-01-14,231.4884796142578,232.2978744227249,230.5981480694925,231.0028317509834,70908200
2019-01-15,234.14157104492188,234.45634337843924,231.8572554035423,231.86625752451133,85208300
2019-01-16,234.7081298828125,235.5984615048944,234.36637866955223,234.57320786511355,77636700
2019-01-17,236.48878479003906,237.3521649127297,233.79078365897607,233.83576681178585,96118400
2019-01-18,239.63650512695312,240.10417632361575,236.52481749408827,238.3055085099725,127900300
2019-01-22,236.3988494873047,238.37739465805262,234.78005976250157,238.16156334687548,115531200
2019-01-23,236.89356994628906,238.1346552455859,234.42040147016712,237.43317583017839,86030300
2019-01-24,237.0194091796875,237.60399809909393,235.6973874116646,236.71363898479987,59204100
2019-01-25,239.02496337890625,239.85236264477396,237.11837989791982,238.8720645395475,96883400
2019-01-28,237.20826721191406,237.27119971279998,235.4365787122678,236.87551813178283,85613700
2019-01-29,236.89356994628906,237.91879642473296,236.05719592128307,237.35223906441928,66136300
2019-01-30,240.64369201660156,241.4890678644082,237.6489229631272,238.41336207386541,92473700
2019-01-31,242.7571563720703,243.242804289452,240.3649252659532,240.58078403228308,104012100
2019-02-01,242.8740692138672,243.89932285799256,242.08265112622402,242.9550059575369,85782500
2019-02-04,244.58282470703125,244.64578466307475,242.24455122183585,242.91905160532545,60744800
2019-02-05,245.60804748535156,245.91381766050796,244.51085923544335,245.0144839292877,79552800
2019-02-06,245.28427124023438,245.82387696403768,244.54683844470665,245.3292543937522,58347800
2019-02-07,242.946044921875,244.21408142270855,241.28227190951557,243.66550098076533,95482000
2019-02-08,243.24281311035156,243.34172665416142,240.86855871304238,241.69595788208665,75788900
2019-02-11,243.37771606445312,244.16013210328512,242.8471123995612,243.89934505400134,68021400
2019-02-12,246.5074462890625,246.88515118640777,244.92460972172518,244.99657180869212,72270200
2019-02-13,247.30780029296875,248.15317628594968,246.92109333429394,247.34378133078442,65277200
2019-02-14,246.75926208496094,247.89243168351922,245.40125899116464,246.2196562072906,83234400
2019-02-15,249.44822692871094,249.4842079676425,248.333061731253,248.53989095275435,97088700
2019-02-19,249.87986755371094,250.53636357257403,248.63878268861941,248.64778480794163,59120800
2019-02-20,250.383544921875,250.8422139760838,249.34031434387538,249.8439391131867,76610800
2019-02-21,249.49317932128906,250.10471968025473,248.53088562835066,249.74499167177422,64214700
2019-02-22,251.0400390625,251.23786614212761,249.47517965640583,250.1136989415801,78114600
2019-02-25,251.3817138671875,252.9915286695105,251.30077713797343,252.46992726608116,69030700
2019-02-26,251.20193481445312,252.08326441267496,250.82420252557895,251.03105918918752,56844100
2019-02-27,251.09396362304688,251.44468947149332,249.54710866222914,250.48239588840943,56921600
2019-02-28,250.62632751464844,251.31883208011348,250.30258053247402,250.8781398715025,69268300
2019-03-01,252.19114685058594,252.60483263277965,250.7522075634743,252.20912364268685,78880500
2019-03-04,251.27392578125,253.49528196224009,248.97163282996027,253.25247165134127,106494600
2019-03-05,250.93206787109375,251.59759344225998,250.3834875124616,251.39973893928925,59114600
2019-03-06,249.41229248046875,251.05808911175885,249.0885454060816,251.04908698897154,75039800
2019-03-07,247.3257598876953,249.10642297851783,246.4803840473205,248.96252629872154,94885100
2019-03-08,246.8311767578125,247.00205239600854,244.99655534585435,245.46419909773712,85795800
2019-03-11,250.4105682373047,250.57244177496358,247.5237137004026,247.55069262334575,65098900
2019-03-12,251.3547821044922,251.8764110512473,250.77922277362813,250.96807517721766,79667500
2019-03-13,253.0186004638672,253.95391542061637,252.08328550711798,252.24518647046384,80639200
2019-03-14,252.856689453125,253.468229837998,252.4160246824796,253.04554186261745,67518400
2019-03-15,254.1059112548828,254.9188712320424,253.22067224140326,253.41038403696166,81309000
2019-03-18,255.0272979736328,255.3254007990882,254.09690510679866,254.3227288858009,62199800
2019-03-19,255.09042358398438,256.8608735177763,254.19617063182852,256.09309505836063,90268100
2019-03-20,254.32278442382812,256.08422131125326,253.21174883099604,254.87380889944146,84609200
2019-03-21,257.19525146484375,257.60171776382134,253.45559611595905,253.5007774156555,79550400
2019-03-22,252.2451934814453,256.3551757596033,252.18195619928713,255.83127665436504,122659300
2019-03-25,252.0554656982422,253.09424952225373,250.79085810525518,251.90189340613253,85575200
2019-03-26,253.9342498779297,254.89174023645697,252.52511208363026,253.81681713400945,68125900
2019-03-27,252.60650634765625,254.5124736234468,251.0528374445332,253.92530966900097,72224700
2019-03-28,253.56393432617188,254.01558183079365,252.082544845528,253.2387613547047,56238500
2019-03-29,255.1627960205078,255.48796900712156,253.95238395970551,255.08150277385437,82186800
2019-04-01,258.1887512207031,258.4868539541849,256.89704621927086,257.168051210288,77617900
2019-04-02,258.3153381347656,258.55020371590723,257.52043392140894,258.37857541682416,40070400
2019-04-03,258.72186279296875,259.9322752377063,258.116642787407,259.53482308374635,68243200
2019-04-04,259.408203125,259.6611245751952,258.3513636091872,259.0468907056313,48997500
2019-04-05,260.66387939453125,260.71807489642094,259.7876820254754,260.0767430798067,58621700
2019-04-08,260.8625793457031,260.97097033864685,259.57988827432314,260.23930356989985,53566300
2019-04-09,259.5256652832031,260.2211924584912,258.97466860532046,259.89601951410935,66142300
2019-04-10,260.4109802246094,260.50131525764226,259.5257410070982,259.94124907939124,52601500
2019-04-11,260.3387145996094,260.907795014049,259.7696341851698,260.8987532403648,55093100
2019-04-12,262.10015869140625,262.38017801962485,260.3839031927292,261.95562814032826,69727800
2019-04-15,261.92852783203125,262.27178444169795,261.1245818181926,262.1724076285074,49596700
2019-04-16,262.10015869140625,262.86796518371506,261.5039805056036,262.8137696728588,52153200
2019-04-17,261.45880126953125,263.2473080861286,261.0432656383138,263.22021033334323,58268300
2019-04-18,261.9736633300781,262.24466842923476,260.74519509298955,262.0459423830726,68708500
2019-04-22,262.19952392578125,262.35309626016004,261.11558607618343,261.205921121913,40160100
2019-04-23,264.5570373535156,264.7919028688459,262.33493942801596,262.56977737697116,52246600
2019-04-24,263.9700012207031,264.81005925215806,263.82547066157343,264.4758443944643,50392900
2019-04-25,263.80731201171875,264.46672733132755,262.6149834795069,263.8705492820328,57770900
2019-04-26,265.0358581542969,265.1081096438734,263.0756953655453,263.85254360200315,50916400
2019-04-29,265.4512939453125,265.97522047598136,265.0357859690539,265.12612098120803,57197700
2019-04-30,265.5867919921875,265.8758530146655,263.6898945023195,265.108046733998,81111700
2019-05-01,263.590576171875,266.4269363970026,263.58153439842476,266.2191685723244,71671900
2019-05-02,263.0213928222656,264.3944186629235,261.5219200347097,263.4730402558775,65030200
2019-05-03,265.5958251953125,265.8758444373118,263.12981994511233,264.5028459743998,56543700
2019-05-06,264.5028991699219,264.94550498344347,260.961969962606,261.2781287864276,107198100
2019-05-07,260.08575439453125,262.6872487218335,258.17077317203905,262.0910706412951,144729900
2019-05-08,259.72442626953125,261.4406813621305,259.1282482247884,259.72442626953125,91568300
2019-05-09,258.93853759765625,259.5437297861548,255.9034521851628,257.64683241551785,103471100
2019-05-10,260.2394104003906,260.99817522885303,255.00028053759618,257.9992278832246,112429300
2019-05-13,253.69949340820312,256.0751643518423,252.8594354326118,255.10865937441213,127290500
2019-05-14,255.99374389648438,257.5293561015665,254.59364796613355,254.7200949051475,77003200
2019-05-15,257.4932556152344,258.1345873095893,254.15105328181593,254.35882104370518,73956400
2019-05-16,259.8780822753906,261.242039503782,258.12568709745983,258.1979385959868,76749600
2019-05-17,258.19781494140625,260.69091772559085,257.54744150059173,257.5655250413527,100353000
2019-05-20,256.49066162109375,258.3062660761495,255.74091123060737,256.5900108529238,62877600
2019-05-21,258.8031005859375,259.18246910932857,257.93591739971197,258.1888389374327,46847100
2019-05-22,258.0082092285156,258.9656999234851,257.5294638810309,257.8456227104374,49482500
2019-05-23,254.85569763183594,255.82220245691744,253.43751768171634,255.77704872760327,98733800
2019-05-24,255.4337921142578,256.71648330976365,254.81051627814023,256.30094770809905,55268100
2019-05-28,253.05812072753906,256.671301184306,253.04006474915175,255.7138105685731,70029400
2019-05-29,251.35992431640625,252.34451269393296,249.95078612780108,251.9380464278235,104972900
2019-05-30,252.04647827148438,252.95881531610067,250.94445693861562,252.11872976392877,62523800
2019-05-31,248.65008544921875,250.32118725500945,248.62298769307662,249.49017102239424,86862800
2019-06-03,248.01771545410156,249.80622191658364,246.68082892649687,248.68614493471603,96428000
2019-06-04,253.4014434814453,253.53693227069402,249.86955535430155,250.3212030293882,77231900
2019-06-05,255.59640502929688,255.623502782955,253.2117200082374,255.02732463609456,71169700
2019-06-06,257.2584228515625,257.93589414864323,255.24409250405756,255.89446605191017,69430400
2019-06-07,259.83282470703125,260.9167898314945,258.1075277932227,258.2791560640357,74272200
2019-06-10,261.02520751953125,262.6963091046184,260.93487248885987,261.3865200758358,60799100
2019-06-11,260.9619140625,263.22015151123463,260.3115405746094,262.84979726167717,58641300
2019-06-12,260.501220703125,261.28708282913993,259.9863360114698,260.7270444205487,47096300
2019-06-13,261.5762023925781,261.93754251256837,260.70904675063946,261.41361587841106,48945200
2019-06-14,261.28704833984375,261.89224038548707,260.5192422886775,261.28704833984375,52324700
2019-06-17,261.3865661621094,262.1543727086202,261.21493784348746,261.5220549488146,39205700
2019-06-18,264.12347412109375,265.1803414868671,262.84982475880395,263.21116484150195,85434800
2019-06-19,264.7197570800781,265.25269807695815,263.2835206512545,264.25906758854245,78674400
2019-06-20,267.2489013671875,267.65539522876196,264.78292314387227,267.41151545164615,116570000
2019-06-21,266.8603820800781,268.2400584370373,266.64254573436114,266.97838600082514,83309500
2019-06-24,266.5335998535156,267.38680135236143,266.379280657708,267.0691326146983,47582700
2019-06-25,263.9195251464844,266.61536118144767,263.8106069552464,266.58813163363817,82028700
2019-06-26,263.6562805175781,265.32642403868346,263.54736232931435,264.8181206931494,51584900
2019-06-27,264.5911865234375,265.0994898458339,264.03750985814816,264.4187234997187,40355200
2019-06-28,265.9527282714844,266.4519458621194,265.0541255281596,265.5714869164789,59350900
2019-07-01,268.36712646484375,269.5108225885334,267.1598855119605,269.2929585599338,78705600
2019-07-02,269.06610107421875,269.12056016932945,267.4776461657612,268.32178984043225,61504500
2019-07-03,271.2173156738281,271.23548717231705,269.6016312342488,269.7468647198852,40898900
2019-07-05,270.9086608886719,271.072065846248,268.68484102103844,269.9828287311762,51677300
2019-07-08,269.42010498046875,270.72717862564934,268.8754863449011,269.59256801007274,45841800
2019-07-09,269.75592041015625,270.05544539684234,268.20378098733346,268.25824007582185,41101300
2019-07-10,271.0448303222656,271.99791979943893,270.29146110929497,270.82699396197586,58448500
2019-07-11,271.6802062988281,271.9252721888121,270.67268549510976,271.68929204675567,50826100
2019-07-12,272.89654541015625,272.9691760033225,271.86179491140507,272.17040568122405,40326000
2019-07-15,272.98724365234375,273.33216962252965,272.47894044378995,273.33216962252965,33900000
2019-07-16,272.1068420410156,273.105304874668,271.7982312925146,272.8965265593056,36650100
2019-07-17,270.2551574707031,272.24299744543265,270.2551574707031,272.0796201681695,36036300
2019-07-18,271.24444580078125,271.6256870233958,269.3110932517453,269.7558515944249,51392600
2019-07-19,269.73773193359375,272.37002234283176,269.5652689484641,272.342792803098,58678600
2019-07-22,270.40032958984375,270.94494809092004,269.6197309753109,270.13709223590814,43638100
2019-07-23,272.3337707519531,272.3337707519531,270.6908568360475,271.52594241727843,44564500
2019-07-24,273.6136474609375,273.6136474609375,271.48057376026514,271.5713481582536,47213200
2019-07-25,272.30657958984375,273.2142681884766,271.4987234408408,273.1598090885952,55394100
2019-07-26,274.13092041015625,274.33061292090946,272.8692205239323,272.9963101673414,45084100
2019-07-29,273.63177490234375,274.1310202112064,273.07809819849047,274.0130162709215,38126500
2019-07-30,272.9600524902344,273.36852334403153,271.8435858035198,272.2248271137605,45849000
2019-07-31,269.97381591796875,273.3958196970103,267.9496880512568,273.2051851450792,104245200
2019-08-01,267.62286376953125,273.0962241069558,266.82409348804083,270.1280927977596,142646600
2019-08-02,265.6077880859375,266.96932075211555,264.04656285403524,266.72425484436656,116749700
2019-08-05,257.6201477050781,261.6048856764327,255.7139963816753,261.495967492316,178745400
2019-08-06,261.2326354980469,261.45049948785373,258.0375832187982,259.5171193184248,120711700
2019-08-07,261.3870544433594,262.15859519661495,256.004468369037,258.1465998999586,140572300
2019-08-08,266.5154113769531,266.5154113769531,262.3309819687208,262.88465848806237,87713900
2019-08-09,264.7000732421875,266.1705239429332,262.91192607759484,265.57144630550897,93730000
2019-08-12,261.47784423828125,264.6910417239846,260.5247546514729,263.1933611738068,65527600
2019-08-13,265.544189453125,266.996496209599,260.83328516644195,261.1782111374049,94299800
2019-08-14,257.6927490234375,262.0859578589022,257.5656870428939,261.47782210114013,135622100
2019-08-15,258.3735046386719,259.2721350157383,256.3221476344596,258.5822829485868,99556600
2019-08-16,262.18572998046875,262.62140256802786,258.42788771010567,260.03451347806276,83018300
2019-08-19,265.3445739746094,266.0253403674603,264.5367455926631,265.217511985514,53571800
2019-08-20,263.3113098144531,265.37175239434185,263.18424784983824,264.8362195925325,51596400
2019-08-21,265.4534912109375,265.8256190891251,264.7908686879268,265.480720755694,49524700
2019-08-22,265.3717956542969,266.796873242522,263.59273395652144,266.16150791497233,51666400
2019-08-23,258.55511474609375,265.7349352153813,257.30249999032617,264.06479144117753,149161500
2019-08-26,261.414306640625,261.414306640625,259.217688125791,260.7516840162118,72423800
2019-08-27,260.3885803222656,263.1842762508869,259.626125350947,262.8121206636148,66668900
2019-08-28,262.2220764160156,262.3854536557602,258.91807783212704,259.7259336849434,59696700
2019-08-29,265.57147216796875,266.09794697657406,263.78332482923884,264.79087340407847,57899400
2019-08-30,265.4534912109375,267.07823354882765,264.51857324036206,267.0600897524742,62901200
2019-09-03,263.9012451171875,264.6636998427466,262.566942422348,263.74695364320513,69101400
2019-09-04,266.89666748046875,266.9148112737629,265.326356796421,266.0797535750682,46887300
2019-09-05,270.3277893066406,271.2445358335886,266.8604126707686,269.39287128183264,83258100
2019-09-06,270.5365905761719,271.1810694608683,269.9647699960641,270.64553648236597,49584300
2019-09-09,270.6727294921875,271.61670561475586,269.7287256691636,271.5259589225341,51260300
2019-09-10,270.6091003417969,270.6726451669198,268.6484904126884,269.9101626663385,57947100
2019-09-11,272.53350830078125,272.61519695256993,270.2642867495674,270.91782366433534,68821100
2019-09-12,273.47747802734375,274.53945806826806,272.6787077091192,273.44116273093675,72908700
2019-09-13,273.29583740234375,274.27615617270385,272.92368191548906,273.9221444777278,62104800
2019-09-16,272.45172119140625,273.3412656901868,271.80727025987915,272.1612542897087,58191200
2019-09-17,273.14166259765625,273.2324092962593,272.0796547595179,272.25211780759554,41475500
2019-09-18,273.30499267578125,273.41391085565266,270.7089893535516,272.7512883274981,73375800
2019-09-19,273.28680419921875,274.6937378030169,272.9509639319972,273.69527504881034,76560500
2019-09-20,271.99560546875,274.17501234833077,271.2022742040903,273.89230390446664,89565000
2019-09-23,271.9317321777344,272.6521251833731,271.07456273516925,271.32988802688845,43476800
2019-09-24,269.79791259765625,273.41807706188865,268.8313220903832,273.025975367656,94869400
2019-09-25,271.3937683105469,271.8405806831163,268.3936747972442,269.880043908086,71854000
2019-09-26,270.8283996582031,271.6126032154192,269.414996582582,271.4028885948663,56179700
2019-09-27,269.369384765625,271.69469579353853,267.8100775356787,271.5852468021339,84746600
2019-09-30,270.6186218261719,271.3298871241926,269.8435460767109,269.88912894607813,51662400
2019-10-01,267.3997802734375,272.1597967306999,267.1809378983291,271.5032417769954,88242400
2019-10-02,262.67620849609375,265.822206321161,261.38135419445393,265.8130786140701,122539500
2019-10-03,264.8282165527344,264.8555718411189,259.7216827034496,262.44819514979883,85278800
2019-10-04,268.4119873046875,268.66731269023387,265.4301207420645,265.48485916532,65091200
2019-10-07,267.2538146972656,269.24173451863544,266.9711340848841,267.60946130351056,59610500
2019-10-08,263.10479736328125,266.13224635638005,263.0683143627302,265.3936256083809,95708100
2019-10-09,265.603271484375,266.54250674967835,264.4999045016482,265.1291039134733,62359400
2019-10-10,267.3997802734375,268.28430531067295,265.35717723008116,265.5213090114124,55296300
2019-10-11,270.171875,272.4150925868798,270.0442262378144,270.1627472925666,98720400
2019-10-14,269.8709716796875,270.527526574187,269.5244527314271,269.85271626448844,40394800
2019-10-15,272.5427551269531,273.2905035601562,270.8010606279251,270.91960950494206,46754500
2019-10-16,272.1050720214844,272.7981099445487,271.6673872939725,272.0777167260149,48928200
2019-10-17,272.907470703125,273.78286779270866,272.2144329335033,273.27221717142055,45736600
2019-10-18,271.7129821777344,273.0169643666697,270.8558124439944,272.3695371263782,64304000
2019-10-21,273.55499267578125,273.75560747719874,272.59752938578674,273.03524199661985,39048600
2019-10-22,272.661376953125,274.3848164993248,272.5701833442232,274.093008082192,48594700
2019-10-23,273.4544982910156,273.509208848628,272.19609980920916,272.4058421656306,34352200
2019-10-24,273.9013977050781,274.5397248517083,273.0715835458068,274.39382070881084,35453100
2019-10-25,275.0230712890625,275.5702049695718,273.2722490771077,273.3269596623211,45205400
2019-10-28,276.5731506347656,277.0747012551982,276.21753195982205,276.24488724251,42147000
2019-10-29,276.4911804199219,277.4213160097594,276.17201679259284,276.29969337487427,44284900
2019-10-30,277.3392333984375,277.71307975913317,275.3786688753073,276.691778476006,49643900
2019-10-31,276.6005554199219,277.3300761361029,275.14156964429964,277.3300761361029,69053800
2019-11-01,279.1629943847656,279.2085772595945,277.88633994908105,278.0504995208856,71141500
2019-11-04,280.2845458984375,280.85903474021785,279.9106717660349,280.72225830845315,60606900
2019-11-05,279.9746398925781,280.78622681140075,279.6828314838971,280.4852906935792,42933200
2019-11-06,280.0384216308594,280.3119745660006,279.0900584084101,279.97458333653447,46487100
2019-11-07,281.02325439453125,282.3637195020132,280.54908667325026,281.378901056775,54272300
2019-11-08,281.7162780761719,281.77098866323445,279.97458351234354,280.67672126523075,49032100
2019-11-11,281.17822265625,281.35148209428297,280.19337660549724,280.33018087748087,35797300
2019-11-12,281.7709655761719,282.67371801711306,280.9958618851258,281.542995539298,46484600
2019-11-13,281.86212158203125,282.263351019712,280.54901211841593,280.7769821248996,53917700
2019-11-14,282.2724609375,282.35455463171985,280.9411238442217,281.57945101643,51219900
2019-11-15,284.3150634765625,284.36064634368927,282.9198882363906,283.61289808990614,62023600
2019-11-18,284.5247802734375,284.7618779724255,283.6220280017039,284.0779679899925,49228000
2019-11-19,284.4427185058594,285.1357562031034,283.7952915051212,285.12662849812847,67804700
2019-11-20,283.385009765625,284.3698560003718,281.8257023603815,283.8500775891652,79406200
2019-11-21,282.92901611328125,283.60382628077144,282.1265850365531,283.4944051261436,54664700
2019-11-22,283.5582580566406,283.81358339847606,282.54608439634217,283.6768069347026,44850200
2019-11-25,285.7558898925781,285.7558898925781,284.4883909027602,284.4883909027602,48647200
2019-11-26,286.4033203125,286.58570748343044,285.4732125288553,285.79237616379595,37569000
2019-11-27,287.67999267578125,287.67999267578125,286.66779112264317,286.88663347861814,44444600
2019-11-29,286.6130065917969,287.3607548863061,286.3850365870102,287.1145294709798,36592700
2019-12-02,284.1783447265625,286.9322127751372,283.74975994078153,286.86837448550784,75767800
2019-12-03,282.2724609375,282.35455463171985,280.06572678012907,281.45177445063996,73941700
2019-12-04,284.0141906738281,284.6160349269536,282.97466174815634,283.32118066617176,49080000
2019-12-05,284.5247802734375,284.7345226862629,283.2116708808967,284.716295104944,40709000
2019-12-06,287.12359619140625,287.52482554087965,286.430558618977,286.43968632230803,48927000
2019-12-09,286.2209777832031,287.40641097876033,286.1480117791947,286.73162849775485,34838500
2019-12-10,285.9017333984375,286.8318409740811,285.2451786896394,286.1661863886341,52649800
2019-12-11,286.71337890625,286.9687042439302,285.81972631018215,286.35773227785194,53429100
2019-12-12,289.1846008300781,289.9688045218834,286.48544296353214,286.72251291564316,96389600
2019-12-13,289.3577575683594,290.58880108846665,288.1722969152172,288.9474004522009,81503900
2019-12-16,291.3457336425781,291.93845022672343,289.2940031239684,291.09040829117504,82749700
2019-12-17,291.4095764160156,292.0296483034702,291.32751053341514,291.7287400672685,61097700
2019-12-18,291.42779541015625,292.02963969319137,291.373084823369,291.80166963878605,48133000
2019-12-19,292.62237548828125,292.69534149437374,291.3639762527727,291.6193016173413,85310500
2019-12-20,293.90521240234375,295.0414939498362,292.6772889314625,293.65777641267516,147142100
2019-12-23,294.3543395996094,294.7483692666017,294.20771805638435,294.69338968354225,52990000
2019-12-24,294.36346435546875,294.6291896420127,294.0610487325802,294.58338265197284,20270000
2019-12-26,295.930419921875,295.9395925053962,294.73915860225463,294.74830322058216,30911200
2019-12-27,295.8570861816406,296.7184700506117,295.3256076922634,296.66349048154484,42528800
2019-12-30,294.22589111328125,296.07696272005825,293.7402197240666,295.9395138297496,49729100
2019-12-31,294.94073486328125,295.1881708994425,293.3737611501004,293.7219837452948,57077300
2020-01-02,297.6989440917969,297.71728925572063,295.5546573018844,296.4801931939895,59151200
2020-01-03,295.4447326660156,296.57186973652915,294.2442988268179,294.2992783946291,77709700
2020-01-06,296.57183837890625,296.65430772190325,293.5661398420069,293.68527154806566,55653900
2020-01-07,295.73797607421875,296.4802282058735,295.28893898289255,296.00370133060426,40496400
2020-01-08,297.3141174316406,298.53286845352926,295.6829916921281,295.93039974358743,68296000
2020-01-09,299.3301696777344,299.403494427551,298.29467431686163,298.8811604546013,48473300
2020-01-10,298.46868896484375,300.0723247739728,298.0013626882262,299.91655867016334,53029300
2020-01-13,300.5214538574219,300.530598477089,298.661236867712,299.09192887839345,47086800
2020-01-14,300.0632019042969,301.1353314053116,299.50420569698866,300.0815191045464,62832800
2020-01-15,300.74127197265625,301.50184120269535,299.88906082009487,299.9715301608084,72056600
2020-01-16,303.2429504394531,303.2429504394531,301.89589529250605,302.12498611365226,54050300
2020-01-17,304.18682861328125,304.3975742884115,303.1788233239939,303.9577377732246,95846000
2020-01-21,303.5911865234375,304.39759079860585,303.1513499843944,303.22464675250427,77742400
2020-01-22,303.6278381347656,305.10319771439003,303.4720720211028,304.4525595814496,48914900
2020-01-23,303.97613525390625,304.3885100609937,301.859337569946,302.9773022832876,51963000
2020-01-24,301.2727355957031,304.7182703641132,299.98066005754936,304.6358010274464,87578400
2020-01-27,296.44354248046875,297.92804662680606,295.6738006255231,296.01285058916926,84062500
2020-01-28,299.550048828125,300.4297498723814,296.5352053758519,297.8730881255824,63834000
2020-01-29,299.302734375,301.144634527978,299.1011332241009,300.9155435821928,53888900
2020-01-30,300.27392578125,300.4846994121744,296.4801961809347,297.2315928492786,75491800
2020-01-31,294.8216857910156,299.8067062607125,293.905322145339,299.6509121362598,113845600
2020-02-03,297.0116882324219,298.88107731999344,296.1869668001725,296.30609851158897,69083000
2020-02-04,301.5385437011719,302.4091001332266,300.31062007845776,300.6313528673828,62573200
2020-02-05,305.02069091796875,305.2314645557024,303.0138809116789,304.48003989789373,65951100
2020-02-06,306.0470275878906,306.2394560522641,304.9656976312089,305.9828754447032,50359700
2020-02-07,304.416015625,306.0562864230658,303.86619184212464,304.98415661339817,64139400
2020-02-10,306.6884460449219,306.75259818411837,303.4903472487106,303.52700960899244,42070000
2020-02-11,307.2200622558594,308.8328431375756,306.6885557198552,308.0447838834138,54864500
2020-02-12,309.1993408203125,309.41008649783373,308.292122067066,308.65866182227705,43992700
2020-02-13,308.86944580078125,309.84078876893074,307.49490069884985,307.7697985331595,54501900
2020-02-14,309.36431884765625,309.48345057541405,308.0814155587151,309.281849489638,64582200
2020-02-18,308.56707763671875,309.42846152545053,307.17418728122385,308.3654765571178,57226200
2020-02-19,310.0423583984375,310.72045829777164,309.25429937652905,309.53836976490896,48814700
2020-02-20,308.76861572265625,310.31727188973275,305.772089925145,309.4925225726859,74163400
2020-02-21,305.5888366699219,307.7239508075557,304.7640873458037,307.4123906481904,113788200
2020-02-24,295.45391845703125,305.6621928380794,294.37258832295646,296.11370126545256,161088400
2020-02-25,286.50103759765625,297.4607370329087,285.6213364835221,296.84678915931295,218913200
2020-02-26,285.4472351074219,291.5043845222022,284.71415548102505,287.90308261756604,194773800
2020-02-27,272.6272888183594,285.50218362591784,272.6272888183594,279.9123611957851,284353500
2020-02-28,271.48187255859375,272.9755496100988,261.65845424597956,264.55416640152885,384975800
2020-03-02,283.2386779785156,283.30283010959545,269.8322808420093,273.26864259749726,238703600
2020-03-03,275.12896728515625,287.59151643262715,272.6822924096113,283.614502212992,300139100
2020-03-04,286.69342041015625,286.9133666275338,277.9604789204638,280.5171404629055,176613400
2020-03-05,277.1632995605469,282.67065320761304,274.9182257388986,279.4725535047731,186366800
2020-03-06,272.58148193359375,273.79108847879223,265.95619165209234,268.6319574415611,228667200
2020-03-09,251.29434204101562,260.4213135582314,250.57957971674915,252.27482961295138,309417300
2020-03-10,264.29754638671875,264.38916035534675,250.62539203743287,260.8336938237853,276444100
2020-03-11,251.4134521484375,258.3595024679103,248.2245253742344,257.22322078654526,255316300
2020-03-12,227.35890197753906,244.3574442174833,226.9648584822949,234.58900795239302,392220700
2020-03-13,246.79501342773438,248.774361854502,227.73465068878733,241.08605901212414,329566100
2020-03-16,219.789794921875,235.4137816847511,217.50804473313133,221.00854609355915,297240000
2020-03-17,231.65667724609375,234.74483150463524,217.24228444804106,224.54568810052052,262070500
2020-03-18,219.92723083496094,227.59718853589922,208.94920047757623,216.49086785316467,327597100
2020-03-19,220.39454650878906,226.6899722952671,212.79790041262768,219.23993370981958,289322000
2020-03-20,210.89686584472656,225.34071836895745,210.62033742464055,223.55251719253027,347158800
2020-03-23,205.50457763671875,211.70796381485764,201.18155909431383,210.33456252313593,326025200
2020-03-24,224.12393188476562,224.99960729715744,215.50556148045126,216.07704306343078,235494500
2020-03-25,227.47915649414062,236.29111690961022,220.99002898483698,225.7093944461487,299430300
2020-03-26,240.76158142089844,242.23636179724778,229.56228861158792,229.9955130827895,257632800
2020-03-27,233.5903778076172,240.4021241650425,231.40583018380667,233.45212064085143,224341200
2020-03-30,241.17636108398438,241.8953263873629,233.6917407130098,235.69194049956965,171369500
2020-03-31,237.58155822753906,242.72492158244737,236.17127891009355,240.17167888160807,194881100
2020-04-01,226.88925170898438,237.4986263490016,224.81530968581333,228.5760595756085,189554600
2020-04-02,232.124755859375,232.9082364450092,225.45126781068453,226.00432451274554,177660400
2020-04-03,228.7696075439453,233.4981993171639,226.03200326101012,231.1385026260033,135561200
2020-04-06,244.13519287109375,246.10775542428493,228.7511655917904,237.66450470907907,188061200
2020-04-07,244.38409423828125,253.50943273939214,244.1628827760792,252.7535894040196,201427200
2020-04-08,252.5876007080078,254.4034525634465,244.49462243642822,246.9925615037808,153774500
2020-04-09,256.4314270019531,259.1966831027809,253.91503382352957,255.85991711221806,189999200
2020-04-13,254.09014892578125,255.795395679431,250.17270309182473,255.45435195462855,114839100
2020-04-14,261.5839538574219,262.60708486359886,253.95185000102325,258.9938335234627,134143400
2020-04-15,256.0258483886719,261.7222690836012,253.90580187886607,255.85071325565545,121775000
2020-04-16,257.2608642578125,258.1180864516242,254.18221744407873,257.30694058364645,131798300
2020-04-17,264.2109069824219,264.8192383185562,260.3026608505208,263.0494908996366,146684800
2020-04-20,259.5561828613281,264.3493052621317,259.33497134824717,260.49635992156533,100109300
2020-04-21,251.67510986328125,256.2838686895885,250.73490505975042,255.0763761274665,126385700
2020-04-22,257.2608642578125,259.01218658387813,255.24222610488488,256.56955059255307,92951600
2020-04-23,257.2424621582031,261.72219022348287,256.9382964622987,258.54213548178336,104709700
2020-04-24,260.82818603515625,261.5010751772148,256.7079531308153,258.7634703866844,85063200
2020-04-27,264.5888366699219,265.71337496446637,262.34898660009674,262.8098624891784,77896600
2020-04-28,263.37213134765625,268.5984478924174,263.06793752484685,268.24817773506373,105270000
2020-04-29,270.26690673828125,271.8062450162346,267.6860122880096,268.71837006811825,118745600
2020-04-30,267.75054931640625,270.3683217990801,266.0084244155675,268.88428635062775,122901700
2020-05-01,260.6622619628906,267.9164458693108,259.49161889294606,262.98506692974644,125180000
2020-05-04,261.3811950683594,261.6853608206869,257.28861435013727,258.7726214184617,80873200
2020-05-05,263.7962341308594,266.61679328918257,261.5102788102137,264.21103382517106,79569900
2020-05-06,262.0079650878906,265.88853252564763,261.57474059035235,265.5014124986934,73632600
2020-05-07,265.1695861816406,267.105270843854,264.6626338763726,265.2341155672962,75250400
2020-05-08,269.55712890625,270.02723137851206,267.1789932426563,268.3127582106148,76452400
2020-05-11,269.6124267578125,270.9950545873397,267.19744131631325,267.62143930773703,79514200
2020-05-12,264.2386169433594,271.2162571149369,264.1003316612484,270.80148565750676,95870800
2020-05-13,259.5653381347656,264.7179278299637,257.1318996402703,263.676343692379,144721100
2020-05-14,262.6716003417969,262.8006309608718,251.62900412320758,257.1226648696853,121977900
2020-05-15,263.879150390625,263.9252267368411,259.3256934508307,260.27509684590956,111146300
2020-05-18,271.9168395996094,273.5299055972342,269.7968212545865,270.11941195040055,119703800
2020-05-19,269.1239318847656,273.0321513534002,269.10550697148216,271.31770613996133,95189300
2020-05-20,273.6957702636719,274.56221925365764,272.4422012490064,272.67263921166995,85861700
2020-05-21,271.80621337890625,274.3779091376315,270.70932633280484,273.56676293920657,78293900
2020-05-22,272.32244873046875,272.4975838837349,270.2761578977762,271.52052888637775,63958200
2020-05-26,275.6775207519531,278.54418352711934,272.34078367877794,278.304519053477,88951400
2020-05-27,279.7794189453125,279.816296906292,273.64054647059055,278.4797450847971,104817400
2020-05-28,279.26312255859375,282.8302972503383,278.59023366952,280.81165871274743,90405200
2020-05-29,280.50750732421875,281.09741383366213,276.0370055830861,278.79303439283416,119090800
2020-06-01,281.64129638671875,282.2496560477979,279.3461430382761,279.86232187865164,55758300
2020-06-02,283.9733581542969,284.01946263441334,281.2265550582553,282.56307864811095,74267200
2020-06-03,287.7524719238281,288.71110167795837,285.687756880747,285.9642711705765,92567600
2020-06-04,286.9966125488281,288.50829892721924,284.8950196754381,286.76617461038785,75794400
2020-06-05,294.352294921875,296.13126961910496,292.34288221320156,292.40741160751935,150524700
2020-06-08,297.9101867675781,298.10374676522395,294.6195261594394,295.16335633448466,73641200
2020-06-09,295.6887512207031,297.9839040725445,294.3706248420823,295.237073735876,77479200
2020-06-10,294.03887939453125,297.1636320853074,293.3199139807583,296.26953154628904,95000800
2020-06-11,277.0877990722656,287.72482287321475,276.5347704880352,287.08881187171676,209243600
2020-06-12,280.40618896484375,284.89511703902105,275.23517336126014,284.12084867680943,194678900
2020-06-15,283.02398681640625,284.1577520892233,273.52072438648526,274.7005660150119,135782700
2020-06-16,288.471435546875,290.94175175021076,283.59538877660174,290.7942680866062,137627500
2020-06-17,287.27313232421875,289.7895245404374,286.53571410151767,289.494557251357,83398900
2020-06-18,287.3838195800781,287.86312046362997,285.2914527967437,285.7523287681102,80828700
2020-06-19,285.74139404296875,291.0555229099972,283.7879244755577,290.8611111413888,135549600
2020-06-22,287.5744934082031,287.9725840908727,283.9916207573374,285.13961370398266,74649400
2020-06-23,288.89837646484375,291.16661737693755,288.4910186826439,290.2315422514218,68471200
2020-06-24,281.5289611816406,287.47266118114317,279.6866122382617,286.85235736793186,132813500
2020-06-25,284.547119140625,284.8156113948789,278.9274573121908,280.95497926839084,89468000
2020-06-26,277.7887268066406,283.658375397714,277.2054913993457,283.4454293499117,127961000
2020-06-29,281.87158203125,282.01044762306395,276.7518633545802,279.0478780684686,79773300
2020-06-30,285.48211669921875,287.18562813532077,281.2789690841468,281.4363406086615,113394800
2020-07-01,287.4819641113281,288.7503451312307,286.13955911726157,286.6024632366139,72396500
2020-07-02,289.0650939941406,292.27764946199494,288.3985109841315,290.92594919645614,69344200
2020-07-06,293.5274963378906,294.1107600598667,292.14805107719695,292.8979535044731,61713800
2020-07-07,290.5001220703125,293.9626360095515,290.1205372836613,291.98142097461727,82910000
2020-07-08,292.72198486328125,292.8330773096431,289.50019090510847,291.2684594320676,54638600
2020-07-09,291.0555419921875,293.57374104179394,287.630040873894,293.3330219054562,83354200
2020-07-10,294.0273742675781,294.29586651217585,289.5557338319014,290.9907250034386,57550400
2020-07-13,291.4814147949219,298.7675199209206,290.8240989639422,296.37894748735727,102997500
2020-07-14,295.2586975097656,296.03637283334564,288.8520937677715,290.05563285710343,93657000
2020-07-15,297.97137451171875,299.0730885288503,295.582773536278,298.48982484290724,87196500
2020-07-16,296.98992919921875,297.4435660368354,295.41604444110504,296.0641212834849,54622500
2020-07-17,297.8509826660156,298.6379252006533,296.01787245922196,297.9991153522291,62774900
2020-07-20,300.258056640625,301.0079588586028,296.83255574724603,297.5824579652238,56308800
2020-07-21,300.89691162109375,302.6744474220615,299.90629013376923,302.23007759853067,57292200
2020-07-22,302.6095886230469,302.92438820533135,300.4246953097078,300.53578774890565,57792900
2020-07-23,298.9990539550781,302.95227365409164,297.62887569233254,302.2486502737012,75738000
2020-07-24,297.0733337402344,298.10096725984846,295.56426188414656,297.13814709374793,73766600
2020-07-27,299.2397155761719,299.41562138741637,296.97147427544377,297.7676839874068,48293000
2020-07-28,297.3418273925781,299.62857474108495,297.0455619923725,298.50832649407437,57495000
2020-07-29,300.9987487792969,301.5635064567835,298.18428402153864,298.22132425942874,48454200
2020-07-30,299.92486572265625,300.34149078231616,295.9253951156929,298.01770277832117,61861700
2020-07-31,302.2948303222656,302.39668389819855,297.48988434595253,301.72083385939374,84986800
2020-08-03,304.3964538574219,305.1648621508035,303.4150995292858,303.96132291921657,53077900
2020-08-04,305.5722351074219,305.5722351074219,303.5354458801942,303.5354458801942,41917900
2020-08-05,307.47021484375,307.7294683196175,306.60921981066514,306.8777121582206,42697700
2020-08-06,309.5254211425781,309.6457807205977,306.5628520645501,306.8868905622747,43679400
2020-08-07,309.7475891113281,310.03458733084204,307.6459868706977,308.5532888812559,57308300
2020-08-10,310.6735534667969,310.8586982077888,308.2571786806938,310.201382108418,44282100
2020-08-11,308.1090393066406,312.49739054986946,307.37767097729545,311.8585804623127,69601100
2020-08-12,312.4047546386719,313.1824302193306,310.5253649220565,310.5531380408862,53774400
2020-08-13,311.83990478515625,313.15456461281775,310.91409675969334,311.63622588941763,41816100
2020-08-14,311.84918212890625,312.38616662319157,310.71969517068027,311.4510914457283,47260400
2020-08-17,312.8397521972656,313.23784281512303,311.8583980794048,312.86752530424604,35481000
2020-08-18,313.5157165527344,313.9415804329869,311.63629869866435,313.23795712814984,38733900
2020-08-19,312.2103271484375,314.41372705641555,311.64556942265534,313.89527669531185,68054200
2020-08-20,313.1823425292969,313.66375253869415,310.3493721881814,310.4789706219572,42207800
2020-08-21,314.2933654785156,314.5155503966336,312.50653425057345,312.84910700390265,55106600
2020-08-24,317.4781188964844,317.55217111130275,314.26556373207285,316.73745548119877,48588700
2020-08-25,318.58917236328125,318.6724917263265,316.87642122487284,318.04294881436505,38463400
2020-08-26,321.78314208984375,322.05160610805416,318.6354000636554,319.1816234759962,50790200
2020-08-27,322.4866943359375,323.9402197043757,320.8202512056413,322.65336125170194,58034100
2020-08-28,324.5697937011719,324.69942039778635,322.32008678211736,323.51438715103393,48588900
2020-08-31,323.3940734863281,325.2364228395973,323.1626214267345,324.3569219651967,66099200
2020-09-01,326.4399719238281,326.5417972626103,323.3292417281404,324.2272767983935,54908700
2020-09-02,331.16156005859375,332.13364723694355,327.2083414922187,328.35636271868754,69540000
2020-09-03,319.764892578125,329.93951517196746,317.1726127891446,329.4673439712891,148011100
2020-09-04,317.1540832519531,322.02381457889834,310.0253496782676,320.44995778251706,139156300
2020-09-08,308.488525390625,317.2189177075403,308.1830211329874,311.7288539118445,114465300
2020-09-09,314.5803527832031,317.05224467136924,311.6362614536504,312.5065233571741,91462300
2020-09-10,309.1180725097656,317.1170396063359,308.15522419835855,316.4597237823714,90569500
2020-09-11,309.2754211425781,311.96952583844933,306.4424508960782,310.90485227907106,84680200
2020-09-14,313.34906005859375,315.1266243736371,309.4236420235485,312.45102490396204,65605700
2020-09-15,314.9322204589844,316.6449432037185,313.35833505452774,315.81172138806437,52920900
2020-09-16,313.68231201171875,317.60772937455226,313.40455262542565,316.17273809901303,82096000
2020-09-17,310.92333984375,312.6453573297606,308.2847815244824,308.8124988390192,91523300
2020-09-18,307.3438415527344,311.8426865400238,304.852750491152,311.73114938301563,105877900
2020-09-21,303.9232482910156,304.07197396170466,299.0526031336653,302.7427755109806,99450800
2020-09-22,307.0184631347656,307.57617720857996,302.891418701662,305.4104220678622,63612100
2020-09-23,299.8984680175781,307.85510711224754,299.3965224188124,307.5762358389237,93112200
2020-09-24,300.6978454589844,303.7652309903187,297.2586315522572,298.5785542052481,76681300
2020-09-25,305.5591735839844,306.34923785839106,298.9689221639233,299.84263930150775,71069400
2020-09-28,310.6343994140625,311.3501152435907,308.7381822186888,309.73276937000736,64584600
2020-09-29,308.9425964355469,311.1734245990456,308.24546086154606,310.42982466671907,51304000
2020-09-30,311.2850036621094,314.4453460617756,309.416671165214,309.61186119180115,104081100
2020-10-01,313.2834167480469,314.86357357981365,311.3965044009991,313.8875951945023,88698700
2020-10-02,310.3089599609375,313.25553191340913,307.84575345799766,308.31981468995633,89431100
2020-10-05,315.81170654296875,315.997592335317,312.32602881311146,312.372493169569,45713100
2020-10-06,311.3221130371094,318.051813596093,310.81089169057145,315.951102906979,90128900
2020-10-07,316.7411804199219,317.54985301201117,314.2593657098586,314.28724999349913,56999600
2020-10-08,319.5483093261719,319.6133821115986,317.7636300344893,318.68386814784026,45242500
2020-10-09,322.4019470214844,322.8667040365459,320.58010746506795,321.20286598000087,59528600
2020-10-12,327.58868408203125,329.0666082622925,324.4562257534408,324.94886714686123,80388500
2020-10-13,325.4508056640625,327.62586544984794,324.4841029704284,327.4492554856305,73255500
2020-10-14,323.4058532714844,327.1239098929824,322.67155751263357,326.02708999760546,57727900
2020-10-15,323.0061340332031,323.4894711297381,318.94416215249316,319.483267822993,60357700
2020-10-16,322.8109436035156,326.0270542862086,322.6343336640178,324.3632161877111,89501900
2020-10-19,317.9031677246094,324.7071902621264,317.00153779579654,324.07512739996474,68425600
2020-10-20,319.17657470703125,322.42987424570373,318.48874331042714,319.2509233580746,60051900
2020-10-21,318.57232666015625,321.305099945606,318.26557117105693,319.130012337583,63575000
2020-10-22,320.3198547363281,320.9054531842077,316.63898667803994,318.78616207591807,55399300
2020-10-23,321.40740966796875,321.60259970171086,318.9442027823426,321.5468311206417,49143900
2020-10-26,315.4678649902344,318.8048178502361,311.9635780013349,318.0147250392189,91473000
2020-10-27,314.3802490234375,316.1463200782655,314.16645057598026,315.8117086299166,65994100
2020-10-28,303.63507080078125,314.40813551388993,303.142429476248,308.6916296323956,127094300
2020-10-29,306.7210693359375,309.8999916354377,302.1757318242684,303.8674542744102,90597700
2020-10-30,303.5235290527344,306.4514926680228,299.8612413875232,305.1408744396233,120287300
2020-11-02,306.925537109375,308.9332624062215,304.17415521892417,306.925537109375,86068300
2020-11-03,312.3446350097656,314.40815753311387,307.00923292891446,310.1695753283749,93294200
2020-11-04,319.32537841796875,323.4152360214039,315.6537852661018,316.83425831812013,126959700
2020-11-05,325.55303955078125,327.3656035607772,324.2703054349714,324.6235253644289,82039700
2020-11-06,325.4786682128906,326.7335179503139,323.1455786904639,325.2648697529824,74973000
2020-11-09,329.56842041015625,338.6962530041987,329.10366349640475,338.3151489309411,172304200
2020-11-10,329.0851745605469,330.1448058667429,325.80399097551134,328.57392479394076,85552000
2020-11-11,331.52978515625,332.3570379013313,330.03325280113376,331.2787982108576,58649000
2020-11-12,328.313720703125,331.5763248019199,326.50118493331297,330.51666493968696,67546200
2020-11-13,332.8590393066406,333.60263931693396,329.70797256583705,330.2284982463468,62892200
2020-11-16,337.0140075683594,337.2091976293169,334.2440447341139,335.53608323091584,74541100
2020-11-17,335.2014465332031,336.40983215828015,333.0821550372729,334.5972679039274,66111000
2020-11-18,331.1673278808594,336.01939328368303,331.13013936912824,335.47098329337155,70591300
2020-11-19,332.5615539550781,332.9333539222123,329.1874132294605,330.53522002265584,59940900
2020-11-20,330.2842102050781,332.5057623688925,330.20986156340393,332.30126814614187,70417300
2020-11-23,332.26409912109375,333.5282530358045,329.8566610286987,332.0967933926305,63230600
2020-11-24,337.61810302734375,338.166512926915,333.9651195251979,334.8202565878615,62415900
2020-11-25,337.0975646972656,337.5623217166409,336.0007449395041,337.53443743013906,45330900
2020-11-27,338.0364074707031,338.5104403756147,337.02321213244505,338.1944089835005,28514100
2020-11-30,336.53985595703125,337.5251385844671,333.8535750928766,337.2555715663142,83872700
2020-12-01,340.2207336425781,341.76373042068883,339.20756669848805,339.80246932612914,74231400
2020-12-02,340.9364929199219,341.0944944354891,338.5290547467315,339.10534896401384,45927000
2020-12-03,340.84344482421875,342.237715635619,339.7373210445203,340.8341406081922,62882000
2020-12-04,343.7808532714844,343.7808532714844,341.3362262394426,341.4291833383519,50749900
2020-12-07,343.0743713378906,343.5670126985919,341.80094150173,343.00929853997224,48944300
2020-12-08,344.07818603515625,344.6451759199666,341.7544011960695,341.80086554624563,42458900
2020-12-09,340.9922790527344,344.8962215481374,340.1557219727567,344.7382200244361,74098300
2020-12-10,340.88067626953125,341.93100325191364,338.74277706945526,339.61652249067066,57735400
2020-12-11,340.4809875488281,340.88997600300894,337.6552852409652,339.1796735430337,57698600
2020-12-14,338.95660400390625,343.73429157077305,338.77999406137144,342.656080212638,69216200
2020-12-15,343.5391540527344,343.5391540527344,340.12785278149966,341.50351566005907,63865300
2020-12-16,344.07818603515625,344.99839575415007,342.8698008989227,343.75285048438127,58420500
2020-12-17,346.0023193359375,346.20681357249737,344.89619528816195,345.7234764526828,64119500
2020-12-18,344.6207580566406,346.45970742421224,342.60444592107217,346.2916885347735,136542300
2020-12-21,343.3885498046875,353.28340346844874,337.9463959577073,340.6908183330083,96386700
2020-12-22,342.8098449707031,343.82733077167063,341.68034656595023,343.7153181678852,47949000
2020-12-23,343.11785888671875,345.0314737308344,342.79113651426565,343.7806190223121,46201400
2020-12-24,344.4527587890625,344.4807619388975,343.00588190186073,343.5939480483956,26457900
2020-12-28,347.4119567871094,347.80400095877894,346.38512695366734,347.01054024714455,39000400
2020-12-29,346.7491149902344,349.1201528820118,346.1610203351437,348.94279009754194,53680500
2020-12-30,347.2438659667969,348.2800395515808,346.85182184412906,347.57058839397877,49455300
2020-12-31,349.0082092285156,349.73631978165463,346.53450212409746,347.0479028200821,78520700
2021-01-04,344.2567138671875,350.47366910441684,340.55081201892335,350.34296875558,110210800
2021-01-05,346.6277770996094,347.71995701585035,343.5659756645781,343.61266657677504,66426200
2021-01-06,348.7001037597656,351.9019495167134,344.56481007436986,345.1155577412507,107997700
2021-01-07,353.88092041015625,354.6276901593906,350.9031283186224,351.08049111936754,68766800
2021-01-08,355.897216796875,356.1118981341495,352.0139516043895,355.2717750824561,71677200
2021-01-11,353.4981689453125,355.2624244716988,352.5926957266306,352.7140522127588,51034700
2021-01-12,353.5728454589844,354.5903313155894,351.32316391848667,353.68488655633377,52547700
2021-01-13,354.5249938964844,355.52379194885276,352.7140474834026,353.4981642054425,45303600
2021-01-14,353.283447265625,355.7758416251156,352.9474094575699,355.27175642559587,49989100
2021-01-15,350.7071533203125,352.4620653153198,348.84020020918484,351.6592891515079,107160000
2021-01-19,353.4608459472656,354.0022782318152,351.6872464206019,353.17147053179394,51233300
2021-01-20,358.3522644042969,359.19238745633976,355.36512856654605,355.7571726966947,61836100
2021-01-21,358.67889404296875,359.3416826708344,357.7547617001526,358.91226309822,47840100
2021-01-22,357.4093933105469,358.5762386300744,356.4385700282183,356.82129871151545,52860500
2021-01-25,358.8189392089844,359.1736362444542,353.28340355342897,358.14683518859727,70402000
2021-01-26,358.2588806152344,360.1818395328205,358.02551153797936,359.77110767785683,42665300
2021-01-27,349.5029296875,355.0197790616294,347.2625918497044,354.9264257168376,123351100
2021-01-28,352.50872802734375,356.5226655000901,350.88448806661853,351.32319466468164,94198100
2021-01-29,345.4515686035156,351.61251765674365,343.7712942322162,350.6416943635997,126765100
2021-02-01,351.20184326171875,352.237988412501,345.74100051485544,348.8588083348095,75817600
2021-02-02,356.1678771972656,357.7267951804312,351.2858142934959,354.3942778932452,64450700
2021-02-03,356.4479675292969,358.17490455947774,355.1691094246982,356.9987151844739,52427100
2021-02-04,360.4992980957031,360.54596052653943,356.56002605756356,357.4841586926851,47142600
2021-02-05,361.9181213378906,362.6275725066396,360.4525850635456,362.37554413810756,48669800
2021-02-08,364.53192138671875,364.5785838172867,362.5156087046862,363.3743911417445,38365200
2021-02-09,364.28912353515625,364.88656203696013,363.2809816726569,363.69168503335237,35551100
2021-02-10,364.1304626464844,366.18412212748876,361.7221060618875,366.03476248455763,59154400
2021-02-11,364.7185363769531,365.63335345454,362.28217677979495,365.213277702474,42913300
2021-02-12,366.52020263671875,366.76288713936884,363.8411013276768,363.9157953957539,50593300
2021-02-16,366.2027587890625,367.94838348385304,365.48399225881036,367.75233294042647,50972400
2021-02-17,366.2867736816406,366.538802023483,363.43031003691596,364.44782425799957,52290600
2021-02-18,364.7278137207031,365.4745832687712,361.9460444523999,363.6729810806686,59712800
2021-02-19,364.0838317871094,366.277507221227,363.6357528194678,365.98813179028394,83241000
2021-02-22,361.28326416015625,363.7009639097035,361.0125481069454,361.3112673044587,67414200
2021-02-23,361.72210693359375,363.0756591158048,354.907740572143,359.07103736191505,107284100
2021-02-24,365.7080078125,366.1374274308675,359.64041172948737,360.62989435018375,72433900
2021-02-25,356.89599609375,365.8107122221224,355.44911916352476,364.43850086453193,146670500
2021-02-26,355.05706787109375,359.9298157917072,353.0687870795123,358.7816580580028,152701600
2021-03-01,363.6637268066406,364.9146102633819,355.25312373479255,359.9391650515009,105348800
2021-03-02,360.8258972167969,364.1210670531839,360.3218120938631,363.88769800390025,79595300
2021-03-03,356.0465393066406,361.0966209700066,355.9438421012048,360.12582613870484,119940200
2021-03-04,351.640625,358.45499236615,347.1412612275843,355.85992871716365,183433000
2021-03-05,358.10955810546875,359.1643910019848,347.8506615219816,355.15042536468866,152039600
2021-03-08,356.3265380859375,361.8900482908478,356.0465066194313,359.0709604074307,123149200
2021-03-09,361.4140319824219,363.97174793111003,359.67775124914425,360.1818364281521,113633600
2021-03-10,363.6637268066406,365.36266070764583,362.3475501391762,363.76642402507724,109899400
2021-03-11,367.3509826660156,369.32994816283093,365.6800518602389,366.1374746877618,86245000
2021-03-12,367.8456726074219,367.98568835649854,365.17594403357333,365.988063865654,64653600
2021-03-15,370.0393371582031,370.3007093782252,365.9507064763015,368.0976905345231,73427200
2021-03-16,369.57257080078125,371.36482917626194,368.79776959125195,370.65540662604104,73722500
2021-03-17,370.8327941894531,371.63557011212924,367.1362076288322,368.28439370276624,97959300
2021-03-18,365.4372863769531,370.32869272760485,364.75583847059136,368.23771507922254,115349100
2021-03-19,364.7611389160156,366.71849082891276,362.57899949059845,365.13574666256363,113624500
2021-03-22,367.673828125,369.0599085399018,365.2201139616466,365.2763037073153,73778600
2021-03-23,364.7798767089844,368.48854216406016,363.9931918294677,367.0369263591319,90686600
2021-03-24,362.9255676269531,367.82364968651206,362.87875236928403,366.1847155376861,97588600
2021-03-25,364.9671936035156,365.76322438235565,359.53528100576926,361.48328710314735,116128600
2021-03-26,370.8486022949219,371.25130490208966,365.519723579064,366.1190902486819,114409100
2021-03-29,370.6612548828125,371.5696935881857,367.8797490389985,369.36883398437055,108107600
2021-03-30,369.677978515625,370.3522839608412,368.0764852202729,369.3876553387291,76262200
2021-03-31,371.1763000488281,372.7403235296133,370.22104619216304,370.24914105321983,112734200
2021-04-01,375.1847229003906,375.24094121233566,372.90895304429756,373.1149915856355,99682900
2021-04-05,380.5698547363281,381.1130603362482,377.77900235176537,377.8539124789563,91684800
2021-04-06,380.3450622558594,381.3939754285536,379.670756847593,380.0079238420964,62021000
2021-04-07,380.7852783203125,381.1317912570408,379.7176446390616,380.1765370600538,55836300
2021-04-08,382.5927429199219,382.6489326563563,381.1036577429274,382.0401914578226,57863100
2021-04-09,385.374267578125,385.54286537621095,382.3492818264006,382.471035788063,61104600
2021-04-12,385.51470947265625,385.786283641801,384.1660987859309,384.7748399171258,56704900
2021-04-13,386.6573181152344,387.2848083159337,385.02775850316095,385.4117407781049,56551000
2021-04-14,385.3367919921875,387.68747208141957,384.7935864554999,386.629184455803,61659900
2021-04-15,389.4762878417969,389.7478906331614,387.4346511167277,387.48146637214757,60229800
2021-04-16,390.7780456542969,391.38678681954315,389.34515029209115,390.7686711718235,82037300
2021-04-19,388.858154296875,390.29104973204716,387.5282924319391,389.8415318422619,78498500
2021-04-20,386.0111083984375,388.74577080213885,384.53136914456286,387.64066789352995,81851800
2021-04-21,389.66357421875,389.8696127711152,385.2524800177592,385.3929829340343,66793000
2021-04-22,386.1047058105469,390.3284815889521,385.0370723441207,389.49498152787896,97582800
2021-04-23,390.29107666015625,391.70525180773853,386.5917853934421,386.6666955199945,73209200
2021-04-26,391.1058349609375,391.67713539485504,390.35661941365066,390.94664023299106,52182400
2021-04-27,391.0215148925781,391.6021897569146,389.87894270910715,391.40549711447903,51303100
2021-04-28,390.90911865234375,392.41695260927986,390.44085185266897,391.2931008577655,51238900
2021-04-29,393.4002990722656,394.018414673779,390.0100520360835,393.64380695245677,78544300
2021-04-30,390.8154296875,391.97675069677933,389.9163655034895,391.12450175686104,85527000
2021-05-03,391.65838623046875,393.1942865637714,391.16202453619707,392.81030433526104,68128300
2021-05-04,389.2421569824219,390.15997035681755,385.54286577673696,389.6636086069614,101591200
2021-05-05,389.36395263671875,391.1246408679832,388.80202660407656,390.89050740277776,60162200
2021-05-06,392.4731750488281,392.60427490167996,387.4252448088687,389.4387864991381,74321400
2021-05-07,395.32958984375,395.98517484775925,392.5574581716832,393.24113804267915,67733800
2021-05-10,391.4149169921875,395.91026755105577,391.29316303200807,395.6855085973349,81852400
2021-05-11,387.921630859375,388.9143543332636,384.0350215703877,386.8820921309742,116888000
2021-05-12,379.6800842285156,386.4043885112803,378.3595684436156,385.13071655408515,134811000
2021-05-13,384.2410583496094,386.17969003386344,381.1879492380252,381.2347930730612,106394000
2021-05-14,390.1412048339844,390.99345394959835,386.9569958994236,386.9850907678179,82201600
2021-05-17,389.1484680175781,389.96327633452273,387.1255518204116,389.02674264587563,65129200
2021-05-18,385.79571533203125,389.6542298098184,385.63649201897573,389.41072188893645,59810200
2021-05-19,384.7841796875,384.96212335727006,379.60515004278085,381.09426361206437,106467100
2021-05-20,388.9237060546875,390.18803224068034,385.5428331837092,385.66455855446543,78022200
2021-05-21,388.60528564453125,391.6583945728601,388.1463932893185,390.4127887790832,76578700
2021-05-24,392.5668640136719,393.64387210851635,390.6094833278582,390.8529912483548,51376700
2021-05-25,391.6958312988281,394.00907059694083,391.1151849988608,393.6531832309636,57451400
2021-05-26,392.4731750488281,392.9788826564934,391.2463182178888,392.2858568810516,43088600
2021-05-27,392.6792297363281,394.0184660906669,392.3982524731179,393.5033839792261,56707700
2021-05-28,393.381591796875,394.5147894803722,393.14745839065523,394.25256120863554,58520200
2021-06-01,393.0350646972656,395.8914807174247,392.59489276628096,395.75100639492683,54216600
2021-06-02,393.6531982421875,394.49610143827164,392.67922377059676,393.69066759286113,49097100
2021-06-03,392.19219970703125,393.334771942257,389.8602399847774,391.33060472483857,58138800
2021-06-04,395.7791748046875,396.0788724688653,392.257798702454,394.04658162329105,55938800
2021-06-07,395.3951721191406,395.9477235822755,394.4586384024901,395.7697798896526,51555000
2021-06-08,395.47943115234375,396.3504005931343,393.64383318900553,396.256741511377,47134300
2021-06-09,394.8893737792969,396.39720768785315,394.66461486850045,396.3222689970968,48436300
2021-06-10,396.7249450683594,397.68022753689695,394.79568833094845,396.11620400512993,51020100
2021-06-11,397.3805847167969,397.4929641801739,395.9851587453018,397.2775797356141,45570800
2021-06-14,398.2704162597656,398.3734212702142,396.247499602013,397.4930771159863,42358500
2021-06-15,397.5398254394531,398.4576101510953,396.6594814967525,398.42016938215374,51508500
2021-06-16,395.3201904296875,397.90503235240567,393.26920810752716,397.6802734306868,80386100
2021-06-17,395.1891174316406,396.1724663616995,392.70730889994087,394.90816876040657,90949700
2021-06-18,389.8578796386719,392.592083637559,389.6511670033553,391.896790534333,118676300
2021-06-21,395.4390563964844,395.62698739769405,390.80684682653913,391.62429220073597,72822000
2021-06-22,397.55316162109375,398.389417322035,394.7061817905028,395.42969035743977,57700300
2021-06-23,397.07403564453125,398.43643524871106,396.98947528352,397.6283949051043,49445400
2021-06-24,399.4230041503906,399.84580592793344,398.9719869134309,399.225696654204,45110300
2021-06-25,400.84173583984375,401.2927530302253,399.8457646343818,400.17462954356137,58129500
2021-06-28,401.64971923828125,401.8188398958386,400.165167898214,401.36785147568565,53159600
2021-06-29,401.865966796875,402.67400709351523,401.3303892006845,402.03508750906747,35970500
2021-06-30,402.20416259765625,402.8806740439344,401.37731208840023,401.4054988705683,64827900
2021-07-01,404.4309387207031,404.59068290987153,402.8993902317675,402.96516893755677,53441000
2021-07-02,407.5222473144531,407.8792989685119,404.5155237085029,405.5960838218622,57697700
2021-07-06,406.7799377441406,407.7947190990981,404.0363291087906,407.57860135192897,68710400
2021-07-07,408.2175598144531,408.4994562952336,405.44576413602323,407.46589321419077,63549500
2021-07-08,404.8914489746094,405.65252080916207,401.69679389092374,402.88069615544833,97595200
2021-07-09,409.2135314941406,409.5142096043328,404.69406938658494,406.4041438797797,76238600
2021-07-12,410.6793212890625,410.93303100178167,408.69678404478105,409.1289909276716,52889600
2021-07-13,409.2793273925781,411.3934220558517,409.0162412036738,409.8900601160083,52911300
2021-07-14,409.89007568359375,411.4686215512165,408.6404234073977,410.98001241451976,64130400
2021-07-15,408.4901123046875,409.2229973856593,406.5827300635527,408.5464858744355,55126400
2021-07-16,405.2860412597656,409.7209432529059,404.89142630984423,409.6739748407586,75874700
2021-07-19,399.30084228515625,405.3518538666455,396.48204913878226,400.4471526449849,147987000
2021-07-20,405.02294921875,406.3008168970858,399.1692457026754,399.96790941735486,99608200
2021-07-21,408.3021545410156,408.44311713039826,404.97599944679223,406.2256517266708,64724400
2021-07-22,409.1571350097656,409.40143954488997,407.49405769372373,408.48062363685614,47878500
2021-07-23,413.3665771484375,413.7048185262917,410.4068503952386,411.0927383028575,63766600
2021-07-26,414.38128662109375,414.39069177202066,412.7276144896714,412.7745828958248,43719200
2021-07-27,412.4927673339844,413.3665862535988,409.65516412190027,413.3383994714901,67397100
2021-07-28,412.3236389160156,413.70484865800637,410.8954607595387,413.1223026819993,52472400
2021-07-29,414.0337219238281,415.1142535469897,413.24446329453843,413.25386844732344,47435300
2021-07-30,412.0230407714844,413.4794058929077,411.3277189004587,411.4592763561998,68951200
2021-08-02,411.1584777832031,414.2967300777739,410.80142613559934,413.7423709785831,58783300
2021-08-03,414.5035095214844,414.62566180738776,409.75855272178563,411.9572078453096,58053900
2021-08-04,412.4645690917969,414.47529306625523,412.22966968933605,413.2162357099742,46732200
2021-08-05,415.07666015625,415.1612205024383,413.3102120156651,413.62967177045795,38969700
2021-08-06,415.7625427246094,416.1853731243509,415.1142180712691,415.3961145625114,46930000
2021-08-09,415.42431640625,416.0538307784521,414.6538394461939,415.7343710161899,41222600
2021-08-10,415.9410400390625,416.65514335880624,415.18937346245787,415.87526132819306,43339300
2021-08-11,416.974609375,417.0685748670529,415.88467275051914,417.0122013066696,44034300
2021-08-12,418.2242431640625,418.3652057330731,415.92224641818393,416.82425201895,38909400
2021-08-13,418.9853515625,419.00413319074835,418.18668791120035,418.67526831383185,39470300
2021-08-16,419.9718933105469,420.1034220491868,416.11953784781855,417.6792731297716,73740000
2021-08-17,417.218994140625,418.08340801553624,414.2216750155511,417.4068964866176,92673900
2021-08-18,412.6524658203125,417.77328419430097,412.4081899435472,416.20414359044753,89351900
2021-08-19,413.29144287109375,414.4941554902012,409.7773565441613,409.91829046851075,92812200
2021-08-20,416.5799865722656,416.9088514737455,413.15046099796143,413.6390701113293,72008700
2021-08-23,420.2444152832031,421.1558260664564,416.65514571004115,418.2712546656788,54973000
2021-08-24,420.9115295410156,421.44710704404645,420.3947623411215,420.9115295410156,38744700
2021-08-25,421.7947998046875,422.31156706123744,420.7236446811897,421.0995066942213,40529700
2021-08-26,419.3048095703125,421.7477402477029,419.21084408097255,421.5128408614737,57829600
2021-08-27,423.0538635253906,423.4296968697422,420.05654457482467,420.11291814276507,77235100
2021-08-30,424.91424560546875,425.70350417202803,423.4860388594857,423.73034341850786,48357400
2021-08-31,424.2847595214844,425.1585785509244,423.6834318695061,424.82033712310806,59300200
2021-09-01,424.51019287109375,425.7410634582663,424.2752934663014,425.22429623742056,48721400
2021-09-02,425.81622314453125,426.6242632874938,424.6135394072609,425.9383754159656,42501000
2021-09-03,425.7128601074219,426.2296559823971,424.27527695301467,424.6793257059568,47170500
2021-09-07,424.190673828125,425.45913617154696,423.5141624899159,425.36517068791574,51671500
2021-09-08,423.6739196777344,424.3880229661524,421.74772756403854,423.6551380501278,56181900
2021-09-09,421.8605651855469,425.233717323856,421.6162606196501,423.47667429804756,57970400
2021-09-10,418.5343933105469,424.2189478107895,418.4122410241399,423.796146058895,89948200
2021-09-13,419.6054992675781,421.8041829670538,417.28469196190423,421.54109677619476,83738600
2021-09-14,417.341064453125,421.25917025465293,416.4484352937043,421.0524576426946,78197100
2021-09-15,420.82696533203125,421.3249508984544,416.65514981646095,417.7638680701213,78792200
2021-09-16,420.15985107421875,421.2779457838027,417.2000958380673,420.30078497254937,77786700
2021-09-17,416.067138671875,419.80929334170304,415.7089430523476,419.38513702866646,118425000
2021-09-20,409.1294860839844,411.50484731751953,404.24675595478044,409.92127316182945,166445500
2021-09-21,408.7430114746094,412.7773715752907,408.21515342525714,411.4765682514919,92526100
2021-09-22,412.730224609375,414.7756961285755,408.85612048010717,411.0241068459511,102350100
2021-09-23,417.7449645996094,419.35684482939774,414.3704409554604,414.6060929318038,76396000
2021-09-24,418.43304443359375,419.1494355881211,415.887991791221,416.104801947488,62094800
2021-09-27,417.2359619140625,418.56501369827305,416.5384125284229,417.3961891431446,61371100
2021-09-28,408.8277893066406,414.78507653224716,408.0925564935255,414.4551581029808,130436300
2021-09-29,409.51593017578125,411.9572806871439,408.95035979785877,410.21345067442644,82329200
2021-09-30,404.5107421875,411.7028158417851,404.1713884067889,410.9958599619211,140506000
2021-10-01,409.3179626464844,411.0052385013216,402.71030216257543,406.24508107387715,129240100
2021-10-04,404.0394592285156,409.05411133426054,401.89028562676936,408.1492158156004,128570000
2021-10-05,408.24346923828125,410.4962870615469,404.7464021380248,405.54759580480123,90682500
2021-10-06,409.94012451171875,410.147499377374,403.00254494453645,404.63323802045085,113032200
2021-10-07,413.4844055175781,416.3310711619563,413.05081391643307,413.229911727667,72437500
2021-10-08,412.730224609375,414.64374599907245,412.0986935121197,414.25727336121037,74557400
2021-10-11,409.7422180175781,414.99255076639076,409.6762285626982,412.0704606111341,65233300
2021-10-12,408.73358154296875,411.0712591964954,407.9417944585742,410.66594475438393,71181200
2021-10-13,410.20404052734375,411.02410468083355,406.77296321895665,409.7610137268703,72974000
2021-10-14,417.1039733886719,417.25479409651945,413.4089379616776,413.8802418864106,70236800
2021-10-15,420.2804870605469,420.64811786818393,418.602646519307,419.22477104800544,66260200
2021-10-18,421.5247802734375,421.86410527039766,417.8297450763768,418.4895820363863,62213200
2021-10-19,424.7767639160156,424.842724595289,422.54275941839205,423.1554774596146,46996800
2021-10-20,426.4452819824219,426.74692344151487,425.12563655653105,425.2387449121627,49571600
2021-10-21,427.5574951171875,427.7837117980896,425.40835035029045,425.8419419107225,41305400
2021-10-22,427.1144104003906,428.5754696428719,425.1632054936649,427.12384568285273,58845100
2021-10-25,429.40496826171875,429.7348867422343,426.4263529523227,428.20786672133556,45214500
2021-10-26,429.7914733886719,432.1762701326921,429.41443599649216,430.96032670037073,56075100
2021-10-27,427.8873596191406,430.92255769132396,427.81193489095295,430.25331425071147,72438000
2021-10-28,432.01605224609375,432.09144821971626,429.310772221921,429.32017873980527,51437900
2021-10-29,432.89263916015625,433.1848452815996,429.41441402054215,429.7066201419855,70162400
2021-11-01,433.6372985839844,434.25942318135986,431.9029036910467,433.8823570500241,48433600
2021-11-02,435.3905334472656,435.70161012769955,433.6749803616617,433.80695926029597,48908400
2021-11-03,438.0487060546875,438.4540205123054,434.38194783725373,434.824974662078,52509800
2021-11-04,440.113037109375,440.1978683644072,438.3032173703606,438.6519776741961,52847100
2021-11-05,441.6400451660156,443.63836916180196,440.12246036838644,442.34700103807825,66390600
2021-11-08,442.01708984375,443.2424973018923,441.3290045272223,442.74291629469593,50405200
2021-11-09,440.55609130859375,442.62040494088984,439.1421794380408,442.38475296246435,51149100
2021-11-10,437.0118408203125,440.5560554928544,435.52253309482785,438.85934412646145,69429700
2021-11-11,437.1532287597656,438.5860110906729,437.13438695871474,438.51058635425227,34848500
2021-11-12,440.4523010253906,441.00843613085505,437.47365716434865,438.4257001711479,53466700
2021-11-15,440.6031494140625,441.9039527580955,439.4720373333301,441.7437255438924,46980500
2021-11-16,442.346923828125,443.48747104813094,440.26376894323073,440.3391648993365,48857500
2021-11-17,441.2724304199219,442.26215710599143,440.6503058184097,442.08305932224823,47858300
2021-11-18,442.7712097167969,443.0351387724861,439.57575519666824,442.30931229475857,50625600
2021-11-19,441.9794006347656,443.91173518602335,441.611769772154,442.6580506590797,57315600
2021-11-22,440.73516845703125,446.3625385887317,440.52779357509166,443.86463348771593,72762000
2021-11-23,441.319580078125,442.17735669005066,437.7942358564973,440.4052492954006,73206500
2021-11-24,442.497802734375,442.6203463495124,438.49171963144255,439.31178380523045,61858800
2021-11-26,432.62872314453125,437.2757729097936,431.49758222572393,435.80530697500916,112669600
2021-11-29,437.935546875,439.7830499281074,435.2302673557095,437.43596594042134,86268800
2021-11-30,429.41436767578125,437.39825616004947,429.16928046510924,435.4847636522218,148559600
2021-12-01,424.6448059082031,438.00157083991655,424.4468663284383,435.1454704103125,131939200
2021-12-02,431.1488342285156,432.7230020293936,424.4657478783706,424.86165584108255,127637800
2021-12-03,427.39727783203125,433.8823958863184,423.15554236979483,432.81727314488893,137331600
2021-12-06,432.4590759277344,434.34429168166633,427.52922637540286,429.9517355230717,98977500
2021-12-07,441.40435791015625,441.9699283158001,432.3270406361957,437.7564705046071,95484700
2021-12-08,442.5732116699219,443.02567377766377,440.03759434211855,441.80029512259415,72238800
2021-12-09,439.58514404296875,442.6768964113346,439.38720446363953,441.28182654086095,61272600
2021-12-10,443.72314453125,443.87396521689504,439.73593232528253,442.29982644903924,77159800
2021-12-13,439.7925109863281,443.55350675639556,439.50971139770047,443.2047464865836,87724700
2021-12-14,436.7666931152344,439.010104059482,433.8351969554868,436.5121993902541,97264100
2021-12-15,443.5912170410156,443.8362754973497,434.29708958094557,436.82330023675024,116899300
2021-12-16,439.6794128417969,445.7309387127813,438.1240869835833,445.4481678837098,116568600
2021-12-17,434.99993896484375,439.60656170872556,433.28782720309647,436.5890765889238,135511600
2021-12-20,430.37445068359375,430.77172069522163,426.74212338428225,429.9014909487797,107134800
2021-12-21,438.0174560546875,438.159338198056,431.63249979857073,433.80810297600897,69806300
2021-12-22,442.3970642089844,442.5105699227821,437.5634008705162,437.7620647368325,58890200
2021-12-23,445.149658203125,446.653666526917,443.2956643336112,443.39970160734777,56439700
2021-12-27,451.449462890625,451.4967473096525,446.4833864717361,446.5306708907636,56808600
2021-12-28,451.0805969238281,452.9156829394374,450.31440448987655,451.88463421803556,47274600
2021-12-29,451.6575622558594,452.67914240848387,450.18193044253155,451.18460260114745,54503000
2021-12-30,450.4089660644531,453.09537358364463,449.94547481539996,452.0832329400034,55329000
2021-12-31,449.27386474609375,451.0711058110778,448.99956890774945,449.9171118694179,65237400
2022-01-03,451.8751220703125,452.00756463480985,448.2238872560393,450.5413723302358,72668200
2022-01-04,451.7237548828125,454.02236074484955,449.86029268767675,453.30345283185306,71178700
2022-01-05,443.0498046875,452.13063816634497,442.95520695880055,451.3549772050528,104538900
2022-01-06,442.6335754394531,445.35782823235684,440.2593082446205,442.5862910110763,86858900
2022-01-07,440.88360595703125,443.82543054400713,439.5214795995845,442.6430311967215,85111600
2022-01-10,440.3349609375,440.55250393034436,431.9068153934691,437.6769296616079,119362000
2022-01-11,444.345703125,444.4403008522665,437.06211113308007,440.0701572039839,74303100
2022-01-12,445.5469055175781,447.6090315640581,443.5794060432317,446.0860864554399,67605400
2022-01-13,439.40789794921875,447.3063299976346,438.37684936061635,446.6536433613465,91173100
2022-01-14,439.58770751953125,439.93769311285763,435.0283686395281,436.2486128671345,95890900
2022-01-18,431.8027648925781,435.08510657220825,430.6865868583265,434.8770031364011,109709100
2022-01-19,427.3190612792969,434.7539734256139,427.04473658825316,433.3540312792543,109357600
2022-01-20,422.5894470214844,433.9310101841873,420.4611285977612,429.21088211751214,122379700
2022-01-21,414.29376220703125,423.828616436145,414.26538578156715,421.46381809024535,202271200
2022-01-24,416.0531921386719,416.5639967057134,398.0050623972924,408.66556381495764,251783900
2022-01-25,410.97357177734375,415.9396482515973,404.04943536512155,409.63982206019847,167997300
2022-01-26,409.942626953125,420.02613301094766,405.6670520312476,416.88567311741406,186391100
2022-01-27,407.9183349609375,417.7086080158252,406.2251597613604,414.5587086355228,149878300
2022-01-28,418.04913330078125,418.0964177287686,404.6832861876728,409.2804410874524,164457400
2022-01-31,425.57861328125,425.9285988508346,416.0248212857858,417.37747913959595,152251400
2022-02-01,428.4541931152344,429.09741136310794,422.76920842520514,426.30693765567827,123155400
2022-02-02,432.6162414550781,433.3445889976843,428.548770732719,430.86628479936365,117361000
2022-02-03,422.44757080078125,428.4730722035846,421.6056887562871,426.5623255842212,118024400
2022-02-04,424.43402099609375,428.293359216209,419.82736954460256,422.21110476532647,118454400
2022-02-07,423.0719299316406,426.6001909007989,421.7381800825274,425.2002486311931,84472900
2022-02-08,426.5528564453125,427.47986776234546,421.14219683127965,422.5705442284954,81012000
2022-02-09,432.7959899902344,433.1175991367621,430.40281495436784,430.60144995457046,92589900
2022-02-10,425.0205078125,432.95675649430774,423.0151633217596,426.9312545906798,140103700
2022-02-11,416.6396484375,427.18664391321806,415.20186134997584,425.1056385655254,153214600
2022-02-14,415.2774963378906,417.7179843894402,411.7965201108774,416.1288468336951,123006300
2022-02-15,421.9746398925781,422.14489845233356,419.2125426099258,419.7328155876255,88482700
2022-02-16,422.44757080078125,423.82860491443665,418.03958333979466,419.92195353446533,84863600
2022-02-17,413.42352294921875,422.41922551305055,412.8181495554297,419.25038980867765,102259100
2022-02-18,410.7465515136719,414.9369671200802,408.46688251728386,413.6788782748005,132642900
2022-02-22,406.3385925292969,411.9478874905425,402.82921086642835,408.53313240570213,124391800
2022-02-23,399.1307067871094,409.8290530099485,398.56314936740426,409.2614955902434,132578000
2022-02-24,405.1372375488281,405.5723812250493,388.43232758179744,388.79175267882744,213942900
2022-02-25,414.076171875,414.16130114759056,404.7210161801681,406.37637494837196,121804500
2022-02-28,413.0167541503906,414.5018543995483,407.40745955382687,408.6655195382482,145615000
2022-03-01,406.7264099121094,413.5275723046222,404.01159714649674,411.51275948322075,137785900
2022-03-02,414.2086486816406,415.9396684351106,408.2304313077541,408.9871552603508,117726500
2022-03-03,412.1465148925781,417.2544736461627,410.3398054569245,416.6491002687027,105501700
2022-03-04,408.7979431152344,409.93302891754075,404.73994136911347,408.40064432076974,113978200
2022-03-07,396.7469787597656,408.92095717943505,396.6807574716845,408.21151760843173,137896600
2022-03-08,393.7389831542969,404.10625256186984,392.67008952422367,396.9267271799458,164772700
2022-03-09,404.2953796386719,406.2818159822058,399.9536134280835,402.1481531765051,116990800
2022-03-10,402.46978759765625,403.3683936870223,397.7023458467199,399.6698454526476,93972700
2022-03-11,397.35235595703125,405.58183714067377,396.8415514153587,404.96699532473235,95636300
2022-03-14,394.4483642578125,401.5900437184911,393.3038099407346,398.12800434178155,95729200
2022-03-15,403.1224365234375,403.7561862821287,395.7915620258905,397.06852997366605,106219100
2022-03-16,412.06146240234375,412.11821526495754,401.82660612578036,406.64136195251285,144954800
2022-03-17,417.2167053222656,417.2167053222656,409.76285531991505,410.14121733245054,102676900
2022-03-18,421.786376953125,422.10898522065065,414.8597246560477,415.59983278904184,106345500
2022-03-21,421.6629943847656,423.6271083158259,418.1427105740209,421.6155341135983,88349800
2022-03-22,426.5970458984375,427.53640601074585,423.0577952903336,423.0577952903336,74650400
2022-03-23,421.1031799316406,425.55332638564335,421.0177861842086,424.0541434470879,79426100
2022-03-24,427.4510498046875,427.4605476512933,422.01411175984157,423.13375729905124,64736900
2022-03-25,429.5386047363281,429.81378171190863,425.49645969000244,428.08685290314617,77101300
2022-03-28,432.5938720703125,432.5938720703125,427.04304675034354,428.94076282849704,68529800
2022-03-29,437.9454040527344,438.43882875157925,433.7988991715261,436.49365245199573,86581500
2022-03-30,435.24114990234375,437.6132947591107,433.1251862656429,436.79726187082275,79666900
2022-03-31,428.5422668457031,435.29813157975457,428.086804553789,434.47262970310084,121699900
2022-04-01,429.7568359375,430.2691984775229,426.17015337307976,430.1268755497387,89048800
2022-04-04,433.4383544921875,433.5427439373771,429.13055970631194,429.9560615935425,59601000
2022-04-05,427.9634094238281,434.4156320427128,426.81529938704466,431.93912663814103,74214500
2022-04-06,423.68408203125,425.9708333848193,420.790076589019,424.0351838301639,106898000
2022-04-07,425.8189697265625,427.6407897227167,420.846963358929,422.8016084098771,78097200
2022-04-08,424.680419921875,427.5839233445298,423.1337766107068,425.05995736438757,79272700
2022-04-11,417.421630859375,422.24181683640415,416.9187372695067,421.397319303444,89770500
2022-04-12,415.8750305175781,422.9535039337101,414.31888931273403,420.4200400306023,84363600
2022-04-13,420.63824462890625,421.3973194587367,415.44799012468565,415.62827546421886,74070400
2022-04-14,415.40057373046875,421.9856509126384,415.2961842874288,420.865976406667,97869500
2022-04-18,415.57135009765625,417.2603162227855,413.332030102549,414.4706713145492,66002500
2022-04-19,422.27978515625,423.000897567329,415.2961750081894,415.4669625036937,77821000
2022-04-20,421.9666748046875,424.680424010639,420.79959788164615,424.06367204101167,65224400
2022-04-21,415.6567077636719,426.9955717535205,414.745812247252,425.6007494204808,85417300
2022-04-22,404.2514343261719,415.6756627769985,403.6821137856455,414.5655152319754,132471800
2022-04-25,406.59521484375,406.7660023609882,397.41974379852957,402.00274487572295,119647700
2022-04-26,394.81982421875,404.251475165839,394.79135963669034,404.05219413457274,103996300
2022-04-27,395.9299621582031,401.2910329549323,393.7855627963593,395.9014975768421,122030000
2022-04-28,405.9309387207031,407.66736507678297,396.24310664725425,400.69325298442976,105449100
2022-04-29,390.929443359375,404.09009741413075,390.17983753239577,401.9267026237167,145491100
2022-05-02,393.28265380859375,394.64901157407303,384.3064367465445,390.9959026727131,158312500
2022-05-03,395.0855712890625,397.5051480510368,392.22000106999343,393.7856402232334,100028200
2022-05-04,407.11700439453125,407.68632497643506,392.5520285453258,395.7496753190645,144247900
2022-05-05,392.64691162109375,403.26463455087514,388.5004069530426,402.83763688449426,172929100
2022-05-06,390.30328369140625,393.5863245784682,384.98020369998983,390.0755670157502,151770800
2022-05-09,377.8067932128906,385.62537367241526,376.2221876512533,384.3823720398505,155586100
2022-05-10,378.6797790527344,385.31228796506707,374.62816535383854,383.8036070473492,132497200
2022-05-11,372.6639404296875,383.3765542344881,371.91433458035914,377.7118714101029,142361000
2022-05-12,372.2749328613281,375.5579733330181,365.4526417334001,369.4568235292296,125090800
2022-05-13,381.1752014160156,382.5605258590705,375.3776645184311,376.421414012587,104174400
2022-05-16,379.6286315917969,383.31020563192266,377.265984202447,379.5242711006799,78622400
2022-05-17,387.4377136230469,387.6749281280144,381.99124889833473,385.73924965956155,83029700
2022-05-18,371.8194580078125,383.1488241139043,370.57645642450234,382.86417831499597,117674500
2022-05-19,369.542236328125,373.9829138685316,367.31241418995535,368.7451990662184,98510700
2022-05-20,369.7035217285156,376.7250646538933,361.07840657695476,373.13838281901803,131432200
2022-05-23,376.6206970214844,377.3892696174309,370.41515813861474,372.73984266032306,76414900
2022-05-24,373.7457580566406,374.9412996588242,367.170148938791,372.48376047613425,91448800
2022-05-25,377.04766845703125,379.0213091538963,371.84794556823357,372.2464496803005,91472900
2022-05-26,384.5816345214844,386.2231692896121,378.072482526249,378.2812324449887,82168300
2022-05-27,394.0227355957031,394.1365939090982,386.8493722833649,387.04862433180637,84768700
2022-05-31,391.8118896484375,395.1613569109401,389.0602075020582,392.4001769192746,95937000
2022-06-01,388.6427307128906,394.9526303936965,386.1187650491988,393.93737437755783,86585800
2022-06-02,396.0438537597656,396.0912850769354,386.2231676872298,388.48145435599463,79609600
2022-06-03,389.54412841796875,392.86513105129364,388.56680594414985,391.30899020382157,71874300
2022-06-06,390.73028564453125,395.3037596856171,389.5536819082535,393.56736210124245,57508900
2022-06-07,394.47821044921875,394.9336727076749,386.7639903779014,387.22895048242367,59272400
2022-06-08,390.1894226074219,394.5541755868327,389.39238529138436,392.76081990811025,64350000
2022-06-09,380.9095153808594,390.68274010880896,380.9095153808594,388.4054869539983,86289800
2022-06-10,369.8647766113281,375.53895695216045,369.8173453017882,374.6849906825372,132893900
2022-06-13,355.82177734375,362.28349850376446,354.2087070370515,360.42374478876593,170004900
2022-06-14,354.74957275390625,358.61143216554296,351.6373193482159,357.57718031270616,104011800
2022-06-15,359.8070068359375,364.2666225780978,353.0890752023986,358.0610824317935,125666800
2022-06-16,347.8987731933594,351.96938204270447,345.460201230786,351.5613800602234,134473300
2022-06-17,348.6487731933594,352.00319986018303,345.1323892326363,348.3152615671358,111113900
2022-06-21,357.4254455566406,358.81675407545026,354.31879767692817,354.3950504922188,76811900
2022-06-22,356.7774963378906,360.90378632423085,352.76552742803,353.1848307301624,90059400
2022-06-23,360.27484130859375,361.00860756659887,355.3480709955404,358.9216589541497,79292100
2022-06-24,371.7294006347656,371.738939509623,363.42915449401596,363.4577420366525,98050300
2022-06-27,370.30950927734375,372.94918935666453,369.213614685377,372.65377505140225,66009600
2022-06-28,362.7430114746094,374.6645107225344,362.62866130813416,371.87235419067196,86548900
2022-06-29,362.44757080078125,364.2867703688928,360.61791010649307,363.29571627695856,65676000
2022-06-30,359.5029602050781,362.75254644984545,355.0335903944629,358.5404645110338,112508300
2022-07-01,363.30523681640625,363.74361787819856,356.2152359819502,358.84540602497094,74839700
2022-07-05,363.9913635253906,364.0104412734267,355.3575774256308,358.197399099367,81438000
2022-07-06,365.220703125,367.717445353006,361.7424165306726,364.1343183853388,70426200
2022-07-07,370.6906433105469,371.49112350460933,365.2397294426553,367.0027052771426,64525900
2022-07-08,370.3856506347656,372.26297628036,367.5172419926224,369.05148814321154,72397800
2022-07-11,366.1546325683594,368.6704236096154,365.45896357627913,367.6984180612563,58366900
2022-07-12,362.9145812988281,367.9938581117878,361.1611440063311,365.60192686880276,62219200
2022-07-13,361.00860595703125,363.9532680138976,357.0347924506578,357.4540957624864,84224600
2022-07-14,360.13189697265625,361.2182525694564,353.585088606192,356.0341654064419,89704800
2022-07-15,367.0122985839844,367.1266487598198,362.63822986665895,364.5536534757757,79060400
2022-07-18,363.9818420410156,370.78593810865794,362.75251969143335,370.10934695957155,63203600
2022-07-19,373.8163146972656,374.3880945343519,367.25999702205866,367.91751039048773,78506000
2022-07-20,376.19873046875,377.6186558198573,372.6346814850552,374.00694154890255,71843800
2022-07-21,380.0296325683594,380.07726877334886,373.2064587109506,375.6174381384512,64903900
2022-07-22,376.50372314453125,381.35427008262405,374.2738075771249,380.15356421213477,72197300
2022-07-25,376.9611511230469,377.8188064784601,374.7121578166086,377.1326763777424,53631500
2022-07-26,372.50128173828125,375.5221383804845,371.6055000576572,375.3124867300845,52946400
2022-07-27,382.173828125,383.92726526145685,375.5126398831095,375.8080541838099,82342100
2022-07-28,386.9671325683594,387.66277234408295,379.4197027391323,382.98378055829,73966600
2022-07-29,392.6086730957031,393.5997563368219,387.6342373050366,388.40613000686983,87003700
2022-08-01,391.446044921875,393.9618647731453,389.18754201289954,389.90225959583773,69997500
2022-08-02,388.86358642578125,393.5711957915866,387.6819291877356,389.8737184031951,63435400
2022-08-03,394.9529724121094,396.12509070824535,390.71230285807104,390.9981782761689,67820600
2022-08-04,394.6861572265625,395.5628612557088,393.0375313820632,394.8767311502338,45656600
2022-08-05,394.0190124511719,394.66701603497324,390.33107463279765,390.3882497089018,56814900
2022-08-08,393.5615539550781,397.9737478570784,392.45612076142066,395.7152452704736,53886100
2022-08-09,391.9988098144531,393.3329436008308,390.92196391054046,392.82787762877587,44931800
2022-08-10,400.2323303222656,400.3752971125264,397.11617195301557,399.07926069918796,68665700
2022-08-11,400.2323303222656,404.95901714510643,399.4890251570347,403.0912008165285,59489700
2022-08-12,407.0078430175781,407.1126543031395,401.2233884335798,402.17634520529884,61694500
2022-08-15,408.68505859375,409.20920230766916,404.73029350332524,404.7874685874713,54048300
2022-08-16,409.4855651855469,411.4200664046575,406.79821992098886,407.60823905019834,59289000
2022-08-17,406.5789489746094,409.2948812439527,404.5682244020966,405.87377035970786,63563400
2022-08-18,407.7607116699219,408.4468126683968,405.4831308884467,406.7791382170342,49023200
2022-08-19,402.2812194824219,405.2544402076987,401.4044863824872,404.9876134524029,68016900
2022-08-22,393.9046630859375,397.6021397850265,392.99934257592776,397.4305854744403,77695600
2022-08-23,392.9518127441406,395.87739762429874,392.399081415165,393.4759274453296,49105200
2022-08-24,394.2095947265625,395.58182556293923,392.03685470289946,392.72295558012314,49177800
2022-08-25,399.77496337890625,399.8225995917219,394.6099241208532,395.70581875304526,50942300
2022-08-26,386.2429504394531,400.2037629054227,386.1857753532475,399.6605995864693,103087000
2022-08-29,383.68902587890625,386.74800926201755,382.3263045463414,383.27926140804027,65370800
2022-08-30,379.4769592285156,385.08988933213567,377.3709326212233,384.851650106996,85652400
2022-08-31,376.5894775390625,382.36439367038383,376.4560787038959,381.1160225349225,76029700
2022-09-01,377.7711181640625,378.1141686261382,371.69124959831555,374.4071820841404,78740100
2022-09-02,373.7877197265625,382.6692829844878,371.96756897369653,381.44949959452725,99632100
2022-09-06,372.37744140625,375.5793625780909,370.14752578687444,374.63594456887637,76637400
2022-09-07,379.0671691894531,379.83906190032036,371.8437691661729,372.06293062608904,70964200
2022-09-08,381.5447998046875,382.0022003981886,375.5792816877179,376.78955528252607,80821700
2022-09-09,387.47222900390625,388.33942315556953,383.52697401163135,383.79380074430213,76706900
2022-09-12,391.6366882324219,392.3609447639195,389.2447571690339,389.5497103488156,69256300
2022-09-13,374.6072998046875,384.1368671918231,373.48281783266907,382.9265935212206,122947100
2022-09-14,376.03680419921875,377.56154107848636,372.72050366795696,375.9129151472498,85023700
2022-09-15,371.7674865722656,377.33275056104594,370.4905280036488,374.4738802809369,87633800
2022-09-16,368.9313659667969,369.59160962495736,365.63014767599446,367.57262481623485,103084800
2022-09-19,371.7923889160156,371.7923889160156,365.6971224730672,365.7736885415829,73278500
2022-09-20,367.5247497558594,369.467197620889,364.75940646491324,368.45291622543897,77274900
2022-09-21,361.11370849609375,372.51959913129366,361.1041304377305,369.457598997585,106746600
2022-09-22,358.0803527832031,361.9843745521678,357.3339943920161,360.3385548688589,89472600
2022-09-23,352.0808410644531,354.6356713333718,347.62181686473184,354.5973883012247,122346900
2022-09-26,348.5978698730469,354.2434061426016,347.3730754647319,350.607305955811,92581200
2022-09-27,347.70794677734375,354.42517373959924,345.3061901306675,352.1478150517164,108294100
2022-09-28,354.5495300292969,356.24318175796077,346.96154744867806,348.6647772350154,110802200
2022-09-29,347.14337158203125,351.27703369645445,344.18664256070633,350.9899839667711,112952300
2022-09-30,341.77532958984375,350.1288276674464,341.64138277467254,346.19607091427036,153711200
2022-10-03,350.7986145019531,352.65494737821973,343.7177718900961,345.50711675915556,89756500
2022-10-04,361.668701171875,361.69740614716403,350.76037254104983,356.3389202158151,103602800
2022-10-05,360.8266296386719,363.0944101650707,354.9514544776004,357.2862230097623,88065700
2022-10-06,357.10443115234375,362.3863509600016,356.6068393173464,359.4200436718051,82333500
2022-10-07,347.14337158203125,357.19052094050096,345.3731537119263,353.0568296246811,107789500
2022-10-10,344.4927978515625,348.502090968868,342.24417363850046,348.26287314182775,76042800
2022-10-11,342.3111877441406,347.37304595854516,340.3687398427891,342.7896234755218,92482800
2022-10-12,341.1820373535156,344.3014472178976,340.9332414645344,342.7226153717063,76991800
2022-10-13,350.1861877441406,351.65977770954976,333.096451291965,334.1490155529715,147254500
2022-10-14,342.2059020996094,354.2911917996768,341.5647854530019,352.6549207827784,123737000
2022-10-17,350.9995422363281,352.1095164641869,341.87098172888943,348.3107361814287,93168200
2022-10-18,355.1236877441406,359.2573792050148,351.6693668016211,358.9511733483431,97162900
2022-10-19,352.6070861816406,355.8126109872074,349.7843040689634,353.07594379032565,79746900
2022-10-20,349.650390625,356.5972865092172,348.8848759647924,352.15738908420826,88283100
2022-10-21,358.1473693847656,358.6353538939938,347.8610028428061,349.37284665803384,131038400
2022-10-24,362.5298767089844,363.6685560552677,357.0182878867323,359.67841851526555,85436900
2022-10-25,368.3190002441406,368.63475499876756,362.338553213012,362.45337312378547,78846300
2022-10-26,365.5439758300781,370.8641781012246,364.9028883902584,365.16123313746095,104087300
2022-10-27,363.592041015625,368.3955254058148,362.97005118304014,366.54877042964904,81971800
2022-10-28,372.2420959472656,372.7205316401089,363.30492070912123,363.4867286085135,100302000
2022-10-31,369.55328369140625,371.6488343281588,368.6442734105965,369.7733746190449,96631300
2022-11-01,367.9361572265625,373.5530165227909,366.75922416699274,373.3137986877374,85407600
2022-11-02,358.70233154296875,371.86888968118615,358.59708971899,367.3428780208254,126990400
2022-11-03,355.00885009765625,358.0612720504973,352.8845945254816,355.4490027437404,87100100
2022-11-04,360.11859130859375,362.5298969522744,354.0424515033242,360.74055193717084,103505200
2022-11-07,363.56329345703125,364.15654904195054,359.3339090978177,361.4198817033071,68286900
2022-11-08,365.52484130859375,368.5102751308282,361.4294332598936,364.67321182395386,84641100
2022-11-09,357.99432373046875,364.7020020044285,357.4967318827505,363.5441665136991,78495500
2022-11-10,377.6675720214844,378.0024828489434,369.0078976049732,371.31393196232233,141455800
2022-11-11,381.3228759765625,382.12664454328586,376.6341822019078,378.528798310085,93839900
2022-11-14,378.0790100097656,382.9207767926326,377.8015091368323,379.55260009193285,71903500
2022-11-15,381.3037109375,384.95896703985863,377.4762249751727,383.8489926066157,93194500
2022-11-16,378.394775390625,380.6242727188842,377.76323681489697,379.6674013983378,68508500
2022-11-17,377.2369384765625,377.9163381362893,373.3137894399865,373.61996606820946,74496300
2022-11-18,378.94976806640625,380.6529979395274,376.08873201022436,380.5860099351908,92922500
2022-11-21,377.5718688964844,378.74883118944996,375.7251141679959,377.6197299856339,51243200
2022-11-22,382.65283203125,382.81551300299,378.107693296842,379.5238733518545,60429000
2022-11-23,385.06414794921875,385.5521324382313,382.08826312540333,382.31790288493863,68261600
2022-11-25,384.9780578613281,385.53305962661244,384.2221504796513,384.49962216089574,30545400
2022-11-28,378.8349609375,383.5236249752819,378.0694462937125,381.87780499288607,67881600
2022-11-29,378.1842956542969,380.16499726824185,376.3375116508364,378.9689080128027,52310000
2022-11-30,390.0973205566406,390.0973205566406,376.509764364217,378.4330559976652,144566700
2022-12-01,389.810302734375,392.3173013046343,387.29372610500184,391.14033888821655,76398200
2022-12-02,389.36053466796875,390.2695449532932,384.7962687221607,384.90151055673,85342700
2022-12-05,382.3562316894531,387.46592136062503,380.99749068100294,386.52820609599246,77289800
2022-12-06,376.8446350097656,382.7389660938728,374.74911359581864,382.1935716115177,77972200
2022-12-07,376.20361328125,378.57666518211346,375.0649338273367,375.99310037712985,65927900
2022-12-08,379.1507263183594,380.2224176484129,376.3088170014075,378.09819110581316,60737900
2022-12-09,376.318359375,380.4711774858571,376.1939614285939,377.9067693033474,81447700
2022-12-12,381.7438049316406,381.7438049316406,376.4427299182758,377.112522286588,75405800
2022-12-13,384.6335754394531,392.7861087804528,381.8586543812398,392.5277640299923,123782500
2022-12-14,382.1744384765625,388.01135996614795,379.21770929936065,384.289116133772,108111300
2022-12-15,372.8258056640625,378.2034182224786,371.16085878407677,377.29437871823495,117705900
2022-12-16,368.4241638183594,371.6059498118414,366.2805608411349,370.2601841754804,119858000
2022-12-19,365.300048828125,368.95287477023777,363.62745650152823,368.6164260296432,79878100
2022-12-20,365.79998779296875,367.42452886238306,363.2141812072381,364.540732313434,74427200
2022-12-21,371.2695007324219,372.40378672559586,367.8666134174116,368.40491962893446,78167400
2022-12-22,365.9729309082031,371.25026808589166,360.25339056526093,368.21266617846675,100120900
2022-12-23,368.0781555175781,368.2223394674067,363.387175446534,364.9444207756689,59857300
2022-12-27,366.62664794921875,368.3088625380456,364.94443336039194,367.96282104652425,51638200
2022-12-28,362.0702209472656,368.53954750465414,361.8395266438076,366.5593138365044,70911500
2022-12-29,368.5875549316406,369.4623098415616,364.39642312891414,364.92513662505775,66970900
2022-12-30,367.61669921875,367.7608831535474,363.77163783487043,365.89605537101687,84022200
2023-01-03,366.06903076171875,371.4617146037878,363.19482778505363,369.48151058314164,74850700
2023-01-04,368.8952331542969,370.93311118520086,365.28086572711294,368.3376827734689,85934100
2023-01-05,364.6848449707031,367.04954946455626,364.08886516079207,366.9342023188302,76970500
2023-01-06,373.04779052734375,374.1724837328831,364.71363756802504,367.7896686448199,104189600
2023-01-09,372.83636474609375,378.4501802079773,372.6537513181587,375.2491501630905,73978100
2023-01-10,375.4510192871094,375.51831490424064,371.3079678453285,372.2500184786919,65358100
2023-01-11,380.1997375488281,380.27665522025575,376.2201134495904,377.037195029405,68881100
2023-01-12,381.5838623046875,383.0545970288231,377.21973899819983,381.3051164914086,90157700
2023-01-13,383.0642395019531,383.64100457532766,378.1041068077167,378.37325993055947,63903900
2023-01-17,382.3624572753906,384.72719084603705,381.6799671808479,383.0449767054199,62677300
2023-01-18,376.3257141113281,384.6214377091763,376.12385662771214,383.5544473888624,99632300
2023-01-19,373.586181640625,375.93164211812586,372.2596307570735,374.27826453413996,86958900
2023-01-20,380.5456848144531,380.6994907718625,373.33619557300165,374.98957294579395,91806400
2023-01-23,385.1117248535156,387.0534702139708,380.39190867323447,381.35317398077467,84178800
2023-01-24,384.6983947753906,385.61157923279035,382.23755789038205,383.4295175059516,59524900
2023-01-25,384.8426208496094,385.17906961727965,378.31562036458047,380.6130588238066,84800300
2023-01-26,389.0721435546875,389.2355715689227,384.53497000924045,387.5148984088141,72287400
2023-01-27,389.9661865234375,392.35013555798486,387.812961160295,388.02444074671047,68346200
2023-01-30,385.0732421875,389.43739462748607,384.7752523074501,387.19763017170663,74202000
2023-01-31,390.7351989746094,390.78325051393244,385.2463520169904,385.59242284079636,86811800
2023-02-01,394.8878173828125,397.64667374216685,386.76514229657437,389.51434727901096,101459200
2023-02-02,400.63616943359375,402.106904238457,396.88724045408844,398.7905270630348,101654500
2023-02-03,396.3777770996094,400.81881836953994,395.16657335854075,395.647206038585,94736800
2023-02-06,393.955322265625,395.35879064421636,392.29235216726823,393.91689277739385,60295300
2023-02-07,399.1077575683594,400.3573907721146,391.7829203949697,393.032553598725,90990700
2023-02-08,394.7435607910156,398.47327457670247,394.0514486520687,397.12750912194093,76227500
2023-02-09,391.321533203125,398.51180904846075,390.0911146487058,398.35800306222177,78694900
2023-02-10,392.2347412109375,392.6192415030363,389.3221082284389,390.13916034833926,70769700
2023-02-13,396.8391418457031,396.97373306906144,392.4269376283513,392.88835553423695,64913500
2023-02-14,396.6565856933594,398.9732095911578,392.68655472796934,395.31079060743565,88389300
2023-02-15,397.9446105957031,398.02149891037635,393.6092948018598,394.45521294070613,61555700
2023-02-16,392.4654541015625,396.9161177986782,392.33089219392804,392.9557088651088,76431500
2023-02-17,391.4849548339844,391.72527118315116,388.399271789129,390.3314246237872,89257800
2023-02-21,383.6314392089844,388.5050622625259,383.37190808859555,387.4476643610433,82655900
2023-02-22,383.10272216796875,385.59239604305503,381.6415799797693,384.0447434887899,83742300
2023-02-23,385.1405029296875,386.62085949157535,380.9013200493844,386.0056357074977,96242400
2023-02-24,381.0263977050781,381.86269393959924,378.3925398013232,380.103591101692,108194400
2023-02-27,382.32403564453125,385.7461375626413,381.3819851456519,384.3811280100192,80444700
2023-02-28,380.91094970703125,383.8139599905644,380.8051952827532,381.843378105278,96438600
2023-03-01,379.4499206542969,381.324400047159,378.1426137015987,380.09398142412203,99706800
2023-03-02,382.4009094238281,383.24682749916593,377.1331655318064,377.4696142211548,85127800
2023-03-03,388.5338134765625,388.7837518351791,383.57368114205974,384.2273344879158,90120000
2023-03-06,388.8030090332031,391.6675904235153,388.3608351727829,389.3605300454294,72795900
2023-03-07,382.8431396484375,388.9952613450141,382.22794508007405,388.75494500797566,108310600
2023-03-08,383.46795654296875,384.2273349889294,381.2281920235724,382.95848712046245,74746600
2023-03-09,376.3930358886719,385.9288005055939,375.4029338100162,384.2561789471598,111945300
2023-03-10,370.9619445800781,377.9311189281999,369.4335360708871,375.84516004328316,189253000
2023-03-13,370.4331970214844,375.2683898395796,365.9056454879313,367.0207168016272,157790000
2023-03-14,376.5565185546875,378.2098962725371,372.057774034171,375.3741515115561,149752400
2023-03-15,374.2013854980469,374.4032430136639,368.84713029743835,370.9427111182641,172996900
2023-03-16,380.7667541503906,381.1128248858043,371.32715193693457,371.8366213327071,143254200
2023-03-17,376.3146057128906,380.5699682371999,374.92509838056725,379.43135317104435,140553400
2023-03-20,379.9330749511719,380.34801891979464,376.3917839300492,377.09616685031443,93055800
2023-03-21,384.9218444824219,385.4043115062477,381.70859761316973,383.31039166596554,91524200
2023-03-22,378.3602294921875,388.3762484060382,378.3216533371149,384.7481168502928,111746600
2023-03-23,379.3831481933594,385.28854009810937,376.66202699883297,381.2358051510508,119351300
2023-03-24,381.8726501464844,381.9594906772583,375.745313041757,378.09975447868356,107682400
2023-03-27,382.5867004394531,384.9315126123636,381.6893188206897,384.15954768698845,74010400
2023-03-28,381.7279357910156,382.5867118272092,379.88490812660376,381.8919580974175,62871700
2023-03-29,387.27630615234375,387.5175396768628,384.69991915360174,385.9060867761969,77497900
2023-03-30,389.5438537597656,390.1710549480257,387.67187951037874,389.9201626937426,69840000
2023-03-31,395.0343933105469,395.3335205317909,390.36408625848367,390.4702443243022,112062600
2023-04-03,396.5396728515625,396.94492867550616,394.117678882102,394.5133053894906,67391100
2023-04-04,394.339599609375,397.47563517993467,392.95972157826725,397.18613730495184,66601500
2023-04-05,393.30706787109375,394.36850106229974,391.6473803668751,393.60619502760005,65200200
2023-04-06,394.8413391113281,395.12117821186206,391.4544114056551,392.50618591410193,63743300
2023-04-10,395.24664306640625,395.323854285077,391.73429825063636,392.35184076274294,63681000
2023-04-11,395.352783203125,396.76157868174016,394.5808477361319,395.87385583944314,59297900
2023-04-12,393.7413330078125,397.7168860870642,393.15273736359126,397.42738819941474,86420400
2023-04-13,398.97125244140625,399.3282733011196,393.68340364910426,394.83167743693525,85814800
2023-04-14,397.9967041015625,400.5344854544586,395.6808681891024,398.33443692050383,78161500
2023-04-17,399.4248046875,399.4440927674988,396.6747367439795,397.90985115526007,66436400
2023-04-18,399.6853332519531,401.14239312215904,398.30548459798973,401.0072882174601,63560000
2023-04-19,399.6177978515625,400.52480875839643,397.70721784941026,397.76511153607095,55227300
2023-04-20,397.43701171875,399.1931986267538,395.88345270091645,396.79049299637126,75840400
2023-04-21,397.7458190917969,398.2089685800001,395.7870041880718,397.73616032830944,73457400
2023-04-24,398.1607666015625,398.5853399658447,396.2019515357637,397.5431946362604,64332100
2023-04-25,391.8403625488281,396.7422434689911,391.7824688680539,396.18256529157753,97766700
2023-04-26,390.18072509765625,393.5387062510406,389.62107629581755,392.4579848078688,80447000
2023-04-27,397.948486328125,398.2186667054327,392.4772968783276,392.7281891742036,92968400
2023-04-28,401.3450012207031,401.3546599841194,397.00279811610284,397.0606918017015,89433100
2023-05-01,400.9397277832031,402.9757243479049,400.7081236035476,400.90112217868585,62122300
2023-05-02,396.4335021972656,400.2739503234408,393.5194119627244,400.22568595239403,103998500
2023-05-03,393.7123718261719,399.3572417840884,393.4711383189741,396.9352479486394,91531800
2023-05-04,390.9237365722656,392.98868012756435,389.5824641073576,392.6606060841038,94901900
2023-05-05,398.1607666015625,399.21254124798133,394.31068892506715,394.57121053373714,87891800
2023-05-08,398.266845703125,398.74931269823855,396.8580503226791,398.4887911219587,50046800
2023-05-09,396.52032470703125,397.6396516896296,396.2887499683726,396.7133232875461,49220100
2023-05-10,398.37298583984375,400.0037265657887,394.5325381303641,399.3668666271847,96142900
2023-05-11,397.6782531738281,397.9677215941515,395.593992205154,397.5045721216341,70157100
2023-05-12,397.15716552734375,399.13529781612647,394.72554254638004,398.9230111667802,70481500
2023-05-15,398.5274658203125,398.9327216758967,395.8449500403064,397.7651595905851,54289400
2023-05-16,395.86419677734375,398.34408437055214,395.8545380135922,397.417726473918,57705500
2023-05-17,400.6695861816406,401.2774699124527,396.240542315304,397.89057133669587,87287000
2023-05-18,404.529296875,404.95387019652003,400.1292001314732,400.3511161080979,97177200
2023-05-19,403.940673828125,405.9670411550364,402.71521822657564,405.4363392242152,103793300
2023-05-22,404.104736328125,405.6486366872359,402.7152289496702,403.96000211108804,60745400
2023-05-23,399.5695495605469,404.0371990614997,399.1739230541448,402.45469303589124,86383500
2023-05-24,396.67474365234375,398.3440901959979,395.5071816719006,397.9581224571478,89213700
2023-05-25,400.10986328125,401.5669229937081,397.94842061968114,400.1967038045329,90961600
2023-05-26,405.2915954589844,406.015296007875,400.6888705691221,400.7660523374588,93830000
2023-05-30,405.4459533691406,407.76178903576425,404.0564460796768,407.23108712480087,72216000
2023-05-31,403.19769287109375,404.5196477889496,401.6248456806696,403.6126074392259,110811800
2023-06-01,407.0284729003906,408.0899062054044,402.17485598730195,403.4292584266687,88865000
2023-06-02,412.91455078125,413.70577424390825,409.08376180385045,409.61446369986544,91426200
2023-06-05,412.1233215332031,414.5549446371605,411.41890910486813,413.26193659754,65460200
2023-06-06,413.02069091796875,413.5513928288073,411.05221735044984,411.70839483792156,64022200
2023-06-07,411.5925598144531,414.5549140739441,411.16798652558714,413.416299093552,85373300
2023-06-08,414.08209228515625,414.5356123994127,410.8881634082986,411.6600987550371,61952800
2023-06-09,414.8250732421875,416.8417815377222,413.8311925138149,414.88296691976683,85742800
2023-06-12,418.58837890625,418.6655901207844,415.08569304232174,415.80939357946767,76104300
2023-06-13,421.3481140136719,421.994603349192,419.38929903191627,420.0551058951808,95899700
2023-06-14,421.849853515625,423.6639342094121,418.38574387055274,421.6858312205728,100612100
2023-06-15,427.079833984375,428.3342365219858,420.9332085446694,421.0296783956768,110303100
2023-06-16,425.6250915527344,429.64443703691825,425.15052699072436,429.0730147226843,114165800
2023-06-20,423.4168701171875,424.56940938616935,421.3345614533151,423.67838900347647,76160400
2023-06-21,421.24737548828125,423.2328262923549,420.65656392245774,422.4289690630937,76982300
2023-06-22,422.7679443359375,422.874467164617,419.9495524578209,420.2885397836048,70637200
2023-06-23,419.5718688964844,421.36363393799417,418.85517470261544,419.3006849131147,92074500
2023-06-26,417.85760498046875,420.92779193386053,417.6154753664924,419.00044966479635,72823600
2023-06-27,422.4386901855469,423.05852660175333,418.2837379082009,418.7389427456429,72813700
2023-06-28,422.6517639160156,423.6686964256791,420.73408682017543,421.35392323417744,75636000
2023-06-29,424.31756591796875,424.48222704472147,421.8284961877175,422.23525734843753,67882300
2023-06-30,429.3247985839844,430.3126766273395,427.2231008300768,427.5427284266672,104964000
2023-07-03,429.8187561035156,430.099605137091,428.6952712987132,428.9761498891222,32793400
2023-07-05,429.1795349121094,429.9156183055728,427.98824671850423,427.99794136005,58418400
2023-07-06,425.81878662109375,426.2449370649579,423.3006329683059,425.5863516723805,80658300
2023-07-07,424.7437438964844,428.705010268812,424.50161428998615,424.8212419223924,86134200
2023-07-10,425.81878662109375,425.9931128326287,423.8139465179375,424.3853688047475,62443500
2023-07-11,428.5306396484375,429.02459348677553,425.60572474369303,426.5839377782571,64463800
2023-07-12,431.97857666015625,433.3926348395561,430.90353539722554,432.33695330463644,91924500
2023-07-13,435.4070739746094,436.20126605489855,433.3635145986812,433.7993300889627,72425200
2023-07-14,435.1359558105469,437.15046112494997,434.3708179806255,436.29818974063414,69815800
2023-07-17,436.6468200683594,437.7025015489115,434.9422182723966,434.9906619251845,52680200
2023-07-18,439.891357421875,440.5402481729128,435.88167721390397,436.3175222997564,80668200
2023-07-19,440.86956787109375,442.0608265336728,439.8138568520883,440.6855470187412,65891700
2023-07-20,437.9446716308594,440.77275854863626,437.22797742622265,439.87204347142995,70591600
2023-07-21,437.9446716308594,439.87204347142995,437.9350065448764,439.66863331321855,71275600
2023-07-24,439.9010314941406,440.7145833337671,438.0608230459974,439.09714473903944,54023400
2023-07-25,441.10205078125,442.36111295935297,439.58146970198135,439.6299133591932,55191200
2023-07-26,441.1697998046875,442.60318803571505,439.10685100534744,440.16253245222157,71052900
2023-07-27,438.2448425292969,444.97605663564536,437.33443294941236,444.5692659386792,92194400
2023-07-28,442.5354309082031,443.3683425271831,438.2448720243851,441.5281635177411,80011800
2023-07-31,443.3780822753906,443.7364293831208,441.69284002518833,443.0100405246931,62040400
2023-08-01,442.1092834472656,442.85503196396667,441.15043014655225,441.9058733052999,55291500
2023-08-02,435.9591979980469,439.24246004875226,435.2037548181366,438.9809707176882,93933400
2023-08-03,434.7097473144531,436.59836980954043,433.2860242407128,433.9349445023742,64276100
2023-08-04,432.74371337890625,438.6419870167452,432.2207051555838,436.5306239523306,100128900
2023-08-07,436.52093505859375,436.67590155483515,433.88656373616396,434.58389819083175,58357500
2023-08-08,434.6226501464844,436.511272928073,431.25219533329926,433.97372978638265,71361300
2023-08-09,431.7170715332031,435.05847179517355,430.95193373062347,434.89381066417457,78789600
2023-08-10,431.8720397949219,437.47976956144277,430.7001408163222,434.08026054677345,93005500
2023-08-11,431.6202087402344,432.6371707700478,429.39262829617013,429.9931049607352,68690900
2023-08-14,434.0028076171875,434.0028076171875,430.3902525554547,430.70018556678906,47867400
2023-08-15,428.94708251953125,432.579026131367,428.37563071458953,432.22064953392635,75707500
2023-08-16,425.7994079589844,430.19645984639186,425.6928555743393,428.5306071554129,80107200
2023-08-17,422.554931640625,427.5331012079108,422.03192339080096,427.2716118614178,95711300
2023-08-18,422.7582702636719,423.79459201752337,419.3781505964978,419.7268030238674,98852000
2023-08-21,425.50885009765625,426.2545985897725,421.6154169550539,423.77519396809026,68719000
2023-08-22,424.35626220703125,427.2908713006881,423.7945346311659,427.2908713006881,64994200
2023-08-23,429.0826721191406,429.70253803409815,425.27640219751186,425.4216740348195,68441000
2023-08-24,423.1360168457031,431.203762091387,423.10693291921746,430.6904485230162,88517300
2023-08-25,426.1190185546875,427.40713495192443,421.30548118508113,424.8696216104319,102325100
2023-08-28,428.82122802734375,429.44106445082383,426.1190533411667,428.31757952912716,61595400
2023-08-29,435.0197448730469,435.30062349579674,428.53065951997604,428.71468038762214,83081900
2023-08-30,436.8114318847656,437.45065748608874,434.65162551469643,435.35865448816713,69053900
2023-08-31,436.1722106933594,438.5741170969809,435.9881898567165,437.43127262707503,66084600
2023-09-01,436.9858093261719,439.38774554402755,435.523337117232,438.9034863550366,58944100
2023-09-05,435.0971984863281,436.8599090757818,435.02942466122306,436.540311007373,55166200
2023-09-06,432.1722717285156,434.39018708961373,429.838138891174,434.2836346985003,70758500
2023-09-07,430.8453674316406,431.52331250087747,428.81147311026496,429.1601255075583,70355400
2023-09-08,431.49432373046875,433.03426449961563,430.53549993531846,430.8938470281792,61659700
2023-09-11,434.3320617675781,434.64196517344953,432.41438481227607,434.12865163508343,60180100
2023-09-12,431.94952392578125,434.4095690069945,431.36843651488084,432.8793228968955,67565400
2023-09-13,432.4532165527344,433.6154210499657,431.0682125971951,432.1723379042466,60199300
2023-09-14,436.1819152832031,436.87924968605284,433.6250421773107,434.9325478772583,83430800
2023-09-15,430.9266357421875,434.9213023430874,430.48928297200206,434.5908481408062,111848900
2023-09-18,431.1793518066406,432.48174061270794,430.1393746648626,430.61561312782504,55752200
2023-09-19,430.2852478027344,430.84898659799615,427.59299907972445,430.256090945124,66514600
2023-09-20,426.32940673828125,431.96661554798703,426.1252791165085,431.54869078908297,82562600
2023-09-21,419.28289794921875,423.7343455427682,419.12738484772433,423.47193386836017,104095800
2023-09-22,418.3401184082031,421.9168307442946,417.922163972963,420.31314452968047,100829700
2023-09-25,420.0993347167969,420.13819074776075,416.68783452035365,417.12521698798207,70874500
2023-09-26,413.92755126953125,417.7569763279254,413.09167201085535,417.04745332495224,96168400
2023-09-27,414.0927734375,415.66733259102807,410.4383190788538,415.1035938461481,104705800
2023-09-28,416.4934387207031,418.1748963964089,412.94588306815257,413.53877864718345,92258300
2023-09-29,415.4826354980469,419.72998517929483,413.9566909765415,419.55504406068815,115111300
2023-10-02,415.31744384765625,416.57124800501185,412.5474238232593,414.64680648403083,83798600
2023-10-03,409.7579040527344,415.3756848487803,408.38747270874785,413.1305182978698,103760600
2023-10-04,412.7418518066406,413.49023095380085,408.7569130391789,410.22454413590464,87453000
2023-10-05,412.5862731933594,413.4318516223271,409.34974374781166,412.45018810032917,70142700
2023-10-06,417.4847717285156,419.0301440919005,408.79567454488847,410.1272201224604,113273300
2023-10-09,420.1575927734375,420.731030595671,415.0257795621555,415.57975971039184,80374400
2023-10-10,422.3445129394531,424.94929081738496,420.39091470045764,420.7894114868797,78607300
2023-10-11,424.0745544433594,424.3272372952325,421.0226652550823,423.41364596754795,62451700
2023-10-12,421.48919677734375,425.06590928014145,419.12740262422676,424.68687017880916,81154200
2023-10-13,419.3897705078125,424.2008585345048,417.81524123684835,422.99563948795424,95143100
2023-10-16,423.80242919921875,424.8715633375277,421.4017492227363,421.64473290593867,75433200
2023-10-17,423.782958984375,425.84348547229143,420.313174633327,420.66305688946227,75324700
2023-10-18,418.13604736328125,422.966564336601,417.04748517116894,422.0043584098401,93559800
2023-10-19,414.4621276855469,420.6728049658076,413.7817911582514,418.8552917318818,121323000
2023-10-20,409.369140625,414.56899671901874,409.262212394168,414.0247157104838,123919900
2023-10-23,408.65966796875,412.5377077081286,406.0743180295289,407.83351751664156,92035100
2023-10-24,411.74066162109375,412.8972661743781,408.93175637423457,410.78815502983304,78564200
2023-10-25,405.831298828125,410.0786781386675,405.31617465313394,410.0495212857847,94223200
2023-10-26,400.97161865234375,405.61746498467414,400.04829855300767,404.76218742791497,115156800
2023-10-27,399.15411376953125,402.9641106372074,397.72536865178915,402.5656138725483,107367700
2023-10-30,403.9263000488281,404.98570521187486,400.6508851667013,401.9532739816695,86562700
2023-10-31,406.4630432128906,406.78376856551466,402.58500416463113,404.4997164265325,79665200
2023-11-01,410.79791259765625,411.6143341639396,406.9004450659712,407.4350269329694,98068100
2023-11-02,418.67059326171875,418.8261063702263,414.58845573140115,414.60788374705487,94938900
2023-11-03,422.4902648925781,424.0453662261893,420.8574218397773,420.98377808691504,100167800
2023-11-06,423.46221923828125,423.909300881896,421.5086210577569,423.2483924241886,67831700
2023-11-07,424.66741943359375,425.30889989202655,422.31535408043305,423.46222990258883,64256100
2023-11-08,424.97845458984375,425.7948761919887,422.6652452198862,425.2700231402192,61746000
2023-11-09,421.66412353515625,426.1641856948334,421.2364699177512,426.12530000386255,83174400
2023-11-10,428.244140625,428.555166852525,421.6544244424177,423.74410780896307,89462200
2023-11-13,427.8359375,428.943927633025,426.1156237608668,426.9028884941221,52236100
2023-11-14,436.1362609863281,437.4289210638544,433.57033918584983,433.79389484093616,97176900
2023-11-15,437.0596008300781,438.7119017300807,436.2042935247165,437.47752564394085,77327600
2023-11-16,437.59417724609375,437.9149026510406,435.54337957445466,436.612513692767,66665800
2023-11-17,438.1384582519531,438.7507818678595,436.6805561802118,437.60387636232514,83133200
2023-11-20,441.51104736328125,442.35662577021293,437.8759915717595,437.8857204098918,69936200
2023-11-21,440.548828125,441.38470738571004,439.2755960485925,440.4613575618605,49244600
2023-11-22,442.2497253417969,443.57157198394486,441.1514640241976,442.2108693090085,59394900
2023-11-24,442.5218200683594,442.71621885655264,441.96783987808084,442.29829408913685,29737400
2023-11-27,441.724853515625,442.70648730503876,441.3360559416218,441.8900657895949,50506000
2023-11-28,442.1622314453125,443.4646203412509,440.7723719885752,441.3360810451993,62115000
2023-11-29,441.8512268066406,445.45712595738206,441.4527596750205,444.3199492892873,63146000
2023-11-30,443.59100341796875,443.9409153434161,440.61688552658904,442.69684007944744,79752700
2023-12-01,446.2152099609375,446.7497621614447,442.385785013724,442.97865092115586,89183400
2023-12-04,443.87286376953125,446.23465798918113,441.5888112755702,442.81345849809685,72430900
2023-12-05,443.7853698730469,444.74757569096187,442.1039122401313,442.482980993305,69793500
2023-12-06,441.9970703125,445.96255116642374,441.5596877967964,445.93339430944985,69124700
2023-12-07,445.3695983886719,446.02077795454375,443.4840429089197,444.0866376096692,66995400
2023-12-08,447.2843933105469,447.81894556995786,444.37828817680423,444.6212718694629,83194400
2023-12-11,449.0240783691406,449.1990491481444,446.5748137350945,446.78864054401777,65002200
2023-12-12,451.0749206542969,451.17212006092257,447.67314905005793,448.6742406500045,68327600
2023-12-13,457.2952880859375,457.54800060597285,451.0943397950226,451.4539508974767,93278000
2023-12-14,458.7629089355469,460.43463781217446,456.08035966207416,459.23914744875873,119026000
2023-12-15,458.0074768066406,459.34445079528814,456.1533199545878,458.16362040636614,141553700
2023-12-18,460.5838623046875,461.56950587867277,458.5540548031128,459.61775529658735,70375300
2023-12-19,463.3846435546875,463.46273025955963,461.05231697495356,461.1303738984737,55761800
2023-12-20,456.9633483886719,464.4190197192671,456.5339609015259,462.52581937540066,102921000
2023-12-21,461.2962951660156,461.569539075906,457.5294007853641,459.95932090479425,86667500
2023-12-22,462.2232971191406,463.91157198973565,460.320358287861,462.4282225788341,67160400
2023-12-26,464.1750793457031,465.0826362249441,462.5551227779302,462.6332094792943,55387000
2023-12-27,465.0143127441406,465.16068807154204,463.4333996455085,463.9701191064298,68000300
2023-12-28,465.19000244140625,466.0292409103148,464.770383206952,465.37542113223043,77158100
2023-12-29,463.84326171875,465.5217683364712,461.8817429403466,464.9947873638026,122283100
2024-01-02,461.2474670410156,462.2428789339532,459.1395727623468,460.76929766113875,123623700
2024-01-03,457.4805908203125,459.82268558708614,456.8755528985423,459.08101082809003,103585900
2024-01-04,456.0069885253906,459.59820232067887,455.78252649517907,457.0023705654277,84232200
2024-01-05,456.631591796875,459.0907868763805,455.17751732207205,456.21194277640495,86118900
2024-01-08,463.15045166015625,463.2968270078377,457.00241902536396,457.1292875871387,74879100
2024-01-09,462.44775390625,463.47241097446175,459.97879079150385,460.4862351844952,65931400
2024-01-10,465.0631103515625,465.9316536258223,462.4380035262674,462.7210156897323,67310600
2024-01-11,464.85821533203125,466.5855039297226,460.8668888410367,466.0682912006048,77940700
2024-01-12,465.1802062988281,467.053899879707,463.76520505733885,466.31222516082903,58026400
2024-01-16,463.4723815917969,465.1118447095382,461.6474998115477,463.7944370714564,85014900
2024-01-17,460.8961486816406,461.3840863262476,458.53451737794865,460.437486104456,68843900
2024-01-18,464.9947814941406,465.55103752597205,461.02299191896157,462.5746299698475,91856200
2024-01-19,470.7914733886719,471.07448554013826,465.04358385174015,466.1267910466401,110834500
2024-01-22,471.78692626953125,473.51421483133913,471.1330767139442,472.33341405568575,75844900
2024-01-23,473.1628723144531,473.4068411336017,471.2404266096584,472.333402154428,49945300
2024-01-24,473.6801452636719,476.97857889434994,473.1824393105692,476.0417469073494,81765000
2024-01-25,476.25640869140625,476.529652576822,473.6801134548218,475.817252905647,72525000
2024-01-26,475.6513671875,477.3201055543282,474.8023604707163,475.8270175879346,76641600
2024-01-29,479.4182434082031,479.564648526909,475.4171785408518,475.9636663212125,61322800
2024-01-30,479.0474853515625,479.75985532747427,478.28627395589757,478.7254297947268,58618400
2024-01-31,471.2306823730469,477.2810915278646,471.21114580645406,476.8321972165028,126011100
2024-02-01,477.39825439453125,477.427529465081,472.1285034447494,472.9384966988815,91891600
2024-02-02,482.4239196777344,484.08288967850467,477.49573196105774,477.8372942434172,99228200
2024-02-05,480.6673583984375,482.45322684265506,478.4033503772612,481.7896387981956,75757100
2024-02-06,482.0628662109375,482.3946602218278,480.1794043465866,481.6139421538367,55918600
2024-02-07,486.08349609375,486.5031153279947,483.40957750278733,484.3171641716027,70556500
2024-02-08,486.2981262207031,486.67870205411396,485.2637009137391,486.0834324901249,52343600
2024-02-09,489.10870361328125,489.5478296216965,486.46406015452993,486.805622459753,63979400
2024-02-12,488.8940124511719,491.3532074553824,488.171844486811,489.0794311383801,56502300
2024-02-13,482.1604309082031,485.0978249437322,478.8815043599049,482.5995866836909,113099200
2024-02-14,486.5421142578125,487.03005186648363,482.4727014977024,484.80505756219736,68387800
2024-02-15,489.899169921875,490.08458861177627,486.7665887596598,487.2447879089923,61683000
2024-02-16,487.4595031738281,490.7384300384019,486.7178283814998,489.5966725621618,75532900
2024-02-20,484.77581787109375,486.3860061409344,482.5215483370468,485.7126498093255,71736700
2024-02-21,485.2149658203125,485.3711094473026,481.6530268123209,483.46817041739837,59293400
2024-02-22,495.2567443847656,496.2228514595425,490.88481205787525,491.8509489140047,76402500
2024-02-23,495.5982360839844,497.8232303927623,494.8663296695002,496.9839622178527,61321800
2024-02-26,493.7831115722656,496.4765368105967,493.65624302388784,496.03738103257336,50386700
2024-02-27,494.7004699707031,494.9249320161117,492.5730689156793,494.47603770664597,48854500
2024-02-28,494.046630859375,494.63213220475586,492.7779751212326,493.13904421133424,56506600
2024-02-29,495.82269287109375,497.4426493891131,493.15857245054144,495.8129543697353,83924800
2024-03-01,500.4776611328125,500.9070486793677,496.29117722592895,496.7010579863145,76844800
2024-03-04,499.94091796875,501.79510491460894,499.64816728327304,499.6774721331723,49799300
2024-03-05,494.94439697265625,498.3794968768046,492.72917089960293,497.9305728239268,72855600
2024-03-06,497.452392578125,499.71643023233077,496.15449164144957,498.2330808403037,68382400
2024-03-07,502.3903503417969,503.444312321391,497.5109739434722,500.76065530231244,58652100
2024-03-08,499.3749084472656,505.7180680999103,498.7991455954804,503.0247023113752,86532500
2024-03-11,498.94549560546875,499.53102671053773,496.2325636072866,498.1648073196095,62557200
2024-03-12,504.3128356933594,504.89833701294907,498.53561138081784,501.063154462892,73114400
2024-03-13,503.52239990234375,504.81056257365884,502.0781233751302,504.6349121497578,55104100
2024-03-14,502.5269470214844,504.65434781363956,499.47245287518706,504.4981744262601,110171800
2024-03-15,499.0762939453125,500.90687568424926,497.4023708325974,499.4482834978892,107646300
2024-03-18,502.0424499511719,504.6071826366265,501.63132556015915,503.15841876026013,88893300
2024-03-19,504.8323669433594,505.11622858588777,500.3391555977347,501.3474589189953,60755300
2024-03-20,509.50164794921875,509.6387093094879,504.2155844238929,504.89103284492313,69594600
2024-03-21,511.1854248046875,513.0551115347323,510.9015034375711,512.3503269289863,60256100
2024-03-22,510.21636962890625,511.5868041997834,509.98138165457397,511.09735047851973,79070800
2024-03-25,508.8066711425781,509.9617745975222,508.65001251438474,508.83600729301406,48512100
2024-03-26,507.866943359375,510.5785359636074,507.465617616324,510.23588252659715,65463700
2024-03-27,512.135009765625,512.1742043034125,508.5326374076675,510.70584308288664,82999800
2024-03-28,512.0371704101562,513.5446665016425,511.75330873481045,512.1742318042299,96294900
2024-04-01,511.146240234375,513.3194456399708,509.98133808737305,512.7810585421283,62477500
2024-04-02,507.8963317871094,508.0333334121318,505.5860649599207,507.3089515099197,74230300
2024-04-03,508.4543151855469,509.9618709649284,506.7510257055767,506.79995913072383,59155800
2024-04-04,502.2480163574219,512.8202041062084,501.944557459695,512.4776104224978,96858100
2024-04-05,507.4949645996094,509.4625780657706,503.1682105494758,503.6087308363095,74546500
2024-04-08,507.77880859375,509.2080348808952,506.9663584849502,508.1997913461109,48401800
2024-04-09,508.3661804199219,509.76601078340246,503.5009797426477,509.52128394193176,68049200
2024-04-10,503.2758483886719,505.2727978988181,501.288697511792,502.6493333372583,82652800
2024-04-11,507.0740051269531,508.52276887946033,501.2788903691615,504.8029329149541,70099000
2024-04-12,500.0748291015625,504.93999985889445,498.3421439610696,503.52057224224995,92561100
2024-04-15,493.809814453125,504.4309350820484,492.9581399821633,504.2645375653604,92101400
2024-04-16,492.9092712402344,495.81662758608945,491.6171062256577,494.2895343411842,73484000
2024-04-17,489.9920959472656,495.54251414976056,488.59226550978076,495.37608674425394,75910300
2024-04-18,488.9837951660156,493.49657364344756,488.0440524623093,491.39192878796825,74548100
2024-04-19,484.71575927734375,489.9039562000147,483.4431618183188,488.90548147354247,102212600
2024-04-22,489.1795959472656,491.78349315664354,484.98007493251976,487.3294466640699,67961000
2024-04-23,494.9844970703125,495.4152186955436,488.99358884976584,491.19613039401867,64633600
2024-04-24,494.74957275390625,496.66822281618226,492.5176651664761,495.87531024392956,55928100
2024-04-25,492.8700866699219,493.6336332615344,486.9966421578613,488.6509980853357,69122400
2024-04-26,497.53948974609375,499.1253149704082,495.03348916650594,495.6697730082035,64306100
2024-04-29,499.3014831542969,499.976931619229,496.55075587636594,499.33084917999474,46415400
2024-04-30,491.39190673828125,498.8120110716739,491.39190673828125,497.83310375268974,77483600
2024-05-01,489.7962951660156,497.4709251521688,489.3264088866621,490.80456853459987,80242800
2024-05-02,494.3775634765625,495.21943930763115,489.0131405991214,493.51612025365716,62550200
2024-05-03,500.5055847167969,501.7389877556503,497.83315669716075,500.37832197197366,72756700
2024-05-06,505.6741943359375,505.7133291220876,502.47314807215434,502.9136683443448,47264700
2024-05-07,506.232177734375,507.6320081205366,505.55672925106126,506.64330210533313,52561300
2024-05-08,506.2811279296875,506.81951505793313,504.2743796801718,504.39184379005206,42047200
2024-05-09,509.1982116699219,509.23740620188596,505.8112305297066,506.4670817147218,43643700
2024-05-10,509.85418701171875,511.61620848759463,508.6305526885036,510.8036985676043,52233200
2024-05-13,509.9225769042969,511.6454633171765,508.7772720891876,511.5377978533116,36716400
2024-05-14,512.2621459960938,512.7809955114608,509.5799497220426,510.11833675370696,57535900
2024-05-15,518.6055297851562,518.8991900209113,514.1025204284623,514.7388340623975,59504900
2024-05-16,517.53857421875,520.3088989892751,517.3917142043874,518.7034764563527,50244800
2024-05-17,518.282470703125,518.3510013823711,516.1973934194888,517.6559557052394,59187600
2024-05-20,518.8795776367188,520.3479385204677,518.008335839566,518.3999226410019,37764200
2024-05-21,520.1522216796875,520.308880322423,517.9105452430766,518.1161373062547,33437000
2024-05-22,518.654541015625,520.1718355844711,516.4715368155097,519.4572522789621,48390000
2024-05-23,514.8661499023438,521.8261670726438,513.6522545564001,521.7185015997201,57211200
2024-05-24,518.272705078125,519.085214900637,515.766704674741,516.7162161167117,41291100
2024-05-28,518.6349487304688,519.3201958884637,515.991886691213,519.0852676623554,36269600
2024-05-29,515.003173828125,516.1876733248712,514.2885905251699,514.5920494378546,45190300
2024-05-30,511.58673095703125,514.1221271592083,510.3337606788209,513.4564773633216,46377600
2024-05-31,516.246337890625,516.3736006194137,507.42637356021385,512.546099366396,90785800
2024-06-03,516.667236328125,518.145395840209,511.57690666155213,517.8615342459523,46835700
2024-06-04,517.244873046875,517.9888521983294,513.8872279798754,515.3555890163468,34632700
2024-06-05,523.3924560546875,523.4120533239656,517.5777431174533,519.5747526551082,47610400
2024-06-06,523.382568359375,524.1265474920779,521.4443509593684,523.6958258756584,30808500
2024-06-07,522.746337890625,525.5655959158784,521.3073129777647,522.4036844600561,43224500
2024-06-10,524.3615112304688,524.6845674016187,521.3367208253204,521.9338399994415,35686100
2024-06-11,525.624267578125,525.6829996240797,520.8275980833798,522.8050098767842,36383400
2024-06-12,529.9413452148438,532.6431394508022,528.903705663851,530.2056693568137,63251300
2024-06-13,531.0083618164062,531.8698051580913,528.2087008298147,531.6936089856242,44760900
2024-06-14,531.3313598632812,531.3606960149307,528.463108751092,529.4714120000464,40089900
2024-06-17,535.5601806640625,536.9600707352853,530.1859889386527,530.6461064563005,55839500
2024-06-18,536.9209594726562,537.0482222261405,535.1980727311192,535.6189957819628,41376400
2024-06-20,535.4623413085938,538.5165275797466,533.6807226924603,537.8508777255481,70328200
2024-06-21,534.7444458007812,535.8640147535098,533.2811779308804,534.6364329914431,64338600
2024-06-24,533.0061645507812,537.1406814551851,532.8883214982557,534.5676749075179,45528700
2024-06-25,535.0587768554688,535.4221363045356,532.7116258646143,534.2338154405055,37936200
2024-06-26,535.7265014648438,536.4433900198844,533.2909984741738,533.9391352589275,38550600
2024-06-27,536.5711059570312,537.1505509580609,534.8426611396433,535.589040487199,35041500
2024-06-28,534.4595947265625,540.4109684989184,533.2124124479245,537.3468693543182,76144500
2024-07-01,535.5595703125,536.08986404863,532.7901386983468,535.8443476992247,40297800
2024-07-02,539.1636962890625,539.1636962890625,533.8998405072027,533.9489317855893,40434800
2024-07-03,541.56982421875,541.9331836330194,538.8102227549504,538.8494837936086,32789900
2024-07-05,544.6928100585938,545.0954305299725,541.2359204016998,541.874286937383,41488400
2024-07-08,545.3213500976562,546.2739248445872,544.2508723475028,545.478454201086,36110500
2024-07-09,545.8516845703125,547.1872793408481,545.557076891595,546.2837958126063,27289700
2024-07-10,551.2529907226562,551.596689657151,546.7846048716298,547.079212521271,38701200
2024-07-11,546.4996948242188,552.244812960266,545.8613883249984,551.370760432176,53054200
2024-07-12,549.94677734375,553.5607707150377,547.1577452576701,547.6291174546383,53084400
2024-07-15,551.459228515625,554.7098626844446,549.5932802263559,551.9502612295888,40584300
2024-07-16,554.7294921875,555.0240998431519,552.0189818744624,552.7751914744023,36475300
2024-07-17,546.9515991210938,550.4575803871115,546.6275007007323,548.7782266894483,57119000
2024-07-18,542.748291015625,549.4853058775749,540.5583041390183,548.4934101354552,56270400
2024-07-19,539.14404296875,544.1427819375705,538.0833956151523,542.5125199017892,65509100
2024-07-22,544.70263671875,545.3115125146927,541.1377342686712,543.0822047176163,43346700
2024-07-23,543.8482666015625,546.7551421476373,543.3572338468313,544.5945860387156,34439600
2024-07-24,531.5232543945312,539.3208563195052,530.6001104911534,539.0164184333124,74515300
2024-07-25,528.7537841796875,537.6415236413737,527.8110397958803,531.6410587361225,61158300
2024-07-26,534.6757202148438,537.3764002236553,531.7786151263786,532.5544851999327,53763800
2024-07-29,534.989990234375,537.2388985619386,532.9865383315928,536.2274023059714,39515800
2024-07-30,532.2794799804688,537.5237359172042,528.8619113563942,536.463088435743,46853600
2024-07-31,540.9314575195312,543.5732159258974,537.7594053591405,539.1342609978949,65663400
2024-08-01,533.2713012695312,544.9185816284977,529.7554906256498,542.6598433710025,76428700
2024-08-02,523.3426513671875,527.3592651002363,519.1197223906057,526.1415136511895,82789100
2024-08-05,508.10107421875,514.1898925589088,501.1185726401647,502.46402760588046,146267400
2024-08-06,512.7854614257812,520.2491343271334,508.58219283381527,509.90795711875484,84826300
2024-08-07,509.3580017089844,522.056159772471,508.75895621515167,518.9920606530759,70698300
2024-08-08,521.133056640625,521.7615329757872,512.4810623968182,514.513885136989,63276600
2024-08-09,523.4310913085938,524.9238500782335,519.0805482528909,520.3081301514704,45619600
2024-08-12,523.7060546875,526.1218973002085,521.4276556811567,524.6291985957554,42542100
2024-08-13,532.3187255859375,532.5544716398305,526.6620790433668,526.9075954015528,52333100
2024-08-14,533.9981689453125,535.1864898975554,530.4332660291113,533.1142859308474,42446900
2024-08-15,543.15087890625,543.4356562731828,539.036022778579,539.644898487546,60846800
2024-08-16,544.3687133789062,545.066001447727,541.3734256554437,541.5305297582873,44430700
2024-08-19,549.5736083984375,549.5736083984375,543.926732304356,544.7811244137845,39121800
2024-08-20,548.6799926757812,550.7816271772597,547.3345677707505,549.1219341274782,33732300
2024-08-21,550.5654907226562,552.028758554174,544.7811112258051,549.7307591225532,41514600
2024-08-22,546.2444458007812,553.079643286425,545.0266941664444,552.4707674692565,56121500
2024-08-23,552.0484619140625,552.9912663344013,547.2952387130678,549.4951156938582,50639400
2024-08-26,550.7324829101562,553.7965224345438,549.023698553154,553.0796338099561,35788600
2024-08-27,551.4886474609375,551.9796801643517,548.3067651332959,549.4557648759409,32693900
2024-08-28,548.2871704101562,551.5771258819644,545.0856272093944,551.1450146535084,41066000
2024-08-29,548.336181640625,553.5706069059922,547.187181927915,550.2610513664456,38715200
2024-08-30,553.5706176757812,554.0813108649274,547.1479315360851,550.7128337345928,62700100
2024-09-03,542.1786499023438,550.7520611429293,539.6547347846964,550.4181325533738,60600100
2024-09-04,541.0689697265625,544.486538299349,539.6057018017893,540.3324206417021,47224900
2024-09-05,539.7529907226562,543.8678474559043,537.2879967926923,541.0100633006934,44264300
2024-09-06,530.6687622070312,541.7071659870858,529.765278963603,540.0769640517367,68493800
2024-09-09,536.6103515625,537.8870845889743,532.9472666463545,534.8819667353457,40445800
2024-09-10,538.9476318359375,539.3012209232795,533.6346845678008,538.525350920473,36394600
2024-09-11,544.476806640625,545.3999507250875,530.2761760751968,538.8594200410873,75248600
2024-09-12,549.06298828125,549.367426167289,542.8268368290717,545.0561445387712,51819600
2024-09-13,551.9306030273438,552.9323289489466,549.4165179190511,549.6718645218532,39310500
2024-09-16,552.7457275390625,553.0108444429941,549.8584528057411,551.6654196124157,36656100
2024-09-17,552.9715576171875,556.4186166721934,550.7324197918623,554.9651191583721,49321000
2024-09-18,551.3316650390625,558.490901856176,550.7718804407737,553.6296650314812,59044900
2024-09-19,560.7396850585938,562.6056333019461,557.8917313519955,560.769175792154,75315500
2024-09-20,559.7704467773438,560.8146268159833,556.7363903893743,559.3665913435013,77503100
2024-09-23,561.169189453125,561.8193743965802,559.6226102686882,560.844157105768,44116900
2024-09-24,562.77490234375,562.8340046033333,559.1301026711176,561.9671313798626,46805700
2024-09-25,561.5336303710938,563.3560600605995,560.4204878396197,562.6172518383486,38428600
2024-09-26,563.7599487304688,566.1340196278296,561.3957983542562,565.8089271560161,48336000
2024-09-27,562.9423828125,565.6513467687856,561.9080631449755,564.8337754824404,42100900
2024-09-30,565.1981201171875,565.8088634048895,559.6028866955652,561.9079345557661,63557400
2024-10-01,560.1348876953125,565.4937128909536,557.5539888818164,564.8435880512217,72668800
2024-10-02,560.3712768554688,561.3957961263619,556.8348816397765,559.2384735935616,38097800
2024-10-03,559.3468627929688,561.297297524576,557.0516147695683,558.8937053770586,40846500
2024-10-04,564.4298706054688,564.8042049873783,559.6226860293051,563.8092667683229,42939100
2024-10-07,559.3270263671875,563.4249826851416,558.1745024571716,562.7747978261029,49964700
2024-10-08,564.6170043945312,565.2179475242848,561.0313670329389,561.9080405471897,37398700
2024-10-09,568.52783203125,569.0893336080857,564.006298346405,564.6071813915806,37912200
2024-10-10,567.5328369140625,568.9612116462271,565.9172950083815,567.1782233614125,44138100
2024-10-11,570.9313354492188,571.6701437051296,567.3160570940822,567.4539823983677,42268000
2024-10-14,575.6005859375,576.5364217400751,572.0641306807273,572.54680911459,36217200
2024-10-15,571.1283569335938,576.1719497636773,569.9068101256781,575.8665780927906,54203600
2024-10-16,573.6107788085938,574.1328988912752,570.320652695686,571.1284236895626,30725400
2024-10-17,573.659912109375,577.3736738739761,573.472744961771,577.1667859347198,34393700
2024-10-18,575.8665771484375,576.6546272535265,573.8865614270069,575.3543175241635,37416800
2024-10-21,574.9208374023438,576.1226031998164,571.9360234514867,575.1375256119741,36439000
2024-10-22,574.615478515625,575.7778628801683,571.7193479380794,572.3793331017681,34183800
2024-10-23,569.364990234375,573.0295101570803,565.8482560008526,572.5862132138965,49314600
2024-10-24,570.596435546875,571.4042065299044,567.966294746531,571.3253834738008,34979900
2024-10-25,570.3993530273438,575.7385172942365,569.4537169426869,572.832526139626,47268200
2024-10-28,572.1626586914062,574.0146094523058,571.8572870300009,573.8865445500035,30174700
2024-10-29,573.0886840820312,574.2116269876768,569.798498044357,571.1972915711463,42899700
2024-10-30,571.3549194335938,574.6155241758808,570.645632233565,572.615787609554,41435800
2024-10-31,560.1546020507812,567.0402856066526,559.957574484397,566.9713229521994,60182500
2024-11-01,562.5186767578125,566.9613862407599,562.104961011153,562.7945273384946,45667500
2024-11-04,561.3070678710938,563.9569290343258,559.4157357037399,562.6566193804057,38217000
2024-11-05,568.0943603515625,568.1337418174742,562.0065869653796,562.2232752144567,39478300
2024-11-06,582.2203369140625,583.0970705492409,576.6546836514896,580.4078275075276,68182000
2024-11-07,586.72216796875,587.7466873497708,584.1511293671531,584.2299524251648,47233200
2024-11-08,589.263671875,590.6920466620936,587.2737955457643,587.2737955457643,46444900
2024-11-11,589.8251342773438,591.214067381988,588.0913879024889,590.8594538392326,37586800
2024-11-12,587.9928588867188,590.3471487178498,585.5005836337616,589.7462657959629,43006100
2024-11-13,588.2785034179688,590.2880401081766,586.0817995759008,588.4558101737783,47388600
2024-11-14,584.495849609375,588.8893179492193,583.8063432948493,588.4066394793019,38904100
2024-11-15,577.0092163085938,581.3928237454572,575.1474051756758,580.9199456029655,75988800
2024-11-18,579.3734741210938,580.6934445713057,576.6054081851684,577.4722212479682,37001700
2024-11-19,581.4913330078125,582.2202808592402,575.3149369393851,575.9847825359503,49412000
2024-11-20,581.6884155273438,581.9740664321081,575.9060139035164,581.5702110064499,50032600
2024-11-21,584.8110961914062,586.2394709664421,578.6839413917952,584.5451660811236,46750300
2024-11-22,586.6236572265625,587.2541214128702,584.2988881794737,584.8012273246769,38226400
2024-11-25,588.6134643554688,591.8937295695996,586.3182166457023,590.5737592167452,42441400
2024-11-26,591.6869506835938,592.3567963116076,589.1454333564441,589.8645208450938,45621300
2024-11-27,589.8941040039062,591.8839201005825,588.3672455728715,591.4997854868443,34000200
2024-11-29,593.55859375,594.3466439350991,590.4359140778026,590.7117045866185,30177400
2024-12-02,594.6224365234375,595.3021425181648,593.4797127608734,593.9722515940274,31746000
2024-12-03,594.8982543945312,595.1445238224464,593.3517352966707,594.3860548690404,26906600
2024-12-04,598.5922241210938,598.8384935195138,595.9227023218134,596.5925478705923,42787600
2024-12-05,597.6072387695312,599.4000874816838,597.2526252109184,598.5923165152608,28762200
2024-12-06,598.7400512695312,599.9812587434141,597.9618615614095,598.3755773445807,31241500
2024-12-09,595.65673828125,598.7892779517493,595.0657157488416,598.6218315882949,34742700
2024-12-10,593.8048095703125,596.7600425908593,593.1448243638806,596.3364664061719,37234500
2024-12-11,598.3953247070312,599.3508212217944,596.4645507592219,596.7404013764967,28677700
2024-12-12,595.31201171875,598.0997382660831,595.31201171875,597.5284365007215,31543800
2024-12-13,595.1937866210938,598.0701965149426,593.8146538658189,597.3511090725724,35904700
2024-12-16,597.7352905273438,598.7105679786196,596.1789110129041,596.9571007701239,43695200
2024-12-17,595.2726440429688,596.1395173197234,593.8935711931338,595.1741603124011,55773500
2024-12-18,577.5313720703125,597.3609304879477,577.1471773446116,594.9671989364094,108248700
2024-12-19,577.3540649414062,584.15112569827,577.1077954954964,582.5355837032507,85919500
2024-12-20,584.2886352539062,588.8352196171104,574.1674387147792,575.0175026728227,125716700
2024-12-23,587.7875366210938,588.3904419763173,580.8391036798633,584.0316546408188,57635800
2024-12-24,594.32080078125,594.3603751171399,588.5584517113257,589.1416302251183,33160100
2024-12-26,594.3603515625,595.4870738828115,591.1381803052061,592.5416816588521,41219100
2024-12-27,588.1038208007812,590.8416891446476,583.9031498920888,590.6044241129971,64969300
2024-12-30,581.392578125,584.8717412480703,577.6268027117767,581.066451827259,56578800
2024-12-31,579.2774047851562,583.7844745956663,577.6366385699235,583.0629066605094,57052700
2025-01-02,577.854248046875,584.2689106302623,573.7622854859229,582.5491160159673,50204000
2025-01-03,585.079345703125,585.7217650639146,579.6233961313516,580.7106648081768,37888500
2025-01-06,588.4497680664062,592.7394211491448,586.7101863614566,589.3492396720658,47679400
2025-01-07,581.7979125976562,590.8120540414599,579.9694092503468,590.4858673836275,60393100
2025-01-08,582.6478271484375,583.7252021495292,578.4076425523384,581.867018332763,47304700
2025-01-10,573.7522583007812,579.1489059430921,571.8347734163021,579.0797111920303,73105000
2025-01-13,574.6419067382812,574.9977137931114,568.6719735158341,569.0871420731995,47910100
2025-01-14,575.4326171875,578.2099995586356,571.6371609030458,577.5774134567713,48420600
2025-01-15,585.8997192382812,587.0462287462195,582.3612548768964,583.4781439602939,56900200
2025-01-16,584.7730102539062,587.451517413423,584.0712293127654,587.2736138635712,43319700
2025-01-17,590.6439819335938,592.4032903303786,588.6968161028142,590.0311830207747,58070600
2025-01-21,596.0504760742188,596.0603696579795,591.7213092581105,593.6980955549004,42532900
2025-01-22,599.401123046875,600.7651103716523,598.3336415912388,598.887139322545,48196000
2025-01-23,602.6727294921875,602.6727294921875,598.4918457286775,598.7685644436611,41152100
2025-01-24,600.913330078125,603.6907726306447,599.7569270310084,602.7319999441287,34604700
2025-01-27,592.4132080078125,592.7295010606359,587.7381276298589,587.9061375768574,70361100
2025-01-28,597.50341796875,598.3435279756633,590.3177808049226,593.6486607361097,44433300
2025-01-29,594.8248291015625,597.1179082556828,592.2648645148614,596.7126333153398,37177400
2025-01-30,598.017333984375,599.5592247930683,593.747468592595,596.9499128814751,39281300
2025-01-31,594.8347778320312,602.880312619884,594.0736957955036,600.4488437325783,66566900
2025-02-03,590.8317260742188,593.3224355096802,583.6361957953392,585.7908853805931,65857200
2025-02-04,594.7952270507812,595.3091504392034,590.3474581129256,590.8910622510958,33457800
2025-02-05,597.2068481445312,597.35513123978,591.6323569254649,593.668444292325,30653100
2025-02-06,599.2825317382812,599.4110276717307,595.6353586638426,598.9563451128535,35771500
2025-02-07,593.7969970703125,601.0715564826635,593.0853226024016,599.8459585772572,50788500
2025-02-10,597.8295288085938,598.4720084396736,595.7440338934362,597.0190995725444,26048700
2025-02-11,598.2842407226562,598.8278448766438,595.4376636934635,595.5562660424524,30056700
2025-02-12,596.3568725585938,597.5330628123784,591.5631899435128,592.2451836255683,45076100
2025-02-13,602.6528930664062,602.8604773307252,596.1987176270893,597.4638293989674,40921300
2025-02-14,602.6233520507812,603.8983575737363,602.0006595024992,602.8605567688442,26910400
2025-02-18,604.3925170898438,604.3925170898438,601.3186288745633,603.7896117473091,26749000
2025-02-19,605.8157958984375,606.1123017730542,602.4849158656623,602.9988995994843,31011100
2025-02-20,603.29541015625,604.5803091740476,599.9744236813096,604.4419196559093,36554000
2025-02-21,592.9765625,603.216300601011,592.5119863702242,603.0779110877393,76519800
2025-02-24,590.2783203125,596.0307759330515,589.5666458438759,595.0324891561768,50737200
2025-02-25,587.3427734375,590.9504327968516,582.7171004383193,590.2190314712642,58266500
2025-02-26,587.63916015625,592.620699550235,584.9902741209554,589.0130409225576,43321600
2025-02-27,578.2593383789062,591.0788275306367,577.864017357305,589.9223642338113,74196700
2025-02-28,587.2835083007812,587.8172189511107,575.6797809164046,578.7635631051176,88744100
2025-03-03,576.9942626953125,590.4067643806418,573.1691862018861,589.2601945949107,74249200
2025-03-04,570.1644287109375,578.5954508037184,565.6079510021611,572.9813852396189,109648200
2025-03-05,576.29248046875,578.0913631561872,566.4283366011412,569.9964212260836,71230500
2025-03-06,566.0626220703125,573.4359958315716,563.5026574515875,568.800429877349,80094900
2025-03-07,569.2352905273438,570.6882596349558,559.0647480809484,564.2735985948641,81158800
2025-03-10,554.073486328125,562.9294509409499,549.1414138289008,561.0021324297065,99326600
2025-03-11,549.4674682617188,557.473488465779,545.612771416854,552.907117228081,88102100
2025-03-12,552.38330078125,556.5740782812179,547.2634312637055,555.6449862636414,69588200
2025-03-13,545.0197143554688,552.6204598197313,543.2999199883595,552.0076609148241,74079400
2025-03-14,556.2775268554688,557.2857071377122,545.0889095501292,549.655280917059,62660300
2025-03-17,560.567138671875,563.0974224498057,555.8228038023716,556.2576991545186,49008700
2025-03-18,554.50830078125,558.4618730708418,552.5710286417288,558.2443952250169,66041400
2025-03-19,560.54736328125,564.3230320254004,555.1112014285828,556.2972851708735,66556000
2025-03-20,558.9264526367188,563.9475069089323,556.0699818531248,556.7915499004863,62958200
2025-03-21,559.1107788085938,560.0129560782987,553.2121973894178,554.4514053360011,83763000
2025-03-24,569.1236572265625,570.1844265679264,565.2771506364932,565.8719462913679,58766800
2025-03-25,570.49169921875,571.4334488408351,568.7369614238087,570.3330467188074,38355700
2025-03-26,563.6810913085938,571.3542581528293,562.293154038674,570.2240858480267,51848300
2025-03-27,562.1841430664062,565.971170433539,560.0626041917773,562.2832555151155,42164200
2025-03-28,550.8626708984375,561.3811152230641,550.2777985606353,560.6475137101825,71662700
2025-03-31,554.5604858398438,555.869096797962,542.1485586831927,545.0830251203251,95328200
2025-04-01,556.1268310546875,558.0798545049701,548.8997911229003,552.6372621541935,54609600
2025-04-02,559.6461791992188,562.5211054527999,550.019989677278,550.2579079318416,76014500
2025-04-03,532.06640625,543.2390654249921,532.06640625,540.4037717910755,125986000
2025-04-04,500.9176330566406,521.3298644038904,500.69953122991006,519.1488461365848,217965100
2025-04-07,500.0254211425781,518.6531751879934,477.64034947944,484.966562158496,256611400
2025-04-08,492.193603515625,520.4475157965463,484.93679417196097,517.3544574544211,165816600
2025-04-09,543.8834838867188,543.8834838867188,488.7932402716448,489.17988772825765,241867300
2025-04-10,520.0509643554688,528.8939350431352,504.92270453590345,527.5754008869551,162331200
2025-04-11,529.3301391601562,531.7986316335475,515.5798930426869,518.4945124649533,97866300
2025-04-14,534.4654541015625,539.580938661594,529.2508571038156,539.3528832417228,68034000
2025-04-15,532.968505859375,538.5399805011373,532.1754247962592,535.0107183382963,56892900
2025-04-16,521.1216430664062,533.2460954669957,515.7980102587055,527.0896882471153,83484800
2025-04-17,521.8651733398438,526.5840872057769,519.3867572764926,523.0845951885916,79868100
2025-04-21,509.44342041015625,517.1959136790683,504.07020068364903,516.6605370453387,69368100
2025-04-22,522.6979370117188,524.7302260402327,514.7075262081219,515.6493363944684,75948100
2025-04-23,530.79736328125,540.7209502963145,529.2706808590098,535.7641184612734,90590700
2025-04-24,541.9701538085938,542.7037553366079,530.8272040401201,532.086198348384,64150400
2025-04-25,545.885986328125,546.2924199116221,538.9959780328687,541.9304442378503,61119600
2025-04-28,546.0941772460938,548.770878725811,540.3145544882295,546.6295538469604,47613800
2025-04-29,549.5342407226562,550.6544896169489,543.8140371215516,544.1709145104755,47775100
2025-04-30,549.7523193359375,551.7152660165827,536.8447695388113,542.8425243498715,93101500
2025-05-01,553.6483154296875,559.2000030839217,553.0435965011045,555.5319356264844,63186100
2025-05-02,561.8668212890625,563.4728299899488,557.52463168794,559.8543184862792,60717300
2025-05-05,558.6448974609375,561.7578025218996,556.850526672483,557.7130106117388,38659200
2025-05-06,553.9755249023438,558.486229861133,552.151444635027,553.1130409863903,48264700
2025-05-07,556.3052978515625,558.9522292842823,551.239369394788,555.3139314189718,55588000
2025-05-08,560.1815185546875,565.3861923682981,556.850541835946,560.3599572530266,65130800
2025-05-09,559.4677734375,562.6004648206437,557.9013974918248,561.5892516710271,37603400
2025-05-12,577.9567260742188,577.9666494201874,572.0580835025086,576.4498296839446,78993600
2025-05-13,581.7734985351562,583.9941496422729,577.8080328415324,578.3730584556538,67947200
2025-05-14,582.5170288085938,583.8949821637985,580.4846792150129,582.7351003798474,66283500
2025-05-15,585.3622436523438,585.8677897044162,580.0484736048338,580.5045239452851,71268100
2025-05-16,589.0699462890625,589.3673441171694,584.1924403834937,586.1454032115668,76052100
2025-05-19,589.7142944335938,590.3983396880136,583.0225710566098,583.0225710566098,68168500
2025-05-20,587.7315673828125,588.9212192076606,584.5096264657933,587.9695461543464,60614500
2025-05-21,577.8278198242188,587.4639329373288,576.7968205254032,583.3596614167781,95197700
2025-05-22,578.055908203125,581.5554004178355,576.3903592673228,577.6295673689441,70860400
2025-05-23,574.1101684570312,576.7868697784111,570.6304627900578,571.0071868542327,76029000
2025-05-27,586.0463256835938,586.2049176986301,573.4361124467979,581.0101669642168,72588500
2025-05-28,582.65576171875,587.6522871583933,581.9221602554891,586.452712017421,68445500
2025-05-29,584.9557495117188,588.0785779673218,581.0101304856973,587.9397721452495,69973300
2025-05-30,584.3014526367188,586.026420478472,578.2045251191539,583.8454023131852,90601200
2025-06-02,587.5928955078125,587.6721612666921,580.0089171212081,582.6856189346104,61630500
2025-06-03,590.943603515625,591.9250465362925,586.740159298439,587.2259796444896,63606200
2025-06-04,590.7850341796875,592.7876138828078,590.3488304970734,591.8061707239787,57314200
2025-06-05,587.9298095703125,593.8284515327539,585.9470768439928,592.4702844558809,92278700
2025-06-06,593.96728515625,595.6426968087642,591.7069406984755,593.4913881340742,66588700
2025-06-09,594.5026245117188,596.0590770966814,593.322896017802,594.5422573867003,53016400
2025-06-10,597.873291015625,598.2598779419187,593.9177485918233,595.0379370041686,66247000
2025-06-11,596.1680908203125,599.8361586452579,594.0961689044454,598.9736747077318,73658200
2025-06-12,598.5374755859375,598.5374755859375,594.3440149953893,594.8297748594797,64129000
2025-06-13,591.8457641601562,596.6538671866508,590.338867810054,593.3328138188501,89506000
2025-06-16,597.4767456054688,599.2314836456252,595.0379622706928,595.2164614851225,79984100
2025-06-17,592.3712158203125,596.5547531382241,591.6078443016146,595.0280706090336,82209400
2025-06-18,592.281982421875,596.0293161899417,591.3203254879343,593.2733488854554,76605000
2025-06-20,590.8909912109375,596.0414436168163,589.4790454395113,594.9675856083323,94051400
2025-06-23,596.7274780273438,597.1152078061239,588.5145735944315,591.6465733053511,87426000
2025-06-24,603.3196411132812,604.3834856367664,599.9688039561656,600.8836010096178,67735300
2025-06-25,603.65771484375,605.1392079707367,602.086708265907,604.4431877891288,62114800
2025-06-26,608.380615234375,608.8181084243395,604.9005750782753,605.517034479532,78548400
2025-06-27,611.4032592773438,612.8748603878714,607.3465704310272,609.3848675360332,86258400
2025-06-30,614.3264770507812,615.6886593072754,611.5325044540273,613.8591865146053,92502500
2025-07-01,614.127685546875,615.3009489521946,612.0098276707645,612.8450033281383,70030100
2025-07-02,616.9117431640625,616.9514932068568,613.0936150077308,613.7200271324969,66510400
2025-07-03,621.7738647460938,622.7085065821568,618.8804257837007,618.9003311484321,51065800
2025-07-07,617.1403198242188,620.4712515380828,614.3463473867639,619.8050287830624,74814500
2025-07-08,616.8023681640625,618.5622329876766,615.9870371559156,617.8065573856337,59024600
2025-07-09,620.5010986328125,621.1573080723725,617.3690382262929,619.2184771119485,66113300
2025-07-10,622.2510375976562,623.2950374474425,619.4570650879599,620.6402811009391,57529000
2025-07-11,620.0636596679688,621.2965785748338,617.9856123550688,619.1886732139827,63670200
2025-07-14,621.246826171875,621.5948059142781,618.2539819137044,619.6062115300674,51898500
2025-07-15,618.592041015625,624.2793915612978,618.5124802515571,623.9413645164026,74317300
2025-07-16,620.66015625,621.1672575214722,614.5253596449445,620.1829130237127,88987500
2025-07-17,624.4583740234375,624.8163671275224,620.6204015046147,620.8391784397268,68885700
2025-07-18,624.0010375976562,625.8802131347736,622.8874296174818,625.7111996075373,65621600
2025-07-21,625.1842651367188,627.9384270926762,624.7567246264017,625.1842651367188,63375000
2025-07-22,625.2737426757812,626.1387764125508,622.6189860590433,625.5123643014988,60046300
2025-07-23,630.5932006835938,630.5932006835938,626.138708302101,627.9483363497261,70511000
2025-07-24,630.802001953125,632.5221773472229,630.3744614468128,630.9809681636451,71307100
2025-07-25,633.4667358398438,633.9440397736063,631.2196750953526,631.4682494008442,56865400
2025-07-28,633.3076782226562,634.4013808975731,631.9156378299562,633.8445768779104,54917100
2025-07-29,631.6372680664062,635.0277949185313,630.722531607152,634.7096125224674,60556300
2025-07-30,630.841796875,634.0434045947875,627.9384054781906,632.2934318863223,80418900
2025-07-31,628.475341796875,636.200989166749,627.1728149946817,635.8132594113927,103385200
2025-08-01,618.1743774414062,622.7680859762785,615.7582427178595,622.7282752516747,140103600
2025-08-04,627.570556640625,627.6202593639928,622.0124691896333,622.1019219542782,73218000
2025-08-05,624.3887939453125,629.0023475949919,623.464104816374,628.187016594973,68051400
2025-08-06,629.17138671875,629.8275961427472,624.5478806448895,625.462617040701,64357500
2025-08-07,628.6444091796875,633.3474155493337,625.5223013845391,632.6116453260242,74205800
2025-08-08,633.5462646484375,634.0136158764692,630.125879949944,630.4440623273716,64051600
2025-08-11,632.29345703125,635.3062066703783,631.0406328520911,633.824713555593,58742300
2025-08-12,639.0248413085938,639.1839021511607,633.1584638161933,634.6499095494731,64730800
2025-08-13,641.2123413085938,642.5049155421342,639.0149226306152,641.2321859855442,60092800
2025-08-14,641.27197265625,641.9381347685223,638.6768716045066,639.1242567818475,59327500
2025-08-15,639.7705688476562,642.4054806038605,638.8558324502803,642.3060144753327,68592500
2025-08-18,639.6314086914062,640.3274289037191,638.5178006265407,639.1939154739885,43804900
2025-08-19,636.1612548828125,640.4367204754008,634.8388226855677,639.4523760102862,69750700
2025-08-20,634.470947265625,636.0120957287904,629.3404006137462,635.7536294439067,88890300
2025-08-21,631.9255981445312,634.3317804706619,630.195530658508,632.6514763962614,54805800
2025-08-22,641.6299438476562,642.8131599802851,633.6159105915494,634.1230118894028,84083200
2025-08-25,638.8060913085938,641.6100166878209,638.686780499868,640.3671451910226,51274300
2025-08-26,641.4807739257812,641.8288143683822,637.9112808564007,638.5376929659955,51581600
2025-08-27,642.9423828125,643.6781530071313,640.7449642231398,640.8941330732226,48341100
2025-08-28,645.2192993164062,645.7761033013204,641.6597591604225,643.548887361664,61519500
2025-08-29,641.3713989257812,644.1455269630451,639.472317969575,643.777581165663,74522200
2025-09-02,636.6187133789062,636.8374296419402,631.2991867317828,633.8644906037873,81983500
2025-09-03,640.06884765625,640.5361988813526,636.8075845104526,639.0049424066366,70820900
2025-09-04,645.418212890625,645.4480709373178,639.8402199968853,640.7450037735979,65219200
2025-09-05,643.5488891601562,648.4905776412766,639.6612139364762,647.7646994415851,85178900
2025-09-08,645.1298828125,646.1341327155172,643.5389708468488,644.9210585487652,63133100
2025-09-09,646.6212768554688,647.148222783044,643.5289666240282,645.2689866211995,66133900
2025-09-10,648.4905395507812,650.817160801947,646.9195331255914,649.8924717726807,78034500
2025-09-11,653.8796997070312,654.5757199134183,649.8627606991871,650.4493620868353,69934400
2025-09-12,653.6608276367188,655.351144838518,653.1537870945498,653.8497465125743,72780100
2025-09-15,657.1409301757812,657.2701936656516,655.5799369896564,655.8782140097094,63772400
2025-09-16,656.2361450195312,658.0060231465056,655.450672087237,657.6977327581834,61169000
2025-09-17,655.4208374023438,657.9463305061431,650.5686620900484,656.2461210913638,101952200
2025-09-18,658.4832153320312,661.098221592467,656.504573788396,658.1153302554297,90459200
2025-09-19,661.74462890625,662.5921003065068,658.4244226642126,660.3786700487054,97945600
2025-09-22,664.8753662109375,665.3239917254978,660.2190812650523,660.2490220888672,69452200
2025-09-23,661.256103515625,665.3739407705357,660.0296859026699,664.7557113987294,81708900
2025-09-24,659.1522216796875,662.6518901422049,657.7264420940938,662.5522091075384,68082200
2025-09-25,656.1112670898438,657.4672457066506,652.4819765077987,656.0016057727498,89622100
2025-09-26,659.8701782226562,660.4185456623683,655.9417836675868,657.5669862915963,69179200
2025-09-29,661.7246704101562,663.3199930316334,659.9100251593522,662.4026597035332,73499000
2025-09-30,664.21728515625,664.6859320813617,659.6607420426623,660.976860345401,86288000
2025-10-01,666.4806518554688,667.3979243492374,661.1065170498754,661.2161783670498,72545400
2025-10-02,667.248291015625,668.5943501107935,664.8155382515555,668.4747085274895,56896000
2025-10-03,667.2384033203125,670.6981508367895,666.1914481336265,668.0160736487628,70494400
2025-10-06,669.6312866210938,670.5286593813627,667.4876574687494,669.6412668959266,54623300
2025-10-07,667.1486206054688,671.0072138668005,665.7028804529681,670.5585274945992,72020100
2025-10-08,671.1268920898438,671.2266339865188,667.4477610054765,668.2753327277967,60702200
2025-10-09,669.1826171875,671.9544560264949,667.2384109165724,671.5456907353398,66501900
2025-10-10,651.0960693359375,671.9643973425017,650.9166069608107,670.1497521868876,159422600
2025-10-13,661.0865478515625,663.170417127303,657.8262232173948,658.7036354539871,79560500
2025-10-14,660.2789306640625,663.8683609233883,651.2456255038628,655.2338407773344,88779600
2025-10-15,663.2102661132812,668.2553559603689,656.988660072404,664.855429242796,81702600
2025-10-16,658.6936645507812,666.7398963555108,655.1740352792065,664.8554499895176,110563300
2025-10-17,662.4326171875,663.7985760836355,656.2010306703355,657.5570092911896,96500900
2025-10-20,669.3222045898438,670.2295576279439,665.3041094156895,665.3539499346838,60493400
2025-10-21,669.3121948242188,671.0071983826805,668.0060568363804,669.4617772299453,56249000
2025-10-22,665.83251953125,670.0201576878661,661.3457774038759,670.0201576878661,80564000
2025-10-23,669.7808837890625,670.7280970890292,665.8325287543602,666.1515932793667,65604500
2025-10-24,675.2546997070312,676.4710761570719,673.6594379369009,674.4670490970213,74356500
2025-10-27,683.2211303710938,683.5202343374859,680.1103274099472,680.7185156175003,63339800
2025-10-28,685.0357666015625,686.8802917495992,682.8123561492805,685.0257863269245,61738100
2025-10-29,685.3648071289062,687.6679989086465,680.8581046045199,686.6908448301914,85657100
2025-10-30,677.8270874023438,683.919071384824,677.8270874023438,681.8851035842282,76335800
2025-10-31,680.050537109375,683.0616591685175,677.2388379885472,683.0217380676526,87164100
2025-11-03,681.3267822265625,683.7794956694769,677.9367749059246,683.6498738048132,57315000
2025-11-04,673.2506103515625,677.9567360174515,672.5925816080086,674.1180423048241,78427000
2025-11-05,675.583740234375,678.8540450990596,672.1837526501265,672.9913638051393,74402400
2025-11-06,668.3351440429688,675.384321857154,666.7498016918889,674.4769688014325,85035300
2025-11-07,668.9931640625,669.1028862313885,659.2619700189845,665.9421818455136,100592400
2025-11-10,679.432373046875,680.1701831536659,673.0412846911101,675.2447347362015,75842900
2025-11-11,680.9877319335938,681.5560598909952,676.7302928180768,677.9467300747958,58953400
2025-11-12,681.3666381835938,682.9420002443612,678.9438047256676,682.7724572806613,62312500
2025-11-13,670.0599975585938,678.8540191634994,668.5445172010542,678.4950944095032,103457800
2025-11-14,669.9503784179688,673.669369761962,661.3159189526839,663.4196879466924,96846700
2025-11-17,663.7088012695312,671.7251529532939,660.2191128892804,667.7269573864955,90456100
2025-11-18,658.1353149414062,663.1604443809363,653.9277160969795,660.1493223141129,114467500
2025-11-19,660.6777954101562,665.3739409367662,656.8092216159307,658.8332701356088,94703000
2025-11-20,650.6075439453125,673.5696612658603,649.969414909385,670.9274443593279,165293500
2025-11-21,657.08837890625,662.5920743656175,648.9324254696204,653.1200634979649,123956200
2025-11-24,666.759765625,668.0858642133718,659.6408477705503,660.7375826041805,80437900
2025-11-25,673.03125,674.2177464111714,662.5222643995295,666.6600618545837,81077100
2025-11-26,677.6775512695312,679.6916195137131,674.7262499751725,675.6336030547216,71879600
2025-11-28,681.3765869140625,681.6557303234264,678.4950869285864,678.8540116786253,49212000
2025-12-01,678.2658081054688,680.9777652313311,676.7402865806703,676.8100876493213,61201200
2025-12-02,679.5220947265625,681.8053259843603,677.3285642303521,679.91089945233,62953800
2025-12-03,681.8751220703125,682.8920755410956,677.6874840363832,678.5648962284573,57238500
2025-12-04,682.3736572265625,683.3507504660292,679.3326553413237,683.2809493981625,61970300
2025-12-05,683.6697998046875,686.3618571461667,682.5630847287977,683.4504163312143,79241000
2025-12-08,681.6159057617188,684.6170474876437,679.5619773329797,684.5672069678625,55231500
2025-12-09,681.027587890625,683.3707007727439,680.5789623765876,681.1373100558188,58310100
2025-12-10,685.5443115234375,686.9401503769751,679.3027447895911,680.5490620813229,85671300
2025-12-11,687.1395263671875,687.2193077079016,680.1601500103427,683.1214313379483,86173700
2025-12-12,679.7514038085938,686.8504219479569,677.1690077077839,686.1424918468441,113160300
2025-12-15,678.7244262695312,683.7396361862291,677.2488060921288,683.7196756361553,90811000
2025-12-16,676.8699340820312,679.0734449717613,672.9913800472318,677.2288588584025,122030600
2025-12-17,669.4219360351562,678.4352803496147,669.2225131069573,677.8869129385677,110625200
2025-12-18,674.4769287109375,678.7343677454887,672.9116078583543,675.603604329658,108650100
2025-12-19,680.5900268554688,681.0900268554688,676.469970703125,676.5900268554688,103599500
2025-12-22,684.8300170898438,685.3599853515625,680.5900268554688,683.9400024414062,69556700
2025-12-23,687.9600219726562,688.2000122070312,683.8699951171875,683.9199829101562,64840000
2025-12-24,690.3800048828125,690.8300170898438,687.7999877929688,687.9500122070312,39445600
2025-12-26,690.3099975585938,691.6599731445312,689.27001953125,690.6400146484375,41613300
2025-12-29,687.8499755859375,689.2000122070312,686.0700073242188,687.5399780273438,62559500
2025-12-30,687.010009765625,688.5599975585938,686.5800170898438,687.4500122070312,47160700
2025-12-31,681.9199829101562,687.3599853515625,681.7100219726562,687.1400146484375,74144800
2026-01-02,683.1699829101562,686.8699951171875,679.8200073242188,685.7100219726562,89377200
2026-01-05,687.719970703125,689.4299926757812,686.3800048828125,686.5399780273438,71927200
2026-01-06,691.8099975585938,692.3200073242188,687.780029296875,687.9299926757812,69273800
2026-01-07,689.5800170898438,693.9600219726562,689.3200073242188,692.1900024414062,75588300
2026-01-08,689.510009765625,690.6199951171875,687.489990234375,688.8200073242188,64019200
2026-01-09,694.0700073242188,695.3099975585938,689.1799926757812,690.6300048828125,80125500
2026-01-12,695.1599731445312,696.0900268554688,690.6300048828125,690.6799926757812,63976000
2026-01-13,693.77001953125,696.0900268554688,691.3499755859375,695.489990234375,78309700
2026-01-14,690.3599853515625,691.719970703125,686.0399780273438,691.0,94676700
